
Title,Item ID,Price,Currency,Condition,Category,Seller,Feedback Score,Positive Feedback %,Top Rated Seller,Shipping Type,Shipping Cost,Listing Type,Buy It Now Available,Start Time,End Time,Store Name,Store URL,Gallery URL,Large Image URL,Super Size Image URL,View Item URL,Marketplace
Women's 925 Silver Crystal Christmas Tree Earrings Drop Dangle Jewelry Xmas 2024,156429880189,3.89,USD,New with tags,Earrings,theashing,61,96.9,false,Free,0.0,FixedPrice,false,2024-09-27 09:33:25,2024-11-27 10:33:25,501Si,http://stores.ebay.com/501Si,https://i.ebayimg.com/thumbs/images/g/FvYAAOSwq-Fm9nvk/s-l140.jpg,https://i.ebayimg.com/00/s/MTAyM1gxMDIz/z/FvYAAOSwq-Fm9nvk/$_1.JPG,https://i.ebayimg.com/00/s/MTAyM1gxMDIz/z/FvYAAOSwq-Fm9nvk/$_3.JPG,https://www.ebay.com/itm/Womens-925-Silver-Crystal-Christmas-Tree-Earrings-Drop-Dangle-Jewelry-Xmas-2024-/156429880189,EBAY-US
Fashion Christmas Tree Zircon Earrings Stud Dangle Xmas Party Jewelry Women Gift,186705844895,2.78,GBP,New with tags,Earrings,sunnyshow2015,38306,97.0,true,Free,0.0,FixedPrice,false,2024-09-28 08:43:49,2024-11-28 09:43:49,sunnyshow2015,http://stores.ebay.com/sunnyshow2015,https://i.ebayimg.com/thumbs/images/g/kNMAAOSwPo5m98Gu/s-l140.jpg,https://i.ebayimg.com/00/s/ODAwWDgwMA==/z/kNMAAOSwPo5m98Gu/$_1.JPG,https://i.ebayimg.com/00/s/ODAwWDgwMA==/z/kNMAAOSwPo5m98Gu/$_3.JPG,https://www.ebay.com/itm/Fashion-Christmas-Tree-Zircon-Earrings-Stud-Dangle-Xmas-Party-Jewelry-Women-Gift-/186705844895?var=0,EBAY-US
*NWT* Sugarfix By Baublebar Multicolored Lights Christmas Drop Earrings,375333415326,8.99,USD,New with tags,Earrings,resellingrusllc,2540,99.8,true,Free,0.0,FixedPrice,false,2024-03-29 15:00:01,2024-11-29 16:00:01,Reselling R Us LLC,http://stores.ebay.com/Reselling-R-Us-LLC,https://i.ebayimg.com/thumbs/images/g/fRcAAOSw4vBmAu-J/s-l140.jpg,https://i.ebayimg.com/00/s/MTQ0MFgxMDgw/z/fRcAAOSw4vBmAu-J/$_1.JPG,https://i.ebayimg.com/00/s/MTQ0MFgxMDgw/z/fRcAAOSw4vBmAu-J/$_3.JPG,https://www.ebay.com/itm/NWT-Sugarfix-Baublebar-Multicolored-Lights-Christmas-Drop-Earrings-/375333415326,EBAY-US
2024 Xmas 925 Silver Crystal Christmas Tree Earrings Drop Dangle Women Jewelry,186746830162,3.89,USD,New with tags,Earrings,catboutique,6867,98.4,true,Free,0.0,FixedPrice,false,2024-10-25 08:39:35,2024-11-25 09:39:35,Fany,http://stores.ebay.com/Fany,https://i.ebayimg.com/thumbs/images/g/TYwAAOSw3i9nG1kr/s-l140.jpg,https://i.ebayimg.com/00/s/NTAwWDUwMA==/z/TYwAAOSw3i9nG1kr/$_1.JPG,https://i.ebayimg.com/00/s/NTAwWDUwMA==/z/TYwAAOSw3i9nG1kr/$_3.JPG,https://www.ebay.com/itm/2024-Xmas-925-Silver-Crystal-Christmas-Tree-Earrings-Drop-Dangle-Women-Jewelry-/186746830162,EBAY-US
Bomb Party Holiday Stacks,226408760410,30.0,USD,New with tags,Bracelets & Charms,jasman99,419,100.0,false,Calculated,N/A,FixedPrice,false,2024-10-19 19:46:00,2024-11-19 20:46:00,N/A,N/A,https://i.ebayimg.com/thumbs/images/g/sR0AAOSw5AtnFAa9/s-l140.jpg,https://i.ebayimg.com/00/s/MTYwMFgxMjAw/z/sR0AAOSw5AtnFAa9/$_1.JPG,https://i.ebayimg.com/00/s/MTYwMFgxMjAw/z/sR0AAOSw5AtnFAa9/$_3.JPG,https://www.ebay.com/itm/Bomb-Party-Holiday-Stacks-/226408760410?var=525598130811,EBAY-US
Authentic Origami Owl Christmas Holiday Winter Hanukkah Charms New,315853137778,5.99,USD,New without tags,Bracelets & Charms,gracies_style,590,100.0,false,Free,0.0,FixedPrice,false,2024-10-15 19:28:53,2024-11-15 20:28:53,N/A,N/A,https://i.ebayimg.com/thumbs/images/g/IhoAAOSwKJlnDqpK/s-l140.jpg,https://i.ebayimg.com/00/s/MTYwMFgxMjAw/z/IhoAAOSwKJlnDqpK/$_1.JPG,https://i.ebayimg.com/00/s/MTYwMFgxMjAw/z/IhoAAOSwKJlnDqpK/$_3.JPG,https://www.ebay.com/itm/Authentic-Origami-Owl-Christmas-Holiday-Winter-Hanukkah-Charms-New-/315853137778?var=614315792221,EBAY-US
Santa On Dinosaur Earrings,375744842278,6.99,USD,New with tags,Earrings,nish-4582,16,100.0,false,Free,0.0,FixedPrice,false,2024-10-27 18:06:02,2024-11-27 19:06:02,N/A,N/A,https://i.ebayimg.com/thumbs/images/g/4xMAAOSwehZnHoC~/s-l140.jpg,https://i.ebayimg.com/00/s/OTM1WDExNzk=/z/4xMAAOSwehZnHoC~/$_1.JPG,https://i.ebayimg.com/00/s/OTM1WDExNzk=/z/4xMAAOSwehZnHoC~/$_3.JPG,https://www.ebay.com/itm/Santa-Dinosaur-Earrings-/375744842278,EBAY-US
Christmas Grinch Element Earrings Cute Cartoon Grin-ch Earrings Gift Earrings !!,226388042800,3.18,USD,New with tags,Earrings,lili567,912,94.6,false,Free,0.0,FixedPrice,false,2024-10-07 02:19:18,2024-11-07 03:19:18,lili567,http://stores.ebay.com/lili567,https://i.ebayimg.com/thumbs/images/g/7uUAAOSwXY5lJ7l~/s-l140.jpg,https://i.ebayimg.com/00/s/MTUwMFgxNTAw/z/7uUAAOSwXY5lJ7l~/$_1.JPG,https://i.ebayimg.com/00/s/MTUwMFgxNTAw/z/7uUAAOSwXY5lJ7l~/$_3.JPG,https://www.ebay.com/itm/Christmas-Grinch-Element-Earrings-Cute-Cartoon-Grin-ch-Earrings-Gift-Earrings-/226388042800?var=0,EBAY-US
Snowflake Vintage Style Crystal Rhinestone Christmas Brooch and Gold Bag - VIDEO,275595390780,11.49,USD,New with tags,Brooches & Pins,ferrando_treasures,6940,100.0,true,Free,0.0,FixedPrice,false,2022-12-27 16:09:19,2024-11-27 16:09:19,Ferrando Treasures,http://stores.ebay.com/Ferrando-Treasures,https://i.ebayimg.com/thumbs/images/g/kugAAOSwR1RjvU0E/s-l140.jpg,https://i.ebayimg.com/00/s/NTMyWDYwMg==/z/kugAAOSwR1RjvU0E/$_1.JPG,https://i.ebayimg.com/00/s/NTMyWDYwMg==/z/kugAAOSwR1RjvU0E/$_3.JPG,https://www.ebay.com/itm/Snowflake-Vintage-Style-Crystal-Rhinestone-Christmas-Brooch-and-Gold-Bag-VIDEO-/275595390780,EBAY-US
"Authentic Origami Owl ""Your Choice"" of Christmas Charms for Lockets ""New"" C 54",285992113439,4.95,USD,New without tags,Bracelets & Charms,chester0814,12021,100.0,true,Flat,4.4,FixedPrice,false,2024-08-03 02:07:24,2024-12-03 03:07:24,chester0814,http://stores.ebay.com/chester0814,https://i.ebayimg.com/thumbs/images/g/BOoAAOSwOSVmrY3k/s-l140.jpg,https://i.ebayimg.com/00/s/MTYwMFgxMjAw/z/BOoAAOSwOSVmrY3k/$_1.JPG,https://i.ebayimg.com/00/s/MTYwMFgxMjAw/z/BOoAAOSwOSVmrY3k/$_3.JPG,https://www.ebay.com/itm/Authentic-Origami-Owl-Your-Choice-Christmas-Charms-Lockets-New-C-54-/285992113439?var=588075155096,EBAY-US
Fashion Christmas Santa Claus Snowflake Pearl Crystal Bracelet Women Xmas Gift,395652749258,3.88,CAD,New with tags,Bracelets & Charms,wholesalejewelryer,154218,97.6,true,Free,0.0,FixedPrice,false,2024-09-06 02:05:43,2024-12-06 03:05:43,wholesalejewelryer,http://stores.ebay.com/wholesalejewelryer,https://i.ebayimg.com/thumbs/images/g/v7kAAOSwlIZm2mNc/s-l140.jpg,https://i.ebayimg.com/00/s/ODAwWDgwMA==/z/v7kAAOSwlIZm2mNc/$_1.JPG,https://i.ebayimg.com/00/s/ODAwWDgwMA==/z/v7kAAOSwlIZm2mNc/$_3.JPG,https://www.ebay.com/itm/Fashion-Christmas-Santa-Claus-Snowflake-Pearl-Crystal-Bracelet-Women-Xmas-Gift-/395652749258?var=0,EBAY-US
1Pair Fashionable Christmas Earrings Cute Snowman Drop/Dangle Design Ear Studs,395688445437,5.99,USD,New with tags,Earrings,savings_mart,450,98.9,false,Free,0.0,FixedPrice,false,2024-09-15 12:18:34,2024-11-15 13:18:34,N/A,N/A,https://i.ebayimg.com/thumbs/images/g/lmYAAOSwh0Vm5YPY/s-l140.jpg,https://i.ebayimg.com/00/s/MTAwMFgxMDAw/z/lmYAAOSwh0Vm5YPY/$_1.JPG,https://i.ebayimg.com/00/s/MTAwMFgxMDAw/z/lmYAAOSwh0Vm5YPY/$_3.JPG,https://www.ebay.com/itm/1Pair-Fashionable-Christmas-Earrings-Cute-Snowman-Drop-Dangle-Design-Ear-Studs-/395688445437,EBAY-US
Christmas Brooch Pin Crystal Santa Claus Enamel Tree Snowman Xmas Party Jewelry,393626059068,3.35,CAD,New with tags,Brooches & Pins,wholesalejewelryer,154197,97.6,true,Free,0.0,FixedPrice,false,2021-10-13 00:41:00,2024-11-13 01:41:00,wholesalejewelryer,http://stores.ebay.com/wholesalejewelryer,https://i.ebayimg.com/thumbs/images/g/YmcAAOSwo7VhbhdK/s-l140.jpg,https://i.ebayimg.com/00/s/ODAwWDgwMA==/z/YmcAAOSwo7VhbhdK/$_1.JPG,https://i.ebayimg.com/00/s/ODAwWDgwMA==/z/YmcAAOSwo7VhbhdK/$_3.JPG,https://www.ebay.com/itm/Christmas-Brooch-Pin-Crystal-Santa-Claus-Enamel-Tree-Snowman-Xmas-Party-Jewelry-/393626059068?var=662373353148,EBAY-US
Wholesale Enamel Christmas Snowflake Elk Earrings Drop Dangle Women Jewelry Xmas,126085831873,1.83,USD,New without tags,Earrings,us-hot-jewelry,25991,96.6,true,Free,0.0,FixedPrice,false,2023-09-09 07:38:17,2024-11-09 08:38:17,us-hot-jewelry,http://stores.ebay.com/us-hot-jewelry,https://i.ebayimg.com/thumbs/images/g/XvMAAOSw8-xk~CDN/s-l140.jpg,https://i.ebayimg.com/00/s/OTAwWDkwMA==/z/XvMAAOSw8-xk~CDN/$_1.JPG,https://i.ebayimg.com/00/s/OTAwWDkwMA==/z/XvMAAOSw8-xk~CDN/$_3.JPG,https://www.ebay.com/itm/Wholesale-Enamel-Christmas-Snowflake-Elk-Earrings-Drop-Dangle-Women-Jewelry-Xmas-/126085831873?var=0,EBAY-US
Christmas Brooch Badge Crystal Rhinestone Enamel Brooch Pin Xmas Tree Santa Gift,156464767059,1.76,AUD,New with tags,Brooches & Pins,catchid33,559,98.2,true,Free,0.0,FixedPrice,false,2024-10-18 02:55:18,2024-11-18 02:55:18,N/A,N/A,https://i.ebayimg.com/thumbs/images/g/iHQAAOSwgZRnEc0I/s-l140.jpg,https://i.ebayimg.com/00/s/ODAwWDgwMA==/z/iHQAAOSwgZRnEc0I/$_1.JPG,https://i.ebayimg.com/00/s/ODAwWDgwMA==/z/iHQAAOSwgZRnEc0I/$_3.JPG,https://www.ebay.com/itm/Christmas-Brooch-Badge-Crystal-Rhinestone-Enamel-Brooch-Pin-Xmas-Tree-Santa-Gift-/156464767059?var=0,EBAY-US
Party Earrings Christmas Tree Luminous Earrings  Light Up Bulb Earrings,315374732501,0.99,USD,New with tags,Earrings,chihyupi,512,92.2,false,Free,0.0,FixedPrice,false,2024-05-18 02:44:16,2024-11-18 03:44:16,chihyupi,http://stores.ebay.com/chihyupi,https://i.ebayimg.com/thumbs/images/g/YuUAAOSwnsNmOb~5/s-l140.jpg,https://i.ebayimg.com/00/s/MTYwMFgxNjAw/z/YuUAAOSwnsNmOb~5/$_1.JPG,https://i.ebayimg.com/00/s/MTYwMFgxNjAw/z/YuUAAOSwnsNmOb~5/$_3.JPG,https://www.ebay.com/itm/Party-Earrings-Christmas-Tree-Luminous-Earrings-Light-Up-Bulb-Earrings-/315374732501?var=0,EBAY-US
BUY 2 GET 1 FREE~CHRISTMAS DANGLE EARRINGS~925 STERLING SILVER HOOK~YOU PICK,384994518376,1.97,USD,New without tags,Earrings,unique_trinkets_trends_and_treasure,27230,99.4,false,Free,0.0,FixedPrice,false,2022-07-08 01:20:55,2024-11-08 02:20:55,Simply Charming Jewelry,http://stores.ebay.com/Simply-Charming-Jewelry,https://i.ebayimg.com/thumbs/images/g/H84AAOSw9mpZ~M0W/s-l140.jpg,https://i.ebayimg.com/00/s/MTAwMFgxNjAw/z/H84AAOSw9mpZ~M0W/$_1.JPG,https://i.ebayimg.com/00/s/MTAwMFgxNjAw/z/H84AAOSw9mpZ~M0W/$_3.JPG,https://www.ebay.com/itm/BUY-2-GET-1-FREE-CHRISTMAS-DANGLE-EARRINGS-925-STERLING-SILVER-HOOK-YOU-PICK-/384994518376?var=0,EBAY-US
New Napier Silver Tone Holiday Christmas Lights Bulbs Dangle Fashion Earrings,386741614718,8.99,USD,New with tags,Earrings,pjsdeals123,92328,99.8,true,Free,0.0,FixedPrice,false,2024-02-04 12:51:15,2024-12-04 12:51:15,pjsdeals123,http://stores.ebay.com/pjsdeals123,https://i.ebayimg.com/thumbs/images/g/K5gAAOSwxrxlv4gn/s-l140.jpg,https://i.ebayimg.com/00/s/NzIwWDk2MA==/z/K5gAAOSwxrxlv4gn/$_1.JPG,https://i.ebayimg.com/00/s/NzIwWDk2MA==/z/K5gAAOSwxrxlv4gn/$_3.JPG,https://www.ebay.com/itm/New-Napier-Silver-Tone-Holiday-Christmas-Lights-Bulbs-Dangle-Fashion-Earrings-/386741614718,EBAY-US
Keep Collective - Assorted Christmas Holiday Charms *Save $5 on 3,374954102359,8.0,USD,New without tags,Bracelets & Charms,delightyoursenses,12022,99.7,false,Free,0.0,FixedPrice,false,2023-09-27 18:12:10,2024-11-27 19:12:10,Delight Your Senses,http://stores.ebay.com/Delight-Your-Senses,https://i.ebayimg.com/thumbs/images/g/KoQAAOSwpbFlFdgG/s-l140.jpg,https://i.ebayimg.com/00/s/MTA0MVgxMTg2/z/KoQAAOSwpbFlFdgG/$_1.JPG,https://i.ebayimg.com/00/s/MTA0MVgxMTg2/z/KoQAAOSwpbFlFdgG/$_3.JPG,https://www.ebay.com/itm/Keep-Collective-Assorted-Christmas-Holiday-Charms-Save-5-3-/374954102359?var=0,EBAY-US
