
Title,Item ID,Price,Currency,Condition,Category,Seller,Feedback Score,Positive Feedback %,Top Rated Seller,Shipping Type,Shipping Cost,Listing Type,Buy It Now Available,Start Time,End Time,Store Name,Store URL,Gallery URL,Large Image URL,Super Size Image URL,View Item URL,Marketplace
A Charlie Brown Christmas,195887241105,5.88,USD,Good,DVDs & Blu-ray Discs,thrift.books,3734398,99.0,true,Free,0.0,FixedPrice,false,2023-07-18 02:23:57,2024-11-18 03:23:57,ThriftBooks,http://stores.ebay.com/ThriftBooks,https://i.ebayimg.com/thumbs/images/g/m-gAAOSwRaRZsTVh/s-l140.jpg,N/A,N/A,https://www.ebay.com/itm/Charlie-Brown-Christmas-/195887241105,EBAY-US
A Christmas Story Christmas DVD  NEW,126109480987,9.99,USD,Brand New,DVDs & Blu-ray Discs,gruv-entertainment,366318,99.6,true,Free,0.0,FixedPrice,false,2023-09-25 12:04:36,2024-11-25 13:04:36,GRUV Entertainment,http://stores.ebay.com/GRUV-Entertainment,https://i.ebayimg.com/thumbs/images/g/AJEAAOSw5gRnKcgf/s-l140.jpg,https://i.ebayimg.com/00/s/MTYwMFgxMTI2/z/AJEAAOSw5gRnKcgf/$_1.JPG,https://i.ebayimg.com/00/s/MTYwMFgxMTI2/z/AJEAAOSw5gRnKcgf/$_3.JPG,https://www.ebay.com/itm/Christmas-Story-Christmas-DVD-NEW-/126109480987,EBAY-US
Christmas blu ray lot,356230840169,37.0,USD,Like New,DVDs & Blu-ray Discs,lgm656,1398,100.0,false,Calculated,N/A,Auction,false,2024-11-06 15:50:48,2024-11-11 15:50:48,N/A,N/A,https://i.ebayimg.com/thumbs/images/g/K6YAAOSw9ulnK4bz/s-l140.jpg,https://i.ebayimg.com/00/s/MTYwMFgxNjAw/z/K6YAAOSw9ulnK4bz/$_1.JPG,https://i.ebayimg.com/00/s/MTYwMFgxNjAw/z/K6YAAOSw9ulnK4bz/$_3.JPG,https://www.ebay.com/itm/Christmas-blu-ray-lot-/356230840169,EBAY-US
A Christmas Story DVD,196139683156,5.54,USD,Very Good,DVDs & Blu-ray Discs,decluttr_store,3643967,99.1,true,Free,0.0,FixedPrice,false,2023-12-18 15:27:33,2024-11-18 15:27:33,estocks_usa,http://stores.ebay.com/estocks-usa,https://i.ebayimg.com/thumbs/images/g/WXsAAOSwB-1YpD1G/s-l140.jpg,N/A,N/A,https://www.ebay.com/itm/Christmas-Story-DVD-/196139683156,EBAY-US
12 Dates of Christmas DVD 2011 NEW SEALED,275505508543,14.99,USD,Brand New,DVDs & Blu-ray Discs,lifevibez,3161,99.7,true,Flat,4.99,FixedPrice,false,2022-10-19 02:17:03,2024-11-19 03:17:03,N/A,N/A,https://i.ebayimg.com/thumbs/images/g/Lw0AAOSwo9FjT1yt/s-l140.jpg,https://i.ebayimg.com/00/s/ODUwWDg1MA==/z/Lw0AAOSwo9FjT1yt/$_1.JPG,https://i.ebayimg.com/00/s/ODUwWDg1MA==/z/Lw0AAOSwo9FjT1yt/$_3.JPG,https://www.ebay.com/itm/12-Dates-Christmas-DVD-2011-NEW-SEALED-/275505508543,EBAY-US
The Christmas Chronicles 1 and 2 DVD Movie Set New Free USA Shipping,395776839687,25.99,USD,Brand New,DVDs & Blu-ray Discs,irbai63,11,92.3,false,Free,0.0,FixedPrice,false,2024-10-09 08:15:23,2024-11-09 03:14:38,N/A,N/A,https://i.ebayimg.com/thumbs/images/g/LU4AAOSw4HNnATbF/s-l140.jpg,https://i.ebayimg.com/00/s/MTEwN1g4MDE=/z/LU4AAOSw4HNnATbF/$_1.JPG,https://i.ebayimg.com/00/s/MTEwN1g4MDE=/z/LU4AAOSw4HNnATbF/$_3.JPG,https://www.ebay.com/itm/Christmas-Chronicles-1-and-2-DVD-Movie-Set-New-Free-USA-Shipping-/395776839687,EBAY-US
"Christmas Fireplace (DVD, 2013)",405330414044,4.49,USD,Brand New,DVDs & Blu-ray Discs,ebusin-97,990,99.8,false,Free,0.0,FixedPrice,false,2024-11-06 03:26:01,2024-12-06 03:26:01,Worldwide Shopping Mall Center,http://stores.ebay.com/Worldwide-Shopping-Mall-Center,https://i.ebayimg.com/thumbs/images/g/3NMAAOSwtnpXn6Bb/s-l140.jpg,N/A,N/A,https://www.ebay.com/itm/Christmas-Fireplace-DVD-2013-/405330414044,EBAY-US
8-Bit Christmas DVD June Diane Raphael NEW,125958500045,8.99,USD,Brand New,DVDs & Blu-ray Discs,gruv-entertainment,366323,99.6,true,Free,0.0,FixedPrice,false,2023-06-01 13:25:20,2024-12-01 14:25:20,GRUV Entertainment,http://stores.ebay.com/GRUV-Entertainment,https://i.ebayimg.com/thumbs/images/g/qWMAAOSwGW5nKb48/s-l140.jpg,https://i.ebayimg.com/00/s/MTYwMFgxMTIy/z/qWMAAOSwGW5nKb48/$_1.JPG,https://i.ebayimg.com/00/s/MTYwMFgxMTIy/z/qWMAAOSwGW5nKb48/$_3.JPG,https://www.ebay.com/itm/8-Bit-Christmas-DVD-June-Diane-Raphael-NEW-/125958500045,EBAY-US
National Lampoon's Christmas Vacation (Special Edition) - DVD - VERY GOOD,256478349021,4.67,USD,Very Good,DVDs & Blu-ray Discs,second.sale,3661125,98.4,false,Free,0.0,FixedPrice,false,2024-04-13 06:06:11,2024-11-13 07:06:11,SecondSalecom,http://stores.ebay.com/SecondSalecom,https://i.ebayimg.com/thumbs/images/g/uKEAAOSwEyFmGiGZ/s-l140.jpg,https://i.ebayimg.com/00/s/NTAwWDM1Mg==/z/uKEAAOSwEyFmGiGZ/$_1.JPG,https://i.ebayimg.com/00/s/NTAwWDM1Mg==/z/uKEAAOSwEyFmGiGZ/$_3.JPG,https://www.ebay.com/itm/National-Lampoons-Christmas-Vacation-Special-Edition-DVD-VERY-GOOD-/256478349021,EBAY-US
A Christmas Story / A Christmas Story Christmas DVD  NEW,126634874014,14.99,USD,Brand New,DVDs & Blu-ray Discs,gruv-entertainment,366213,99.6,true,Free,0.0,FixedPrice,false,2024-08-20 11:01:57,2024-11-20 12:01:57,GRUV Entertainment,http://stores.ebay.com/GRUV-Entertainment,https://i.ebayimg.com/thumbs/images/g/-3YAAOSwsEZnKc2I/s-l140.jpg,https://i.ebayimg.com/00/s/MTYwMFgxMTM2/z/-3YAAOSwsEZnKc2I/$_1.JPG,https://i.ebayimg.com/00/s/MTYwMFgxMTM2/z/-3YAAOSwsEZnKc2I/$_3.JPG,https://www.ebay.com/itm/Christmas-Story-Christmas-Story-Christmas-DVD-NEW-/126634874014,EBAY-US
Christmas Family Themed DVDs Home Alone 2 Blizzard Santa Clause 2,176667029234,15.6,USD,Very Good,DVDs & Blu-ray Discs,jensmedia92,17237,96.4,false,Free,0.0,FixedPrice,false,2024-11-06 15:51:22,2024-12-06 15:51:22,jensmedia92,http://stores.ebay.com/jensmedia92,https://i.ebayimg.com/thumbs/images/g/BCwAAOSwcytnK5A7/s-l140.jpg,https://i.ebayimg.com/00/s/MTU1M1gxMjc1/z/BCwAAOSwcytnK5A7/$_1.JPG,https://i.ebayimg.com/00/s/MTU1M1gxMjc1/z/BCwAAOSwcytnK5A7/$_3.JPG,https://www.ebay.com/itm/Christmas-Family-Themed-DVDs-Home-Alone-2-Blizzard-Santa-Clause-2-/176667029234,EBAY-US
"Peanuts Holiday Collection (DVD, 3-Disc Set, Deluxe ) Charlie Brown Christmas",325886287913,17.97,USD,Brand New,DVDs & Blu-ray Discs,dailydeals620,6580,99.1,true,Free,0.0,FixedPrice,false,2023-11-14 07:53:52,2024-11-14 07:53:52,Dailydeals620,http://stores.ebay.com/Dailydeals620,https://i.ebayimg.com/thumbs/images/g/UGYAAOSwY~VlUyce/s-l140.jpg,https://i.ebayimg.com/00/s/MTUwMFgxMDU4/z/UGYAAOSwY~VlUyce/$_1.JPG,https://i.ebayimg.com/00/s/MTUwMFgxMDU4/z/UGYAAOSwY~VlUyce/$_3.JPG,https://www.ebay.com/itm/Peanuts-Holiday-Collection-DVD-3-Disc-Set-Deluxe-Charlie-Brown-Christmas-/325886287913,EBAY-US
#6 Christmas Holiday Kids Disney Hallmark DVD LOT  PICK/CHOOSE $4 Flat CombShip,256606604981,2.0,USD,Good,DVDs & Blu-ray Discs,gjurv23,8452,100.0,true,Flat,4.0,FixedPrice,false,2024-08-17 07:40:11,2024-11-17 08:40:11,Deer River Dvd,http://stores.ebay.com/Deer-River-Dvd,https://i.ebayimg.com/thumbs/images/g/pV4AAOSwvHFm7ZXE/s-l140.jpg,https://i.ebayimg.com/00/s/MTIwMFgxNjAw/z/pV4AAOSwvHFm7ZXE/$_1.JPG,https://i.ebayimg.com/00/s/MTIwMFgxNjAw/z/pV4AAOSwvHFm7ZXE/$_3.JPG,https://www.ebay.com/itm/6-Christmas-Holiday-Kids-Disney-Hallmark-DVD-LOT-PICK-CHOOSE-4-Flat-CombShip-/256606604981?var=0,EBAY-US
Illumination Presents Dr. Seuss' The Grinch DVD Benedict Cumberbatch NEW Sealed,116382836432,4.44,USD,Brand New,DVDs & Blu-ray Discs,dynomikel,7659,99.8,true,Calculated,N/A,FixedPrice,false,2024-11-06 15:52:33,2024-12-06 15:52:33,3M and G Inc,http://stores.ebay.com/3M-and-G-Inc,https://i.ebayimg.com/thumbs/images/g/wHkAAOSwGx1nKQND/s-l140.jpg,https://i.ebayimg.com/00/s/MTYwMFgxMjAw/z/wHkAAOSwGx1nKQND/$_1.JPG,https://i.ebayimg.com/00/s/MTYwMFgxMjAw/z/wHkAAOSwGx1nKQND/$_3.JPG,https://www.ebay.com/itm/Illumination-Presents-Dr-Seuss-Grinch-DVD-Benedict-Cumberbatch-NEW-Sealed-/116382836432,EBAY-US
DVD Pick Your Movies Disney Pixar Christmas Family Combined Ship DVD Lot👨‍👩‍,375005457279,0.99,USD,Good,DVDs & Blu-ray Discs,flicks2005,15074,100.0,true,Flat,4.95,FixedPrice,false,2023-10-22 13:50:44,2024-11-22 14:50:44,Flicks2005,http://stores.ebay.com/Flicks2005,https://i.ebayimg.com/thumbs/images/g/ilEAAOSwyo1lqo25/s-l140.jpg,https://i.ebayimg.com/00/s/MTYwMFgxMjAw/z/ilEAAOSwyo1lqo25/$_1.JPG,https://i.ebayimg.com/00/s/MTYwMFgxMjAw/z/ilEAAOSwyo1lqo25/$_3.JPG,https://www.ebay.com/itm/DVD-Pick-Your-Movies-Disney-Pixar-Christmas-Family-Combined-Ship-DVD-Lot-/375005457279?var=644222877569,EBAY-US
"Christmas is Here Again (DVD, 2012)",267053351787,0.99,USD,Brand New,DVDs & Blu-ray Discs,dvd-blowout35,4263,99.0,false,Calculated,N/A,Auction,false,2024-11-06 01:15:00,2024-11-13 01:15:00,N/A,N/A,https://i.ebayimg.com/thumbs/images/g/VP0AAMXQl99Q5Eu9/s-l140.jpg,N/A,N/A,https://www.ebay.com/itm/Christmas-Here-Again-DVD-2012-/267053351787,EBAY-US
The Complete Rankin / Bass Christmas Collection DVD  NEW,126100697491,47.3,USD,Brand New,DVDs & Blu-ray Discs,gruv-entertainment,366309,99.6,true,Free,0.0,FixedPrice,false,2023-09-19 10:00:56,2024-11-19 11:00:56,GRUV Entertainment,http://stores.ebay.com/GRUV-Entertainment,https://i.ebayimg.com/thumbs/images/g/bOQAAOSwZjhnKb-W/s-l140.jpg,https://i.ebayimg.com/00/s/MTYwMFgxMTQ2/z/bOQAAOSwZjhnKb-W/$_1.JPG,https://i.ebayimg.com/00/s/MTYwMFgxMTQ2/z/bOQAAOSwZjhnKb-W/$_3.JPG,https://www.ebay.com/itm/Complete-Rankin-Bass-Christmas-Collection-DVD-NEW-/126100697491,EBAY-US
The Christmas Card by Stephen Bridgewater: Used,404321127599,7.94,USD,Good,DVDs & Blu-ray Discs,alibrisbooks,429977,98.8,false,Free,0.0,FixedPrice,false,2023-06-05 23:23:10,2024-12-06 00:23:10,AlibrisBooks,http://stores.ebay.com/AlibrisBooks,https://i.ebayimg.com/thumbs/images/g/d58AAOSwClJkfm5f/s-l140.jpg,https://i.ebayimg.com/00/s/NTAwWDM1Nw==/z/d58AAOSwClJkfm5f/$_1.JPG,https://i.ebayimg.com/00/s/NTAwWDM1Nw==/z/d58AAOSwClJkfm5f/$_3.JPG,https://www.ebay.com/itm/Christmas-Card-Stephen-Bridgewater-Used-/404321127599,EBAY-US
"The Muppet Christmas Carol (DVD, 1992)",176613499936,5.0,USD,Brand New,DVDs & Blu-ray Discs,rc-dvd-sales,8484,100.0,true,Calculated,N/A,FixedPrice,false,2024-10-05 23:41:45,2024-12-06 00:41:45,EazyPeazyDVDzy,http://stores.ebay.com/EazyPeazyDVDzy,https://i.ebayimg.com/thumbs/images/g/mbUAAOSwYVVnAc2w/s-l140.jpg,https://i.ebayimg.com/00/s/MTU5OVgxMTk5/z/mbUAAOSwYVVnAc2w/$_1.JPG,https://i.ebayimg.com/00/s/MTU5OVgxMTk5/z/mbUAAOSwYVVnAc2w/$_3.JPG,https://www.ebay.com/itm/Muppet-Christmas-Carol-DVD-1992-/176613499936,EBAY-US
Original Christmas Classics Gift Set (DVD) 7 Holiday Favorites,135349163210,3.0,USD,Very Good,DVDs & Blu-ray Discs,bluecornerdesign,45,96.6,false,Calculated,N/A,FixedPrice,false,2024-11-06 13:38:58,2024-12-06 13:38:58,BlueCornerDesign,http://stores.ebay.com/BlueCornerDesign,https://i.ebayimg.com/thumbs/images/g/2r4AAOSwGB1m1vjy/s-l140.jpg,N/A,N/A,https://www.ebay.com/itm/Original-Christmas-Classics-Gift-Set-DVD-7-Holiday-Favorites-/135349163210,EBAY-US
mickey mouse DVD Twas the night before Christmas 1 & 2 The Polar Express 3pc lot,326329366727,16.5,USD,Brand New,DVDs & Blu-ray Discs,soulofnative,2230,100.0,false,Flat,9.5,Auction,false,2024-11-06 15:50:55,2024-11-13 15:50:55,N/A,N/A,https://i.ebayimg.com/thumbs/images/g/tKIAAOSwMVhnK49X/s-l140.jpg,https://i.ebayimg.com/00/s/MTA2NlgxNjAw/z/tKIAAOSwMVhnK49X/$_1.JPG,https://i.ebayimg.com/00/s/MTA2NlgxNjAw/z/tKIAAOSwMVhnK49X/$_3.JPG,https://www.ebay.com/itm/mickey-mouse-DVD-Twas-night-before-Christmas-1-2-Polar-Express-3pc-lot-/326329366727,EBAY-US
Veggietales Christmas NEW/SEALED DVD Lot Drummer Boy Nicholas Meaningful life,176667010084,30.0,USD,Brand New,DVDs & Blu-ray Discs,seekfirstresale,434,100.0,true,Calculated,N/A,FixedPrice,false,2024-11-06 15:36:26,2024-12-06 15:36:26,N/A,N/A,https://i.ebayimg.com/thumbs/images/g/kisAAOSw81xnK4zB/s-l140.jpg,https://i.ebayimg.com/00/s/MTIwMFgxNjAw/z/kisAAOSw81xnK4zB/$_1.JPG,https://i.ebayimg.com/00/s/MTIwMFgxNjAw/z/kisAAOSw81xnK4zB/$_3.JPG,https://www.ebay.com/itm/Veggietales-Christmas-NEW-SEALED-DVD-Lot-Drummer-Boy-Nicholas-Meaningful-life-/176667010084,EBAY-US
"HOLIDAY IN HANDCUFFS Christmas Movie (2008, ABC Family DVD) Great",235790669502,6.09,USD,Very Good,DVDs & Blu-ray Discs,heatherleap0929,3528,99.1,true,Calculated,N/A,FixedPrice,false,2024-10-17 08:30:44,2024-11-17 09:30:44,H&J Treasures1978,http://stores.ebay.com/H-J-Treasures1978,https://i.ebayimg.com/thumbs/images/g/oNAAAOSwwtJnEMsG/s-l140.jpg,https://i.ebayimg.com/00/s/MTYwMFgxNjAw/z/oNAAAOSwwtJnEMsG/$_1.JPG,https://i.ebayimg.com/00/s/MTYwMFgxNjAw/z/oNAAAOSwwtJnEMsG/$_3.JPG,https://www.ebay.com/itm/HOLIDAY-HANDCUFFS-Christmas-Movie-2008-ABC-Family-DVD-Great-/235790669502,EBAY-US
"CHRISTMAS WITH HOLLY (DVD, 2012) - HALLMARK HALL OF FAME - NEW DVD",255846949336,4.99,USD,Brand New,DVDs & Blu-ray Discs,av_control,15603,100.0,true,Flat,4.5,FixedPrice,false,2022-11-26 00:48:28,2024-11-26 00:48:28,AV CONTROL,http://stores.ebay.com/AV-CONTROL,https://i.ebayimg.com/thumbs/images/g/ra0AAOSwtnpXkWAV/s-l140.jpg,https://i.ebayimg.com/00/s/MTQxMFgxMDAw/z/ra0AAOSwtnpXkWAV/$_1.JPG,https://i.ebayimg.com/00/s/MTQxMFgxMDAw/z/ra0AAOSwtnpXkWAV/$_3.JPG,https://www.ebay.com/itm/CHRISTMAS-HOLLY-DVD-2012-HALLMARK-HALL-FAME-NEW-DVD-/255846949336,EBAY-US
Christmas Comes To Willow Creek,374556907931,4.54,USD,Acceptable,DVDs & Blu-ray Discs,thrift.books,3734396,99.0,true,Free,0.0,FixedPrice,false,2023-03-10 23:50:24,2024-11-10 23:50:24,ThriftBooks,http://stores.ebay.com/ThriftBooks,https://i.ebayimg.com/thumbs/images/g/ZSwAAMXQ-BZQ9pwc/s-l140.jpg,N/A,N/A,https://www.ebay.com/itm/Christmas-Comes-Willow-Creek-/374556907931,EBAY-US
The Complete Rankin / Bass Christmas Collection Blu-ray  NEW,126081131126,59.99,USD,Brand New,DVDs & Blu-ray Discs,gruv-entertainment,366333,99.6,true,Free,0.0,FixedPrice,false,2023-09-06 08:00:45,2024-12-06 09:00:45,GRUV Entertainment,http://stores.ebay.com/GRUV-Entertainment,https://i.ebayimg.com/thumbs/images/g/tucAAOSwP5dnKchf/s-l140.jpg,https://i.ebayimg.com/00/s/MTUyNVgxMjAw/z/tucAAOSwP5dnKchf/$_1.JPG,https://i.ebayimg.com/00/s/MTUyNVgxMjAw/z/tucAAOSwP5dnKchf/$_3.JPG,https://www.ebay.com/itm/Complete-Rankin-Bass-Christmas-Collection-Blu-ray-NEW-/126081131126,EBAY-US
"A Golden Christmas (DVD, 2010)",267053346442,0.99,USD,Brand New,DVDs & Blu-ray Discs,dvd-blowout35,4263,99.0,false,Calculated,N/A,Auction,false,2024-11-06 03:45:00,2024-11-13 03:45:00,N/A,N/A,https://i.ebayimg.com/thumbs/images/g/USIAAOxy~dNQ9ZM2/s-l140.jpg,N/A,N/A,https://www.ebay.com/itm/Golden-Christmas-DVD-2010-/267053346442,EBAY-US
This Christmas,145124172130,4.58,USD,Good,DVDs & Blu-ray Discs,thrift.books,3734502,99.0,true,Free,0.0,FixedPrice,false,2023-06-06 23:41:12,2024-11-07 00:41:12,ThriftBooks,http://stores.ebay.com/ThriftBooks,https://i.ebayimg.com/thumbs/images/g/SxwAAMXQdm5Q9w8Q/s-l140.jpg,N/A,N/A,https://www.ebay.com/itm/Christmas-/145124172130,EBAY-US
A Gift Wrapped Christmas (DVD) 2015 TV Movie *NEW SEALED*,196711627623,14.99,USD,Brand New,DVDs & Blu-ray Discs,gamevibez,5833,99.8,true,Flat,4.99,FixedPrice,false,2024-10-10 02:10:12,2024-11-10 03:10:12,N/A,N/A,https://i.ebayimg.com/thumbs/images/g/LM8AAOSwdpRnBzWU/s-l140.jpg,https://i.ebayimg.com/00/s/ODUwWDg1MA==/z/LM8AAOSwdpRnBzWU/$_1.JPG,https://i.ebayimg.com/00/s/ODUwWDg1MA==/z/LM8AAOSwdpRnBzWU/$_3.JPG,https://www.ebay.com/itm/Gift-Wrapped-Christmas-DVD-2015-TV-Movie-NEW-SEALED-/196711627623,EBAY-US
Black Christmas,195750222989,4.58,USD,Good,DVDs & Blu-ray Discs,thrift.books,3730727,99.0,true,Free,0.0,FixedPrice,false,2023-05-07 15:40:02,2024-11-07 16:40:02,ThriftBooks,http://stores.ebay.com/ThriftBooks,https://i.ebayimg.com/thumbs/images/g/n-cAAOSwlo5hE8Dx/s-l140.jpg,https://i.ebayimg.com/00/s/NTAwWDM0OQ==/z/n-cAAOSwlo5hE8Dx/$_1.JPG,https://i.ebayimg.com/00/s/NTAwWDM0OQ==/z/n-cAAOSwlo5hE8Dx/$_3.JPG,https://www.ebay.com/itm/Black-Christmas-/195750222989,EBAY-US
A Christmas to Remember (DVD) 2016 Hallmark Original TV Movie **NEW SEALED**,195408591945,12.99,USD,Brand New,DVDs & Blu-ray Discs,gamevibez,5838,99.8,true,Flat,3.99,FixedPrice,false,2022-10-12 00:48:12,2024-11-12 01:48:12,N/A,N/A,https://i.ebayimg.com/thumbs/images/g/ZCgAAOSwjpxjRg6Q/s-l140.jpg,https://i.ebayimg.com/00/s/Nzc3WDc3Nw==/z/ZCgAAOSwjpxjRg6Q/$_1.JPG,https://i.ebayimg.com/00/s/Nzc3WDc3Nw==/z/ZCgAAOSwjpxjRg6Q/$_3.JPG,https://www.ebay.com/itm/Christmas-Remember-DVD-2016-Hallmark-Original-TV-Movie-NEW-SEALED-/195408591945,EBAY-US
A Royal Christmas [New DVD],193857883911,9.45,USD,Brand New,DVDs & Blu-ray Discs,pop.market,3037034,99.6,true,Free,0.0,FixedPrice,false,2021-01-21 01:40:34,2024-11-21 01:40:34,Pop.Market,http://stores.ebay.com/Pop-Market,https://i.ebayimg.com/thumbs/images/g/mOoAAOSwKkVgCOVr/s-l140.jpg,https://i.ebayimg.com/00/s/NTAwWDM1NA==/z/mOoAAOSwKkVgCOVr/$_1.JPG,https://i.ebayimg.com/00/s/NTAwWDM1NA==/z/mOoAAOSwKkVgCOVr/$_3.JPG,https://www.ebay.com/itm/Royal-Christmas-New-DVD-/193857883911,EBAY-US
Christmas with the Kranks DVD,386108235495,5.54,USD,Very Good,DVDs & Blu-ray Discs,decluttr_store,3653771,99.1,true,Free,0.0,FixedPrice,false,2023-09-09 16:46:38,2024-11-09 17:46:38,estocks_usa,http://stores.ebay.com/estocks-usa,https://i.ebayimg.com/thumbs/images/g/C2MAAOSwqclghuS6/s-l140.jpg,N/A,N/A,https://www.ebay.com/itm/Christmas-Kranks-DVD-/386108235495,EBAY-US
A Christmas Story Blu-ray Peter Billingsley NEW,125568562411,9.99,USD,Brand New,DVDs & Blu-ray Discs,gruv-entertainment,366339,99.6,true,Free,0.0,FixedPrice,false,2022-10-18 18:04:01,2024-11-18 19:04:01,GRUV Entertainment,http://stores.ebay.com/GRUV-Entertainment,https://i.ebayimg.com/thumbs/images/g/XqgAAOSwCEVnKXk2/s-l140.jpg,https://i.ebayimg.com/00/s/MTQwMFgxMjAw/z/XqgAAOSwCEVnKXk2/$_1.JPG,https://i.ebayimg.com/00/s/MTQwMFgxMjAw/z/XqgAAOSwCEVnKXk2/$_3.JPG,https://www.ebay.com/itm/Christmas-Story-Blu-ray-Peter-Billingsley-NEW-/125568562411,EBAY-US
Christmas with the Kranks - DVD - VERY GOOD,256478347074,194.52,USD,Very Good,DVDs & Blu-ray Discs,second.sale,3660926,98.4,false,Free,0.0,FixedPrice,false,2024-04-13 06:05:20,2024-11-13 07:05:20,SecondSalecom,http://stores.ebay.com/SecondSalecom,https://i.ebayimg.com/thumbs/images/g/g5UAAOSwivhmGiFi/s-l140.jpg,https://i.ebayimg.com/00/s/NTAwWDM0OA==/z/g5UAAOSwivhmGiFi/$_1.JPG,https://i.ebayimg.com/00/s/NTAwWDM0OA==/z/g5UAAOSwivhmGiFi/$_3.JPG,https://www.ebay.com/itm/Christmas-Kranks-DVD-VERY-GOOD-/256478347074,EBAY-US
"Holly Hobbie  Friends - Christmas Wishes (DVD, 2007)",256703565514,0.99,USD,Brand New,DVDs & Blu-ray Discs,dvd-blowout35,4263,99.0,false,Calculated,N/A,Auction,false,2024-11-06 03:30:00,2024-11-13 03:30:00,N/A,N/A,https://i.ebayimg.com/thumbs/images/g/JLMAAOSw4shX~iaa/s-l140.jpg,N/A,N/A,https://www.ebay.com/itm/Holly-Hobbie-Friends-Christmas-Wishes-DVD-2007-/256703565514,EBAY-US
A Christmas Carol DVD Patrick Stewart NEW,125557275844,8.99,USD,Brand New,DVDs & Blu-ray Discs,gruv-entertainment,366333,99.6,true,Free,0.0,FixedPrice,false,2022-10-11 11:52:46,2024-11-11 12:52:46,GRUV Entertainment,http://stores.ebay.com/GRUV-Entertainment,https://i.ebayimg.com/thumbs/images/g/WTEAAOSwOJ9nKXLB/s-l140.jpg,https://i.ebayimg.com/00/s/MTQ0M1gxMjAw/z/WTEAAOSwOJ9nKXLB/$_1.JPG,https://i.ebayimg.com/00/s/MTQ0M1gxMjAw/z/WTEAAOSwOJ9nKXLB/$_3.JPG,https://www.ebay.com/itm/Christmas-Carol-DVD-Patrick-Stewart-NEW-/125557275844,EBAY-US
'Twas the Night Before Christmas (DVD)New,355324054342,9.99,USD,Brand New,DVDs & Blu-ray Discs,awesome_deals4less,72585,99.0,true,Free,0.0,FixedPrice,false,2023-12-27 15:40:32,2024-11-27 15:40:32,UScloseoutSource,http://stores.ebay.com/UScloseoutSource,https://i.ebayimg.com/thumbs/images/g/z2MAAOSwOsdljEZs/s-l140.jpg,https://i.ebayimg.com/00/s/MTAwMFg3MzQ=/z/z2MAAOSwOsdljEZs/$_1.JPG,https://i.ebayimg.com/00/s/MTAwMFg3MzQ=/z/z2MAAOSwOsdljEZs/$_3.JPG,https://www.ebay.com/itm/Twas-Night-Before-Christmas-DVD-New-/355324054342,EBAY-US
Deliver By Christmas (DVD NEW),186399120247,3.5,USD,Brand New,DVDs & Blu-ray Discs,dajef-22,1342,99.7,false,Calculated,N/A,FixedPrice,false,2024-04-18 12:34:23,2024-11-18 13:34:23,GetThisTreasure,http://stores.ebay.com/GetThisTreasure,https://i.ebayimg.com/thumbs/images/g/qiMAAOSwF7JhnjoM/s-l140.jpg,https://i.ebayimg.com/00/s/NTAwWDM0OA==/z/qiMAAOSwF7JhnjoM/$_1.JPG,https://i.ebayimg.com/00/s/NTAwWDM0OA==/z/qiMAAOSwF7JhnjoM/$_3.JPG,https://www.ebay.com/itm/Deliver-Christmas-DVD-NEW-/186399120247,EBAY-US
"Snowbound for Christmas (DVD, 2019)",395874030629,10.0,USD,Brand New,DVDs & Blu-ray Discs,jobee-9540,124,98.5,false,Calculated,N/A,Auction,false,2024-11-06 14:54:14,2024-11-13 14:54:14,N/A,N/A,https://i.ebayimg.com/thumbs/images/g/YSYAAOSw2GVm1vgN/s-l140.jpg,N/A,N/A,https://www.ebay.com/itm/Snowbound-Christmas-DVD-2019-/395874030629,EBAY-US
The Complete Rankin/Bass Christmas Collection DVD 18 Favorites Brand New Sealed,235819284803,35.0,USD,Brand New,DVDs & Blu-ray Discs,pinkstars20,1269,99.6,false,Calculated,N/A,FixedPrice,false,2024-11-06 12:55:29,2024-12-06 12:55:29,N/A,N/A,https://i.ebayimg.com/thumbs/images/g/wccAAOSwTb5nITlr/s-l140.jpg,https://i.ebayimg.com/00/s/MTQ0MFgxMDgw/z/wccAAOSwTb5nITlr/$_1.JPG,https://i.ebayimg.com/00/s/MTQ0MFgxMDgw/z/wccAAOSwTb5nITlr/$_3.JPG,https://www.ebay.com/itm/Complete-Rankin-Bass-Christmas-Collection-DVD-18-Favorites-Brand-New-Sealed-/235819284803,EBAY-US
Christmas Next Door / Christmas at Holly Lodge (Hallmark Channel Double Feature),394242092901,11.57,USD,Brand New,DVDs & Blu-ray Discs,pop.market,3036998,99.6,true,Free,0.0,FixedPrice,false,2022-09-14 04:45:38,2024-11-14 05:45:38,Pop.Market,http://stores.ebay.com/Pop-Market,https://i.ebayimg.com/thumbs/images/g/~00AAOSwtOdmn1ig/s-l140.jpg,https://i.ebayimg.com/00/s/NTAwWDM1NA==/z/~00AAOSwtOdmn1ig/$_1.JPG,https://i.ebayimg.com/00/s/NTAwWDM1NA==/z/~00AAOSwtOdmn1ig/$_3.JPG,https://www.ebay.com/itm/Christmas-Next-Door-Christmas-Holly-Lodge-Hallmark-Channel-Double-Feature-/394242092901,EBAY-US
CHRISTMAS TRAIN,266860384059,6.69,USD,Brand New,DVDs & Blu-ray Discs,bb_entertainment,125244,99.6,true,Free,0.0,FixedPrice,false,2024-06-14 15:49:29,2024-11-14 16:49:29,bb_entertainment1,http://stores.ebay.com/bb-entertainment1,https://i.ebayimg.com/thumbs/images/g/nTAAAOSwyppmbGaI/s-l140.jpg,https://i.ebayimg.com/00/s/NTAwWDM1NA==/z/nTAAAOSwyppmbGaI/$_1.JPG,https://i.ebayimg.com/00/s/NTAwWDM1NA==/z/nTAAAOSwyppmbGaI/$_3.JPG,https://www.ebay.com/itm/CHRISTMAS-TRAIN-/266860384059,EBAY-US
Office Christmas Party,196143063950,6.18,USD,Good,DVDs & Blu-ray Discs,thrift.books,3729809,99.0,true,Free,0.0,FixedPrice,false,2023-12-20 10:56:20,2024-11-20 10:56:20,ThriftBooks,http://stores.ebay.com/ThriftBooks,https://i.ebayimg.com/thumbs/images/g/vMAAAOSwLYRghuOv/s-l140.jpg,https://i.ebayimg.com/00/s/NTAwWDM5OA==/z/vMAAAOSwLYRghuOv/$_1.JPG,https://i.ebayimg.com/00/s/NTAwWDM5OA==/z/vMAAAOSwLYRghuOv/$_3.JPG,https://www.ebay.com/itm/Office-Christmas-Party-/196143063950,EBAY-US
"WHITE CHRISTMAS (4K UHD, Blu-Ray, 1954) w/ Slipcover, MINT! w/Digital Code",205088233004,22.99,USD,Like New,DVDs & Blu-ray Discs,rshanti,1012,100.0,true,Flat,4.49,FixedPrice,false,2024-11-06 14:29:49,2024-12-06 14:29:49,N/A,N/A,https://i.ebayimg.com/thumbs/images/g/x5QAAOSwtAlnK30y/s-l140.jpg,https://i.ebayimg.com/00/s/NzIzWDEyNTE=/z/x5QAAOSwtAlnK30y/$_1.JPG,https://i.ebayimg.com/00/s/NzIzWDEyNTE=/z/x5QAAOSwtAlnK30y/$_3.JPG,https://www.ebay.com/itm/WHITE-CHRISTMAS-4K-UHD-Blu-Ray-1954-w-Slipcover-MINT-w-Digital-Code-/205088233004,EBAY-US
Jingle and Bell's Christmas Star DVD Hallmark TV holiday special cute husky dogs,276719102086,5.75,USD,Like New,DVDs & Blu-ray Discs,starblindbooks,21321,99.9,true,Flat,3.99,FixedPrice,false,2024-11-06 15:44:13,2024-12-06 15:44:13,Starblind Books,http://stores.ebay.com/Starblind-Books,https://i.ebayimg.com/thumbs/images/g/S~4AAOSwiHpnK446/s-l140.jpg,https://i.ebayimg.com/00/s/MTYwMFgxMjAw/z/S~4AAOSwiHpnK446/$_1.JPG,https://i.ebayimg.com/00/s/MTYwMFgxMjAw/z/S~4AAOSwiHpnK446/$_3.JPG,https://www.ebay.com/itm/Jingle-and-Bells-Christmas-Star-DVD-Hallmark-TV-holiday-special-cute-husky-dogs-/276719102086,EBAY-US
"Christmas Candle - DVD By Hans Matheson,Sylvester McCoy,James Cosmo - GOOD",266765109138,4.57,USD,Good,DVDs & Blu-ray Discs,second.sale,3658946,98.4,false,Free,0.0,FixedPrice,false,2024-04-11 22:04:01,2024-11-11 23:04:01,SecondSalecom,http://stores.ebay.com/SecondSalecom,https://i.ebayimg.com/thumbs/images/g/xEEAAOSwNqZmGF9s/s-l140.jpg,https://i.ebayimg.com/00/s/NTAwWDM1NA==/z/xEEAAOSwNqZmGF9s/$_1.JPG,https://i.ebayimg.com/00/s/NTAwWDM1NA==/z/xEEAAOSwNqZmGF9s/$_3.JPG,https://www.ebay.com/itm/Christmas-Candle-DVD-Hans-Matheson-Sylvester-McCoy-James-Cosmo-GOOD-/266765109138,EBAY-US
Care Bears Christmas Eve 3 Holiday CD Set Tin Holiday Hugs Journey to Joke a Lot,286148250495,34.99,USD,Very Good,DVDs & Blu-ray Discs,vathreads,736,100.0,true,Free,0.0,FixedPrice,false,2024-11-06 15:33:58,2024-12-06 15:33:58,VaDeals40,http://stores.ebay.com/VaDeals40,https://i.ebayimg.com/thumbs/images/g/iecAAOSw1X5kbQ97/s-l140.jpg,https://i.ebayimg.com/00/s/MTYwMFgxNjAw/z/iecAAOSw1X5kbQ97/$_1.JPG,https://i.ebayimg.com/00/s/MTYwMFgxNjAw/z/iecAAOSw1X5kbQ97/$_3.JPG,https://www.ebay.com/itm/Care-Bears-Christmas-Eve-3-Holiday-CD-Set-Tin-Holiday-Hugs-Journey-Joke-Lot-/286148250495,EBAY-US
The Night They Saved Christmas DVD 1984 NEW SEALED,275508202631,14.99,USD,Brand New,DVDs & Blu-ray Discs,lifevibez,3164,99.7,true,Flat,4.99,FixedPrice,false,2022-10-21 02:14:59,2024-11-21 03:14:59,N/A,N/A,https://i.ebayimg.com/thumbs/images/g/O0kAAOSwIB1jUf8m/s-l140.jpg,https://i.ebayimg.com/00/s/ODAwWDgwMA==/z/O0kAAOSwIB1jUf8m/$_1.JPG,https://i.ebayimg.com/00/s/ODAwWDgwMA==/z/O0kAAOSwIB1jUf8m/$_3.JPG,https://www.ebay.com/itm/Night-They-Saved-Christmas-DVD-1984-NEW-SEALED-/275508202631,EBAY-US
Love's Christmas Journey by Sr. David S. Cass: Used,364271453069,10.09,USD,Good,DVDs & Blu-ray Discs,alibrisbooks,429986,98.8,false,Free,0.0,FixedPrice,false,2023-05-23 22:51:52,2024-11-23 23:51:52,AlibrisBooks,http://stores.ebay.com/AlibrisBooks,https://i.ebayimg.com/thumbs/images/g/SZ0AAOSwkHdkbUOL/s-l140.jpg,https://i.ebayimg.com/00/s/NTAwWDM1Nw==/z/SZ0AAOSwkHdkbUOL/$_1.JPG,https://i.ebayimg.com/00/s/NTAwWDM1Nw==/z/SZ0AAOSwkHdkbUOL/$_3.JPG,https://www.ebay.com/itm/Loves-Christmas-Journey-Sr-David-S-Cass-Used-/364271453069,EBAY-US
Black Christmas [Blu-ray +DVD + digital code] BRAND NEW!!!,356161656603,7.99,USD,Brand New,DVDs & Blu-ray Discs,awesome_deals4less,72607,99.0,true,Free,0.0,FixedPrice,false,2024-10-17 12:54:52,2024-11-17 13:54:52,UScloseoutSource,http://stores.ebay.com/UScloseoutSource,https://i.ebayimg.com/thumbs/images/g/M-YAAOSwbDpnEQkH/s-l140.jpg,https://i.ebayimg.com/00/s/MTUwMFgxMTk4/z/M-YAAOSwbDpnEQkH/$_1.JPG,https://i.ebayimg.com/00/s/MTUwMFgxMTk4/z/M-YAAOSwbDpnEQkH/$_3.JPG,https://www.ebay.com/itm/Black-Christmas-Blu-ray-DVD-digital-code-BRAND-NEW-/356161656603,EBAY-US
A Christmas Carol Blu-ray Reginald Owen NEW,125557276287,9.99,USD,Brand New,DVDs & Blu-ray Discs,gruv-entertainment,366275,99.6,true,Free,0.0,FixedPrice,false,2022-10-11 11:52:50,2024-11-11 12:52:50,GRUV Entertainment,http://stores.ebay.com/GRUV-Entertainment,https://i.ebayimg.com/thumbs/images/g/sQcAAOSw2fNnKY-t/s-l140.jpg,https://i.ebayimg.com/00/s/MTQwMFgxMjAw/z/sQcAAOSw2fNnKY-t/$_1.JPG,https://i.ebayimg.com/00/s/MTQwMFgxMjAw/z/sQcAAOSw2fNnKY-t/$_3.JPG,https://www.ebay.com/itm/Christmas-Carol-Blu-ray-Reginald-Owen-NEW-/125557276287,EBAY-US
"A SMOKY MOUNTAIN CHRISTMAS, DOLLY PARTON",334636953232,17.95,USD,Brand New,DVDs & Blu-ray Discs,fairdeals1948,6578,100.0,true,Free,0.0,FixedPrice,false,2022-11-22 02:36:59,2024-11-22 02:36:59,Fairdeals1948,http://stores.ebay.com/Fairdeals1948,https://i.ebayimg.com/thumbs/images/g/dMwAAOSweNNjfDPZ/s-l140.jpg,https://i.ebayimg.com/00/s/MTYwMFgxMTM1/z/dMwAAOSweNNjfDPZ/$_1.JPG,https://i.ebayimg.com/00/s/MTYwMFgxMTM1/z/dMwAAOSweNNjfDPZ/$_3.JPG,https://www.ebay.com/itm/SMOKY-MOUNTAIN-CHRISTMAS-DOLLY-PARTON-/334636953232,EBAY-US
Disneys A Christmas Carol DVD,195888703027,6.5,USD,Very Good,DVDs & Blu-ray Discs,decluttr_store,3653866,99.1,true,Free,0.0,FixedPrice,false,2023-07-18 16:10:08,2024-11-18 17:10:08,estocks_usa,http://stores.ebay.com/estocks-usa,https://i.ebayimg.com/thumbs/images/g/SNcAAOSwpnZghuS1/s-l140.jpg,https://i.ebayimg.com/00/s/ODAwWDgwMA==/z/SNcAAOSwpnZghuS1/$_1.JPG,https://i.ebayimg.com/00/s/ODAwWDgwMA==/z/SNcAAOSwpnZghuS1/$_3.JPG,https://www.ebay.com/itm/Disneys-Christmas-Carol-DVD-/195888703027,EBAY-US
I'll Be Home for Christmas (DVD 1998),176621610931,4.89,USD,Brand New,DVDs & Blu-ray Discs,rc-dvd-sales,8333,100.0,true,Calculated,N/A,FixedPrice,false,2024-10-10 19:42:52,2024-11-10 20:42:52,EazyPeazyDVDzy,http://stores.ebay.com/EazyPeazyDVDzy,https://i.ebayimg.com/thumbs/images/g/BXEAAOSw0vpnCCzY/s-l140.jpg,https://i.ebayimg.com/00/s/MTYwMFgxNjAw/z/BXEAAOSw0vpnCCzY/$_1.JPG,https://i.ebayimg.com/00/s/MTYwMFgxNjAw/z/BXEAAOSw0vpnCCzY/$_3.JPG,https://www.ebay.com/itm/Ill-Home-Christmas-DVD-1998-/176621610931,EBAY-US
A Christmas Story 4K UHD Blu-ray Peter Billingsley NEW,125529012449,14.99,USD,Brand New,DVDs & Blu-ray Discs,gruv-entertainment,366339,99.6,true,Free,0.0,FixedPrice,false,2022-09-24 12:00:37,2024-11-24 13:00:37,GRUV Entertainment,http://stores.ebay.com/GRUV-Entertainment,https://i.ebayimg.com/thumbs/images/g/OT4AAOSwfphnKbmy/s-l140.jpg,https://i.ebayimg.com/00/s/MTUxNlgxMjAw/z/OT4AAOSwfphnKbmy/$_1.JPG,https://i.ebayimg.com/00/s/MTUxNlgxMjAw/z/OT4AAOSwfphnKbmy/$_3.JPG,https://www.ebay.com/itm/Christmas-Story-4K-UHD-Blu-ray-Peter-Billingsley-NEW-/125529012449,EBAY-US
Falling For Christmas DVD 2016 TV Movie *NEW SEALED*,275523790523,14.99,USD,Brand New,DVDs & Blu-ray Discs,lifevibez,3161,99.7,true,Flat,4.99,FixedPrice,false,2022-11-02 03:32:14,2024-12-02 04:32:14,N/A,N/A,https://i.ebayimg.com/thumbs/images/g/ibQAAOSwHwdjYePb/s-l140.jpg,https://i.ebayimg.com/00/s/OTAwWDkwMA==/z/ibQAAOSwHwdjYePb/$_1.JPG,https://i.ebayimg.com/00/s/OTAwWDkwMA==/z/ibQAAOSwHwdjYePb/$_3.JPG,https://www.ebay.com/itm/Falling-Christmas-DVD-2016-TV-Movie-NEW-SEALED-/275523790523,EBAY-US
Mickeys Twice Upon a Christmas DVD,175308066260,5.82,USD,Very Good,DVDs & Blu-ray Discs,decluttr_store,3653770,99.1,true,Free,0.0,FixedPrice,false,2022-06-05 12:07:12,2024-12-05 13:07:12,estocks_usa,http://stores.ebay.com/estocks-usa,https://i.ebayimg.com/thumbs/images/g/Mg8AAOSw58ljCOfI/s-l140.jpg,https://i.ebayimg.com/00/s/NTAwWDM1Nw==/z/Mg8AAOSw58ljCOfI/$_1.JPG,https://i.ebayimg.com/00/s/NTAwWDM1Nw==/z/Mg8AAOSw58ljCOfI/$_3.JPG,https://www.ebay.com/itm/Mickeys-Twice-Upon-Christmas-DVD-/175308066260,EBAY-US
Hallmark Channel Countdown to Christmas 9-Movie Collection [New DVD] Sign Lang,395772885587,35.99,USD,Brand New,DVDs & Blu-ray Discs,pop.market,3037131,99.6,true,Free,0.0,FixedPrice,false,2024-10-08 04:52:33,2024-11-08 05:52:33,Pop.Market,http://stores.ebay.com/Pop-Market,https://i.ebayimg.com/thumbs/images/g/MSEAAOSw77RnBLs4/s-l140.jpg,https://i.ebayimg.com/00/s/NTAwWDM1Mw==/z/MSEAAOSw77RnBLs4/$_1.JPG,https://i.ebayimg.com/00/s/NTAwWDM1Mw==/z/MSEAAOSw77RnBLs4/$_3.JPG,https://www.ebay.com/itm/Hallmark-Channel-Countdown-Christmas-9-Movie-Collection-New-DVD-Sign-Lang-/395772885587,EBAY-US
A BALTIMORE CHRISTMAS / SCOTTISH XMAS / XMAS IN VIENNA [ALL REGIONS] (3DVD),146103191341,28.9,USD,Brand New,DVDs & Blu-ray Discs,smokecds,24918,98.8,false,Flat,6.99,FixedPrice,false,2024-10-15 03:35:36,2024-11-15 04:35:36,SmokeCDs,http://stores.ebay.com/SmokeCDs,https://i.ebayimg.com/thumbs/images/g/fE8AAOSwVa1nDeKk/s-l140.jpg,https://i.ebayimg.com/00/s/ODAyWDYwMA==/z/fE8AAOSwVa1nDeKk/$_1.JPG,https://i.ebayimg.com/00/s/ODAyWDYwMA==/z/fE8AAOSwVa1nDeKk/$_3.JPG,https://www.ebay.com/itm/BALTIMORE-CHRISTMAS-SCOTTISH-XMAS-XMAS-VIENNA-ALL-REGIONS-3DVD-/146103191341,EBAY-US
"Dr. Seuss' The Grinch (DVD, 2018) Illumination W 3 Mini Movies",296788483118,7.99,USD,Brand New,DVDs & Blu-ray Discs,ok_stuff,1018,99.1,false,Free,0.0,FixedPrice,false,2024-11-01 16:50:11,2024-12-01 17:50:11,OK Stuff n Things,http://stores.ebay.com/OK-Stuff-n-Things,https://i.ebayimg.com/thumbs/images/g/XMgAAOSwRZRghuRV/s-l140.jpg,N/A,N/A,https://www.ebay.com/itm/Dr-Seuss-Grinch-DVD-2018-Illumination-W-3-Mini-Movies-/296788483118,EBAY-US
I'll Be Home For Christmas,145191329925,5.58,USD,Good,DVDs & Blu-ray Discs,thrift.books,3734424,99.0,true,Free,0.0,FixedPrice,false,2023-07-15 17:56:18,2024-11-15 18:56:18,ThriftBooks,http://stores.ebay.com/ThriftBooks,https://i.ebayimg.com/thumbs/images/g/TBQAAOSwo6FghuR4/s-l140.jpg,https://i.ebayimg.com/00/s/NTAwWDM0OA==/z/TBQAAOSwo6FghuR4/$_1.JPG,https://i.ebayimg.com/00/s/NTAwWDM0OA==/z/TBQAAOSwo6FghuR4/$_3.JPG,https://www.ebay.com/itm/Ill-Home-Christmas-/145191329925,EBAY-US
CHRISTMAS IN MONTANA + OUR CHRISTMAS LOVE SONG + A BLUE RIDGE MOUNTAIN New DVD,354252778921,12.96,USD,Brand New,DVDs & Blu-ray Discs,thinkingdvd,975681,99.9,true,Free,0.0,FixedPrice,false,2022-08-31 01:23:11,2024-12-01 02:23:11,Thinking DVD,http://stores.ebay.com/Thinking-DVD,https://i.ebayimg.com/thumbs/images/g/4uMAAOSwH3FjDrgB/s-l140.jpg,https://i.ebayimg.com/00/s/NTAwWDM1NA==/z/4uMAAOSwH3FjDrgB/$_1.JPG,https://i.ebayimg.com/00/s/NTAwWDM1NA==/z/4uMAAOSwH3FjDrgB/$_3.JPG,https://www.ebay.com/itm/CHRISTMAS-MONTANA-OUR-CHRISTMAS-LOVE-SONG-BLUE-RIDGE-MOUNTAIN-New-DVD-/354252778921,EBAY-US
HALLMARK CHRISTMAS 12 - SWEPT UP BY CHRISTMAS,395421657560,12.86,USD,Brand New,DVDs & Blu-ray Discs,innersleeve-1,699709,97.4,false,Free,0.0,FixedPrice,false,2024-05-22 20:59:24,2024-11-22 21:59:24,InnerSleeve Music,http://stores.ebay.com/InnerSleeve-Music,https://i.ebayimg.com/thumbs/images/g/2gYAAOSwpd9hNJce/s-l140.jpg,https://i.ebayimg.com/00/s/NTAwWDM1Ng==/z/2gYAAOSwpd9hNJce/$_1.JPG,https://i.ebayimg.com/00/s/NTAwWDM1Ng==/z/2gYAAOSwpd9hNJce/$_3.JPG,https://www.ebay.com/itm/HALLMARK-CHRISTMAS-12-SWEPT-UP-CHRISTMAS-/395421657560,EBAY-US
"Dean Martin Christmas - DVD By Martin, Dean - VERY GOOD",256479782876,5.45,USD,Very Good,DVDs & Blu-ray Discs,second.sale,3608360,98.4,false,Free,0.0,FixedPrice,false,2024-04-14 15:06:32,2024-11-14 16:06:32,SecondSalecom,http://stores.ebay.com/SecondSalecom,https://i.ebayimg.com/thumbs/images/g/-60AAOSwIkdmG~Gb/s-l140.jpg,https://i.ebayimg.com/00/s/NTAwWDM1NA==/z/-60AAOSwIkdmG~Gb/$_1.JPG,https://i.ebayimg.com/00/s/NTAwWDM1NA==/z/-60AAOSwIkdmG~Gb/$_3.JPG,https://www.ebay.com/itm/Dean-Martin-Christmas-DVD-Martin-Dean-VERY-GOOD-/256479782876,EBAY-US
Christmas Comes to Willow Creek [New DVD],302188103322,9.25,USD,Brand New,DVDs & Blu-ray Discs,pop.market,3036776,99.6,true,Free,0.0,FixedPrice,false,2017-01-05 14:39:55,2024-12-05 14:39:55,Pop.Market,http://stores.ebay.com/Pop-Market,https://i.ebayimg.com/thumbs/images/g/FGAAAOSw~y5ezs92/s-l140.jpg,https://i.ebayimg.com/00/s/NTAwWDM1MQ==/z/FGAAAOSw~y5ezs92/$_1.JPG,https://i.ebayimg.com/00/s/NTAwWDM1MQ==/z/FGAAAOSw~y5ezs92/$_3.JPG,https://www.ebay.com/itm/Christmas-Comes-Willow-Creek-New-DVD-/302188103322,EBAY-US
"An All Dogs Christmas Carol (DVD, 2012)",267053341331,0.99,USD,Brand New,DVDs & Blu-ray Discs,dvd-blowout35,4263,99.0,false,Calculated,N/A,Auction,false,2024-11-06 03:30:00,2024-11-13 03:30:00,N/A,N/A,https://i.ebayimg.com/thumbs/images/g/2NwAAOSwZJBX~jOa/s-l140.jpg,N/A,N/A,https://www.ebay.com/itm/All-Dogs-Christmas-Carol-DVD-2012-/267053341331,EBAY-US
Christmas Classics 4-Movie Collection Blu-ray + DVD + Digital + Slipcover NEW,387586045593,9.35,USD,Brand New,DVDs & Blu-ray Discs,kamb_96,600,100.0,true,Calculated,N/A,FixedPrice,false,2024-11-06 15:03:49,2024-12-06 15:03:49,N/A,N/A,https://i.ebayimg.com/thumbs/images/g/~UgAAOSwebVlwkeL/s-l140.jpg,https://i.ebayimg.com/00/s/MTYwMFgxMzA1/z/~UgAAOSwebVlwkeL/$_1.JPG,https://i.ebayimg.com/00/s/MTYwMFgxMzA1/z/~UgAAOSwebVlwkeL/$_3.JPG,https://www.ebay.com/itm/Christmas-Classics-4-Movie-Collection-Blu-ray-DVD-Digital-Slipcover-NEW-/387586045593,EBAY-US
"Beethoven's Christmas Adventure (DVD, 2011)",256703499499,0.99,USD,Brand New,DVDs & Blu-ray Discs,dvd-blowout35,4263,99.0,false,Calculated,N/A,Auction,false,2024-11-06 03:15:00,2024-11-13 03:15:00,N/A,N/A,https://i.ebayimg.com/thumbs/images/g/mp0AAOSwZExghuSs/s-l140.jpg,https://i.ebayimg.com/00/s/NTAwWDM1NQ==/z/mp0AAOSwZExghuSs/$_1.JPG,https://i.ebayimg.com/00/s/NTAwWDM1NQ==/z/mp0AAOSwZExghuSs/$_3.JPG,https://www.ebay.com/itm/Beethovens-Christmas-Adventure-DVD-2011-/256703499499,EBAY-US
Disney's A Christmas Carol - DVD - VERY GOOD,256477612164,4.92,USD,Very Good,DVDs & Blu-ray Discs,second.sale,3645560,98.4,false,Free,0.0,FixedPrice,false,2024-04-12 14:47:12,2024-11-12 15:47:12,SecondSalecom,http://stores.ebay.com/SecondSalecom,https://i.ebayimg.com/thumbs/images/g/w5kAAOSweoFmGUm2/s-l140.jpg,https://i.ebayimg.com/00/s/NTAwWDM0OQ==/z/w5kAAOSweoFmGUm2/$_1.JPG,https://i.ebayimg.com/00/s/NTAwWDM0OQ==/z/w5kAAOSweoFmGUm2/$_3.JPG,https://www.ebay.com/itm/Disneys-Christmas-Carol-DVD-VERY-GOOD-/256477612164,EBAY-US
"Christmas Blessing, the Dvd (DVD)",256703514277,0.99,USD,Brand New,DVDs & Blu-ray Discs,dvd-blowout35,4263,99.0,false,Calculated,N/A,Auction,false,2024-11-06 01:15:00,2024-11-13 01:15:00,N/A,N/A,https://i.ebayimg.com/thumbs/images/g/MioAAOSwm9dghuPt/s-l140.jpg,https://i.ebayimg.com/00/s/NTAwWDM2MQ==/z/MioAAOSwm9dghuPt/$_1.JPG,https://i.ebayimg.com/00/s/NTAwWDM2MQ==/z/MioAAOSwm9dghuPt/$_3.JPG,https://www.ebay.com/itm/Christmas-Blessing-Dvd-DVD-/256703514277,EBAY-US
"Disney's A Christmas Carol (DVD, 2010)",146165043080,1.99,USD,Very Good,DVDs & Blu-ray Discs,mysticaldiscandmore,4064,100.0,true,Flat,4.63,FixedPrice,false,2024-11-06 15:23:22,2024-12-06 15:23:22,N/A,N/A,https://i.ebayimg.com/thumbs/images/g/GnYAAOSwK~lnK4nP/s-l140.jpg,https://i.ebayimg.com/00/s/ODc0WDY5Mg==/z/GnYAAOSwK~lnK4nP/$_1.JPG,https://i.ebayimg.com/00/s/ODc0WDY5Mg==/z/GnYAAOSwK~lnK4nP/$_3.JPG,https://www.ebay.com/itm/Disneys-Christmas-Carol-DVD-2010-/146165043080,EBAY-US
An Evergreen Christmas,145821691166,6.41,USD,Good,DVDs & Blu-ray Discs,thrift.books,3724066,99.0,true,Free,0.0,FixedPrice,false,2024-06-08 16:05:35,2024-11-08 17:05:35,ThriftBooks,http://stores.ebay.com/ThriftBooks,https://i.ebayimg.com/thumbs/images/g/fW8AAOSwZJBX~e2T/s-l140.jpg,N/A,N/A,https://www.ebay.com/itm/Evergreen-Christmas-/145821691166,EBAY-US
Mr. Magoo's Christmas Carol,195965794517,5.75,USD,Acceptable,DVDs & Blu-ray Discs,thrift.books,3734336,99.0,true,Free,0.0,FixedPrice,false,2023-09-04 11:47:05,2024-12-04 12:47:05,ThriftBooks,http://stores.ebay.com/ThriftBooks,https://i.ebayimg.com/thumbs/images/g/fTwAAOSw~AVYpAt0/s-l140.jpg,N/A,N/A,https://www.ebay.com/itm/Mr-Magoos-Christmas-Carol-/195965794517,EBAY-US
A Christmas Story,186766363272,4.0,USD,Good,DVDs & Blu-ray Discs,goldrushpawns,3121,97.2,false,Free,0.0,FixedPrice,false,2024-11-06 15:40:05,2024-12-06 15:40:05,N/A,N/A,https://i.ebayimg.com/thumbs/images/g/bocAAOSwjbxnK42u/s-l140.jpg,https://i.ebayimg.com/00/s/MTU5OVgxMTk5/z/bocAAOSwjbxnK42u/$_1.JPG,https://i.ebayimg.com/00/s/MTU5OVgxMTk5/z/bocAAOSwjbxnK42u/$_3.JPG,https://www.ebay.com/itm/Christmas-Story-/186766363272,EBAY-US
"Disney’s Mickey's Christmas Carol 30th Anniversary Edition (DVD, 2013)",146165040933,2.99,USD,Very Good,DVDs & Blu-ray Discs,mysticaldiscandmore,4064,100.0,true,Flat,4.63,FixedPrice,false,2024-11-06 15:22:04,2024-12-06 15:22:04,N/A,N/A,https://i.ebayimg.com/thumbs/images/g/rOMAAOSwbJVnK4mA/s-l140.jpg,https://i.ebayimg.com/00/s/ODI4WDY1NQ==/z/rOMAAOSwbJVnK4mA/$_1.JPG,https://i.ebayimg.com/00/s/ODI4WDY1NQ==/z/rOMAAOSwbJVnK4mA/$_3.JPG,https://www.ebay.com/itm/Disney-s-Mickeys-Christmas-Carol-30th-Anniversary-Edition-DVD-2013-/146165040933,EBAY-US
A Christmas Story [Blu-ray] - Blu-ray - GOOD,265051648435,4.39,USD,Good,DVDs & Blu-ray Discs,second.sale,3660441,98.4,false,Free,0.0,FixedPrice,false,2021-02-13 07:54:40,2024-11-13 07:54:40,SecondSalecom,http://stores.ebay.com/SecondSalecom,https://i.ebayimg.com/thumbs/images/g/sGEAAOSwHSdh3WtE/s-l140.jpg,https://i.ebayimg.com/00/s/NTAwWDQyOQ==/z/sGEAAOSwHSdh3WtE/$_1.JPG,https://i.ebayimg.com/00/s/NTAwWDQyOQ==/z/sGEAAOSwHSdh3WtE/$_3.JPG,https://www.ebay.com/itm/Christmas-Story-Blu-ray-Blu-ray-GOOD-/265051648435,EBAY-US
A Christmas Carol - DVD - GOOD,256477729149,4.28,USD,Good,DVDs & Blu-ray Discs,second.sale,3654393,98.4,false,Free,0.0,FixedPrice,false,2024-04-12 16:46:46,2024-11-12 17:46:46,SecondSalecom,http://stores.ebay.com/SecondSalecom,https://i.ebayimg.com/thumbs/images/g/tcUAAOSwMPpmGWZI/s-l140.jpg,https://i.ebayimg.com/00/s/NTAwWDM1Mg==/z/tcUAAOSwMPpmGWZI/$_1.JPG,https://i.ebayimg.com/00/s/NTAwWDM1Mg==/z/tcUAAOSwMPpmGWZI/$_3.JPG,https://www.ebay.com/itm/Christmas-Carol-DVD-GOOD-/256477729149,EBAY-US
Magic Gift of the Snowman (2003) DVD - Animated Cartoon Christmas Kids Family,286148173695,6.0,USD,Very Good,DVDs & Blu-ray Discs,murfreesboromedia,5521,100.0,true,Free,0.0,FixedPrice,false,2024-11-06 14:39:37,2024-12-06 14:39:37,Murfreesboro Media,http://stores.ebay.com/Murfreesboro-Media,https://i.ebayimg.com/thumbs/images/g/FYwAAOSwRVJnK38i/s-l140.jpg,https://i.ebayimg.com/00/s/MTU5OVgxMTk5/z/FYwAAOSwRVJnK38i/$_1.JPG,https://i.ebayimg.com/00/s/MTU5OVgxMTk5/z/FYwAAOSwRVJnK38i/$_3.JPG,https://www.ebay.com/itm/Magic-Gift-Snowman-2003-DVD-Animated-Cartoon-Christmas-Kids-Family-/286148173695,EBAY-US
A Charlie Brown Christmas,145108707911,5.46,USD,Acceptable,DVDs & Blu-ray Discs,thrift.books,3734160,99.0,true,Free,0.0,FixedPrice,false,2023-05-29 03:07:42,2024-11-29 04:07:42,ThriftBooks,http://stores.ebay.com/ThriftBooks,https://i.ebayimg.com/thumbs/images/g/m-gAAOSwRaRZsTVh/s-l140.jpg,N/A,N/A,https://www.ebay.com/itm/Charlie-Brown-Christmas-/145108707911,EBAY-US
