
Title,Item ID,Price,Currency,Condition,Category,Seller,Feedback Score,Positive Feedback %,Top Rated Seller,Shipping Type,Shipping Cost,Listing Type,Buy It Now Available,Start Time,End Time,Store Name,Store URL,Gallery URL,Large Image URL,Super Size Image URL,View Item URL,Marketplace
Christmas Holiday Combo Soft Nail Caps For Cats Claws Purrdy Paws~ 40pk,402328701404,11.97,USD,New,Grooming,gertdoggy,15595,99.4,true,Free,0.0,FixedPrice,false,2020-07-16 17:59:51,2024-11-16 18:59:51,Purrdy Paws,http://stores.ebay.com/Purrdy-Paws,https://i.ebayimg.com/thumbs/images/g/z~8AAOSw~rBdx7vM/s-l140.jpg,https://i.ebayimg.com/00/s/Njg4WDY4OA==/z/z~8AAOSw~rBdx7vM/$_1.JPG,https://i.ebayimg.com/00/s/Njg4WDY4OA==/z/z~8AAOSw~rBdx7vM/$_3.JPG,https://www.ebay.com/itm/Christmas-Holiday-Combo-Soft-Nail-Caps-Cats-Claws-Purrdy-Paws-40pk-/402328701404?var=0,EBAY-US
New SOFT CLAWS Nail Caps CAT Medium CHRISTMAS GREEN RED 40 Caps 2 Tubes Adhesive,176544802396,12.95,USD,New,Grooming,feverk9,856,100.0,false,Calculated,N/A,FixedPrice,false,2024-08-26 21:51:26,2024-11-26 22:51:26,It Ain't Hoarding,http://stores.ebay.com/It-Aint-Hoarding,https://i.ebayimg.com/thumbs/images/g/IFEAAOSwmqBmzOOR/s-l140.jpg,https://i.ebayimg.com/00/s/MTYwMFgxMjQy/z/IFEAAOSwmqBmzOOR/$_1.JPG,https://i.ebayimg.com/00/s/MTYwMFgxMjQy/z/IFEAAOSwmqBmzOOR/$_3.JPG,https://www.ebay.com/itm/New-SOFT-CLAWS-Nail-Caps-CAT-Medium-CHRISTMAS-GREEN-RED-40-Caps-2-Tubes-Adhesive-/176544802396,EBAY-US
Soft Nail Caps For Cat Claws * COMBO COLORS * Purrdy Paws USA SELLER,221364738688,5.99,USD,New,Grooming,chickendinner2,15457,96.7,true,FlatDomesticCalculatedInternational,2.95,FixedPrice,false,2014-01-30 08:28:37,2024-11-30 08:28:37,chickendinner2,http://stores.ebay.com/chickendinner2,https://i.ebayimg.com/thumbs/images/g/fF8AAOSwlV9WTQAD/s-l140.jpg,https://i.ebayimg.com/00/s/NTAwWDUwMA==/z/fF8AAOSwlV9WTQAD/$_1.JPG,https://i.ebayimg.com/00/s/NTAwWDUwMA==/z/fF8AAOSwlV9WTQAD/$_3.JPG,https://www.ebay.com/itm/Soft-Nail-Caps-Cat-Claws-COMBO-COLORS-Purrdy-Paws-USA-SELLER-/221364738688?var=522967009580,EBAY-US
Pet christmas shoes,145946864583,19.99,USD,New,Grooming,pawsomefix,138,88.9,false,Free,0.0,FixedPrice,false,2024-08-12 08:26:20,2024-11-12 09:26:20,Pawsomefix,http://stores.ebay.com/Pawsomefix,https://i.ebayimg.com/thumbs/images/g/NDwAAOSwrslmuce7/s-l140.jpg,https://i.ebayimg.com/00/s/NzUwWDc1MA==/z/NDwAAOSwrslmuce7/$_1.JPG,https://i.ebayimg.com/00/s/NzUwWDc1MA==/z/NDwAAOSwrslmuce7/$_3.JPG,https://www.ebay.com/itm/Pet-christmas-shoes-/145946864583?var=444976752449,EBAY-US
Pet Warm Plush Christmas Shoes,145946864202,16.99,USD,New,Grooming,pawsomefix,138,88.9,false,Free,0.0,FixedPrice,false,2024-08-12 08:25:41,2024-11-12 09:25:41,Pawsomefix,http://stores.ebay.com/Pawsomefix,https://i.ebayimg.com/thumbs/images/g/8-gAAOSweehmucdd/s-l140.jpg,https://i.ebayimg.com/00/s/ODAwWDgwMA==/z/8-gAAOSweehmucdd/$_1.JPG,https://i.ebayimg.com/00/s/ODAwWDgwMA==/z/8-gAAOSweehmucdd/$_3.JPG,https://www.ebay.com/itm/Pet-Warm-Plush-Christmas-Shoes-/145946864202?var=444976777443,EBAY-US
Christmas pet cat dog hat,145926968478,11.45,USD,New,Grooming,pawsomefix,141,88.9,false,Free,0.0,FixedPrice,false,2024-08-02 16:26:32,2024-12-02 17:26:32,Pawsomefix,http://stores.ebay.com/Pawsomefix,https://i.ebayimg.com/thumbs/images/g/EAoAAOSw0vpmrQmt/s-l140.jpg,https://i.ebayimg.com/00/s/NDIzWDc0MA==/z/EAoAAOSw0vpmrQmt/$_1.JPG,https://i.ebayimg.com/00/s/NDIzWDc0MA==/z/EAoAAOSw0vpmrQmt/$_3.JPG,https://www.ebay.com/itm/Christmas-pet-cat-dog-hat-/145926968478?var=444966483740,EBAY-US
Dog shoes christmas,145946859107,46.99,USD,New,Grooming,pawsomefix,138,88.9,false,Free,0.0,FixedPrice,false,2024-08-12 08:21:01,2024-11-12 09:21:01,Pawsomefix,http://stores.ebay.com/Pawsomefix,https://i.ebayimg.com/thumbs/images/g/W6IAAOSwcZdmucZD/s-l140.jpg,https://i.ebayimg.com/00/s/NDAwWDQwMA==/z/W6IAAOSwcZdmucZD/$_1.JPG,https://i.ebayimg.com/00/s/NDAwWDQwMA==/z/W6IAAOSwcZdmucZD/$_3.JPG,https://www.ebay.com/itm/Dog-shoes-christmas-/145946859107?var=0,EBAY-US
Christmas pet shoes cotton snow boots padded waterproof,145946862729,16.99,USD,New,Grooming,pawsomefix,138,88.9,false,Free,0.0,FixedPrice,false,2024-08-12 08:24:02,2024-11-12 09:24:02,Pawsomefix,http://stores.ebay.com/Pawsomefix,https://i.ebayimg.com/thumbs/images/g/xkUAAOSwgjhmucey/s-l140.jpg,https://i.ebayimg.com/00/s/ODAwWDgwMA==/z/xkUAAOSwgjhmucey/$_1.JPG,https://i.ebayimg.com/00/s/ODAwWDgwMA==/z/xkUAAOSwgjhmucey/$_3.JPG,https://www.ebay.com/itm/Christmas-pet-shoes-cotton-snow-boots-padded-waterproof-/145946862729?var=0,EBAY-US
Pet Grooming Comb Unique Diamond Cut Handle 4 Colors Available (Some Limited),124305748288,6.49,USD,New,"Brushes, Combs & Rakes",letsmakeadeal_2007,5022,71.4,false,Free,0.0,FixedPrice,false,2020-08-20 03:44:05,2024-11-20 04:44:05,N/A,N/A,https://i.ebayimg.com/thumbs/images/g/zuEAAOSwnOxfPeu4/s-l140.jpg,https://i.ebayimg.com/00/s/OTYwWDk2MA==/z/zuEAAOSwnOxfPeu4/$_1.JPG,https://i.ebayimg.com/00/s/OTYwWDk2MA==/z/zuEAAOSwnOxfPeu4/$_3.JPG,https://www.ebay.com/itm/Pet-Grooming-Comb-Unique-Diamond-Cut-Handle-4-Colors-Available-Some-Limited-/124305748288?var=425195948434,EBAY-US
Wedding Bow Tie Dress Pet Kitten Dog Cat  Puppy Pet Collar Christmas xmas,165784582864,5.5,AUD,New,Grooming,clickfetch,14168,100.0,false,Flat,4.58,FixedPrice,false,2022-11-18 04:18:53,2024-11-18 04:18:53,ClickFetch,http://stores.ebay.com/ClickFetch,https://i.ebayimg.com/thumbs/images/g/a38AAOSwPxdfBgv9/s-l140.jpg,https://i.ebayimg.com/00/s/MTAwMFgxMDAw/z/a38AAOSwPxdfBgv9/$_1.JPG,https://i.ebayimg.com/00/s/MTAwMFgxMDAw/z/a38AAOSwPxdfBgv9/$_3.JPG,https://www.ebay.com/itm/Wedding-Bow-Tie-Dress-Pet-Kitten-Dog-Cat-Puppy-Pet-Collar-Christmas-xmas-/165784582864?var=0,EBAY-US
Christmas Adjustable Cat Dog Collar Holiday Cats Dog Bow Tie Pet Neck Strap Cat,145889084401,30.33,USD,New,Grooming,pawsomefix,140,88.9,false,Free,0.0,FixedPrice,false,2024-07-14 00:45:55,2024-11-14 01:45:55,Pawsomefix,http://stores.ebay.com/Pawsomefix,https://i.ebayimg.com/thumbs/images/g/pYkAAOSwD85mkyCF/s-l140.jpg,https://i.ebayimg.com/00/s/ODAwWDgwMA==/z/pYkAAOSwD85mkyCF/$_1.JPG,https://i.ebayimg.com/00/s/ODAwWDgwMA==/z/pYkAAOSwD85mkyCF/$_3.JPG,https://www.ebay.com/itm/Christmas-Adjustable-Cat-Dog-Collar-Holiday-Cats-Dog-Bow-Tie-Pet-Neck-Strap-Cat-/145889084401?var=0,EBAY-US
"Tick Tweezers for Dogs, Cats, Children, Set of 3, Tick Hooks and Set of 2,3310",135240336363,8.66,USD,New,Grooming,favorable-0,395,99.4,true,Free,0.0,FixedPrice,false,2024-09-10 06:53:30,2024-11-10 07:53:30,favorable-0,http://stores.ebay.com/favorable-0,https://i.ebayimg.com/thumbs/images/g/~10AAOSwND5m3-0r/s-l140.jpg,https://i.ebayimg.com/00/s/ODAwWDgwMA==/z/~10AAOSwND5m3-0r/$_1.JPG,https://i.ebayimg.com/00/s/ODAwWDgwMA==/z/~10AAOSwND5m3-0r/$_3.JPG,https://www.ebay.com/itm/Tick-Tweezers-Dogs-Cats-Children-Set-3-Tick-Hooks-and-Set-2-3310-/135240336363,EBAY-US
Strong quality dog Leashes Updated color col stereotyped rope Large Dog Leashes,145873400087,32.67,USD,New,Grooming,pawsomefix,141,88.9,false,Free,0.0,FixedPrice,false,2024-07-05 19:36:44,2024-12-05 20:36:44,Pawsomefix,http://stores.ebay.com/Pawsomefix,https://i.ebayimg.com/thumbs/images/g/m1EAAOSw2vxmiEu9/s-l140.jpg,https://i.ebayimg.com/00/s/ODAwWDgwMA==/z/m1EAAOSw2vxmiEu9/$_1.JPG,https://i.ebayimg.com/00/s/ODAwWDgwMA==/z/m1EAAOSw2vxmiEu9/$_3.JPG,https://www.ebay.com/itm/Strong-quality-dog-Leashes-Updated-color-col-stereotyped-rope-Large-Dog-Leashes-/145873400087?var=444934898130,EBAY-US
20 Soft Nail Caps for Cats with Adhesive - Choose Color & Size - CANADIAN SELLER,262495488937,6.99,CAD,New,Grooming,genrivet26,2268,100.0,false,FlatDomesticCalculatedInternational,7.79,FixedPrice,false,2016-06-23 18:45:42,2024-11-23 19:45:42,Distributions CG,http://stores.ebay.com/Distributions-CG,https://i.ebayimg.com/thumbs/images/g/B8wAAOSw4M5bvqjo/s-l140.jpg,https://i.ebayimg.com/00/s/MTYwMFgxNjAw/z/B8wAAOSw4M5bvqjo/$_1.JPG,https://i.ebayimg.com/00/s/MTYwMFgxNjAw/z/B8wAAOSw4M5bvqjo/$_3.JPG,https://www.ebay.com/itm/20-Soft-Nail-Caps-Cats-Adhesive-Choose-Color-Size-CANADIAN-SELLER-/262495488937?var=561315684466,EBAY-US
