
Title,Item ID,Price,Currency,Condition,Category,Seller,Feedback Score,Positive Feedback %,Top Rated Seller,Shipping Type,Shipping Cost,Listing Type,Buy It Now Available,Start Time,End Time,Store Name,Store URL,Gallery URL,Large Image URL,Super Size Image URL,View Item URL,Marketplace
10 - 500 10x13 Christmas Tree and Festive Floral Poly Mailers Shipping Bags,305286779086,7.85,USD,New,Envelope Bags & Poly Mailers,happywalls4u,4975,99.6,true,Free,0.0,FixedPrice,false,2023-11-26 00:10:01,2024-11-26 00:10:01,CindysCozyCorner1,http://stores.ebay.com/CindysCozyCorner1,https://i.ebayimg.com/thumbs/images/g/h~QAAOSwrxxlYoxH/s-l140.jpg,https://i.ebayimg.com/00/s/MTIwMFgxNjAw/z/h~QAAOSwrxxlYoxH/$_1.JPG,https://i.ebayimg.com/00/s/MTIwMFgxNjAw/z/h~QAAOSwrxxlYoxH/$_3.JPG,https://www.ebay.com/itm/10-500-10x13-Christmas-Tree-and-Festive-Floral-Poly-Mailers-Shipping-Bags-/305286779086?var=0,EBAY-US
Christmas Poly Mailers Size 10x13 Holiday Pack of 20 Shipping Bags,295223257475,10.99,USD,New,Envelope Bags & Poly Mailers,shippinginstyle,409,100.0,true,Free,0.0,FixedPrice,false,2022-09-16 22:57:36,2024-11-16 23:57:36,N/A,N/A,https://i.ebayimg.com/thumbs/images/g/MysAAOSw3LNjJP4q/s-l140.jpg,https://i.ebayimg.com/00/s/Nzg4WDk0MA==/z/MysAAOSw3LNjJP4q/$_1.JPG,https://i.ebayimg.com/00/s/Nzg4WDk0MA==/z/MysAAOSw3LNjJP4q/$_3.JPG,https://www.ebay.com/itm/Christmas-Poly-Mailers-Size-10x13-Holiday-Pack-20-Shipping-Bags-/295223257475?var=0,EBAY-US
10-100 Santa 14x17 Poly Mailers Christmas Tree Snowman Shipping Reindeer Bags,305303515437,7.25,USD,New,Envelope Bags & Poly Mailers,happywalls4u,4957,99.6,true,Free,0.0,FixedPrice,false,2023-12-06 16:53:28,2024-11-06 16:53:28,CindysCozyCorner1,http://stores.ebay.com/CindysCozyCorner1,https://i.ebayimg.com/thumbs/images/g/JQoAAOSw13FjZG4E/s-l140.jpg,https://i.ebayimg.com/00/s/MTIwMFgxNjAw/z/JQoAAOSw13FjZG4E/$_1.JPG,https://i.ebayimg.com/00/s/MTIwMFgxNjAw/z/JQoAAOSw13FjZG4E/$_3.JPG,https://www.ebay.com/itm/10-100-Santa-14x17-Poly-Mailers-Christmas-Tree-Snowman-Shipping-Reindeer-Bags-/305303515437?var=0,EBAY-US
150 Christmas Rooster Chicken Wreath Mailing Return Address Labels Personalized,315928282574,12.84,USD,New,Blank Labels,vintageadsinc,12414,100.0,false,Free,0.0,FixedPrice,false,2024-11-06 16:17:47,2024-12-06 16:17:47,vintageadsinc,http://stores.ebay.com/vintageadsinc,https://i.ebayimg.com/thumbs/images/g/zYQAAOSwEylkvuYV/s-l140.jpg,https://i.ebayimg.com/00/s/Mjg4WDc1Ng==/z/zYQAAOSwEylkvuYV/$_1.JPG,https://i.ebayimg.com/00/s/Mjg4WDc1Ng==/z/zYQAAOSwEylkvuYV/$_3.JPG,https://www.ebay.com/itm/150-Christmas-Rooster-Chicken-Wreath-Mailing-Return-Address-Labels-Personalized-/315928282574,EBAY-US
150 Christmas Giraffe Wreath Primitive Mailing Return Address Labels Personalize,315928282575,12.84,USD,New,Blank Labels,vintageadsinc,12414,100.0,false,Free,0.0,FixedPrice,false,2024-11-06 16:17:47,2024-12-06 16:17:47,vintageadsinc,http://stores.ebay.com/vintageadsinc,https://i.ebayimg.com/thumbs/images/g/eDUAAOSwjEdkvuN1/s-l140.jpg,https://i.ebayimg.com/00/s/Mjg4WDc1Ng==/z/eDUAAOSwjEdkvuN1/$_1.JPG,https://i.ebayimg.com/00/s/Mjg4WDc1Ng==/z/eDUAAOSwjEdkvuN1/$_3.JPG,https://www.ebay.com/itm/150-Christmas-Giraffe-Wreath-Primitive-Mailing-Return-Address-Labels-Personalize-/315928282575,EBAY-US
150 Christmas Goat Wreath Flowers Mailing Return Address Labels Personalized,315928282591,12.84,USD,New,Blank Labels,vintageadsinc,12414,100.0,false,Free,0.0,FixedPrice,false,2024-11-06 16:17:48,2024-12-06 16:17:48,vintageadsinc,http://stores.ebay.com/vintageadsinc,https://i.ebayimg.com/thumbs/images/g/J-MAAOSwH5tkvuQW/s-l140.jpg,https://i.ebayimg.com/00/s/Mjg4WDc1Ng==/z/J-MAAOSwH5tkvuQW/$_1.JPG,https://i.ebayimg.com/00/s/Mjg4WDc1Ng==/z/J-MAAOSwH5tkvuQW/$_3.JPG,https://www.ebay.com/itm/150-Christmas-Goat-Wreath-Flowers-Mailing-Return-Address-Labels-Personalized-/315928282591,EBAY-US
150 Christmas Rooster Wreath Flowers Mailing Return Address Labels Personalized,315928282593,12.84,USD,New,Blank Labels,vintageadsinc,12414,100.0,false,Free,0.0,FixedPrice,false,2024-11-06 16:17:48,2024-12-06 16:17:48,vintageadsinc,http://stores.ebay.com/vintageadsinc,https://i.ebayimg.com/thumbs/images/g/F6oAAOSwbWhkvuZF/s-l140.jpg,https://i.ebayimg.com/00/s/Mjg4WDc1Ng==/z/F6oAAOSwbWhkvuZF/$_1.JPG,https://i.ebayimg.com/00/s/Mjg4WDc1Ng==/z/F6oAAOSwbWhkvuZF/$_3.JPG,https://www.ebay.com/itm/150-Christmas-Rooster-Wreath-Flowers-Mailing-Return-Address-Labels-Personalized-/315928282593,EBAY-US
150 Christmas Primitive Sheep Mailing Return Address Labels Personalized,315928282604,12.84,USD,New,Blank Labels,vintageadsinc,12414,100.0,false,Free,0.0,FixedPrice,false,2024-11-06 16:17:48,2024-12-06 16:17:48,vintageadsinc,http://stores.ebay.com/vintageadsinc,https://i.ebayimg.com/thumbs/images/g/x4EAAOSwpLNkvuZ~/s-l140.jpg,https://i.ebayimg.com/00/s/Mjg4WDc1Ng==/z/x4EAAOSwpLNkvuZ~/$_1.JPG,https://i.ebayimg.com/00/s/Mjg4WDc1Ng==/z/x4EAAOSwpLNkvuZ~/$_3.JPG,https://www.ebay.com/itm/150-Christmas-Primitive-Sheep-Mailing-Return-Address-Labels-Personalized-/315928282604,EBAY-US
10 - 500 10x13 Christmas Tree SNOWMAN Festive Floral SANTA Gift Poly Mailers Bag,296071167848,7.85,USD,New,Envelope Bags & Poly Mailers,happywalls4u,4975,99.6,true,Free,0.0,FixedPrice,false,2023-11-26 00:56:16,2024-11-26 00:56:16,CindysCozyCorner1,http://stores.ebay.com/CindysCozyCorner1,https://i.ebayimg.com/thumbs/images/g/eOMAAOSwVfplYo-x/s-l140.jpg,https://i.ebayimg.com/00/s/MTIwMFgxNjAw/z/eOMAAOSwVfplYo-x/$_1.JPG,https://i.ebayimg.com/00/s/MTIwMFgxNjAw/z/eOMAAOSwVfplYo-x/$_3.JPG,https://www.ebay.com/itm/10-500-10x13-Christmas-Tree-SNOWMAN-Festive-Floral-SANTA-Gift-Poly-Mailers-Bag-/296071167848?var=0,EBAY-US
150 Christmas Boston Terrier Dog Gifts Mailing Return Address Labels Personalize,156498225191,12.84,USD,New,Blank Labels,vintageadsinc,12414,100.0,false,Free,0.0,FixedPrice,false,2024-11-06 16:17:48,2024-12-06 16:17:48,vintageadsinc,http://stores.ebay.com/vintageadsinc,https://i.ebayimg.com/thumbs/images/g/23YAAOSwp1tkv6si/s-l140.jpg,https://i.ebayimg.com/00/s/Mjg4WDc1Ng==/z/23YAAOSwp1tkv6si/$_1.JPG,https://i.ebayimg.com/00/s/Mjg4WDc1Ng==/z/23YAAOSwp1tkv6si/$_3.JPG,https://www.ebay.com/itm/150-Christmas-Boston-Terrier-Dog-Gifts-Mailing-Return-Address-Labels-Personalize-/156498225191,EBAY-US
150 Christmas Wreath Boston Terrier Dog Mailing Return Address Labels Personaliz,156498225190,12.84,USD,New,Blank Labels,vintageadsinc,12414,100.0,false,Free,0.0,FixedPrice,false,2024-11-06 16:17:48,2024-12-06 16:17:48,vintageadsinc,http://stores.ebay.com/vintageadsinc,https://i.ebayimg.com/thumbs/images/g/GyEAAOSwLZJkv67K/s-l140.jpg,https://i.ebayimg.com/00/s/Mjg4WDc1Ng==/z/GyEAAOSwLZJkv67K/$_1.JPG,https://i.ebayimg.com/00/s/Mjg4WDc1Ng==/z/GyEAAOSwLZJkv67K/$_3.JPG,https://www.ebay.com/itm/150-Christmas-Wreath-Boston-Terrier-Dog-Mailing-Return-Address-Labels-Personaliz-/156498225190,EBAY-US
150 Christmas Duck Hat Wreath Flowers Mailing Return Address Labels Personalized,315928282571,12.84,USD,New,Blank Labels,vintageadsinc,12414,100.0,false,Free,0.0,FixedPrice,false,2024-11-06 16:17:47,2024-12-06 16:17:47,vintageadsinc,http://stores.ebay.com/vintageadsinc,https://i.ebayimg.com/thumbs/images/g/-2sAAOSwO2VkvuKv/s-l140.jpg,https://i.ebayimg.com/00/s/Mjg4WDc1Ng==/z/-2sAAOSwO2VkvuKv/$_1.JPG,https://i.ebayimg.com/00/s/Mjg4WDc1Ng==/z/-2sAAOSwO2VkvuKv/$_3.JPG,https://www.ebay.com/itm/150-Christmas-Duck-Hat-Wreath-Flowers-Mailing-Return-Address-Labels-Personalized-/315928282571,EBAY-US
150 Christmas Buck Deer Wreath Flowers Mailing Return Address Labels Personalize,315928282572,12.84,USD,New,Blank Labels,vintageadsinc,12414,100.0,false,Free,0.0,FixedPrice,false,2024-11-06 16:17:47,2024-12-06 16:17:47,vintageadsinc,http://stores.ebay.com/vintageadsinc,https://i.ebayimg.com/thumbs/images/g/MU4AAOSwzDVkvuHW/s-l140.jpg,https://i.ebayimg.com/00/s/Mjg4WDc1Ng==/z/MU4AAOSwzDVkvuHW/$_1.JPG,https://i.ebayimg.com/00/s/Mjg4WDc1Ng==/z/MU4AAOSwzDVkvuHW/$_3.JPG,https://www.ebay.com/itm/150-Christmas-Buck-Deer-Wreath-Flowers-Mailing-Return-Address-Labels-Personalize-/315928282572,EBAY-US
"60 Christmas Return Address Labels Personalized 3/4"" x 2 1/4"" Santa Couple",315713272564,2.99,USD,New,Address & Shipping Labels,addresslabelsandmore,5370,99.0,false,Free,0.0,FixedPrice,false,2024-08-31 08:41:50,2024-11-30 09:41:50,AddressLabelsAndMore,http://stores.ebay.com/AddressLabelsAndMore,https://i.ebayimg.com/thumbs/images/g/kCQAAOSwBEhm0QqL/s-l140.jpg,https://i.ebayimg.com/00/s/MTYwMFgxNjAw/z/kCQAAOSwBEhm0QqL/$_1.JPG,https://i.ebayimg.com/00/s/MTYwMFgxNjAw/z/kCQAAOSwBEhm0QqL/$_3.JPG,https://www.ebay.com/itm/60-Christmas-Return-Address-Labels-Personalized-3-4-x-2-1-4-Santa-Couple-/315713272564?var=0,EBAY-US
100 Christmas Poly Mailers Plastic Envelopes Shipping Bags #SmileMail® Designer,363587483787,5.99,USD,New,Envelope Bags & Poly Mailers,upaknship,393202,99.7,false,Flat,7.95,FixedPrice,false,2021-10-20 00:59:04,2024-11-20 01:59:04,UPAKNSHIP,http://stores.ebay.com/UPAKNSHIP,https://i.ebayimg.com/thumbs/images/g/VywAAOSwO6Fhb2Yv/s-l140.jpg,https://i.ebayimg.com/00/s/MTA4MFgxMDgw/z/VywAAOSwO6Fhb2Yv/$_1.JPG,https://i.ebayimg.com/00/s/MTA4MFgxMDgw/z/VywAAOSwO6Fhb2Yv/$_3.JPG,https://www.ebay.com/itm/100-Christmas-Poly-Mailers-Plastic-Envelopes-Shipping-Bags-SmileMail-Designer-/363587483787?var=632813419450,EBAY-US
"60 Christmas Return Address Labels Personalized 3/4"" x 2 1/4"" Winter Birds",315713272013,2.99,USD,New,Address & Shipping Labels,addresslabelsandmore,5370,99.0,false,Free,0.0,FixedPrice,false,2024-08-31 08:41:20,2024-11-30 09:41:20,AddressLabelsAndMore,http://stores.ebay.com/AddressLabelsAndMore,https://i.ebayimg.com/thumbs/images/g/AjwAAOSwvPpm0RVY/s-l140.jpg,https://i.ebayimg.com/00/s/MTYwMFgxNjAw/z/AjwAAOSwvPpm0RVY/$_1.JPG,https://i.ebayimg.com/00/s/MTYwMFgxNjAw/z/AjwAAOSwvPpm0RVY/$_3.JPG,https://www.ebay.com/itm/60-Christmas-Return-Address-Labels-Personalized-3-4-x-2-1-4-Winter-Birds-/315713272013?var=0,EBAY-US
ANY SIZE POLY BUBBLE MAILERS SHIPPING MAILING PADDED BAGS ENVELOPES COLOR,292525411748,13.95,USD,New,Other Envelopes & Mailers,luckycellinc,235475,99.2,true,Free,0.0,FixedPrice,false,2018-04-15 22:18:51,2024-11-15 23:18:51,luckycell288,http://stores.ebay.com/luckycell288,https://i.ebayimg.com/thumbs/images/g/YkUAAOSw-TpjLy97/s-l140.jpg,https://i.ebayimg.com/00/s/MTQzMlg5NDY=/z/YkUAAOSw-TpjLy97/$_1.JPG,https://i.ebayimg.com/00/s/MTQzMlg5NDY=/z/YkUAAOSw-TpjLy97/$_3.JPG,https://www.ebay.com/itm/ANY-SIZE-POLY-BUBBLE-MAILERS-SHIPPING-MAILING-PADDED-BAGS-ENVELOPES-COLOR-/292525411748?var=593435387739,EBAY-US
30 MERRY CHRISTMAS PERSONALIZED RETURN ADDRESS LABELS 1 in X 2.625 in,284232936632,2.99,USD,New,Address & Shipping Labels,partyfavorsexpress,122616,99.8,true,Free,0.0,FixedPrice,false,2021-03-26 01:21:01,2024-11-26 02:21:01,Party Favors Express,http://stores.ebay.com/Party-Favors-Express,https://i.ebayimg.com/thumbs/images/g/mbwAAOSw~zdgXTbk/s-l140.jpg,https://i.ebayimg.com/00/s/NjI1WDEwMjM=/z/mbwAAOSw~zdgXTbk/$_1.JPG,https://i.ebayimg.com/00/s/NjI1WDEwMjM=/z/mbwAAOSw~zdgXTbk/$_3.JPG,https://www.ebay.com/itm/30-MERRY-CHRISTMAS-PERSONALIZED-RETURN-ADDRESS-LABELS-1-X-2-625-/284232936632,EBAY-US
"60 Christmas Return Address Labels Personalized Printed 3/4"" x 2 1/4"" Monogram",315713273894,2.99,USD,New,Address & Shipping Labels,addresslabelsandmore,5356,99.0,false,Free,0.0,FixedPrice,false,2024-08-31 08:42:38,2024-11-30 09:42:38,AddressLabelsAndMore,http://stores.ebay.com/AddressLabelsAndMore,https://i.ebayimg.com/thumbs/images/g/j5wAAOSwkMpm0OJ5/s-l140.jpg,https://i.ebayimg.com/00/s/MTYwMFgxNjAw/z/j5wAAOSwkMpm0OJ5/$_1.JPG,https://i.ebayimg.com/00/s/MTYwMFgxNjAw/z/j5wAAOSwkMpm0OJ5/$_3.JPG,https://www.ebay.com/itm/60-Christmas-Return-Address-Labels-Personalized-Printed-3-4-x-2-1-4-Monogram-/315713273894?var=614129095386,EBAY-US
150 Christmas Primitive Baby Calf Cow Mailing Return Address Labels Personalized,156498225182,12.84,USD,New,Blank Labels,vintageadsinc,12414,100.0,false,Free,0.0,FixedPrice,false,2024-11-06 16:17:48,2024-12-06 16:17:48,vintageadsinc,http://stores.ebay.com/vintageadsinc,https://i.ebayimg.com/thumbs/images/g/mFYAAOSw4EZktc5G/s-l140.jpg,https://i.ebayimg.com/00/s/Mjg4WDc1Ng==/z/mFYAAOSw4EZktc5G/$_1.JPG,https://i.ebayimg.com/00/s/Mjg4WDc1Ng==/z/mFYAAOSw4EZktc5G/$_3.JPG,https://www.ebay.com/itm/150-Christmas-Primitive-Baby-Calf-Cow-Mailing-Return-Address-Labels-Personalized-/156498225182,EBAY-US
"60 Christmas Return Address Labels Personalized 3/4"" x 2 1/4"" Merry Christmas",315713270874,2.99,USD,New,Address & Shipping Labels,addresslabelsandmore,5376,99.0,false,Free,0.0,FixedPrice,false,2024-08-31 08:40:19,2024-11-30 09:40:19,AddressLabelsAndMore,http://stores.ebay.com/AddressLabelsAndMore,https://i.ebayimg.com/thumbs/images/g/EFYAAOSwjwJm0Rtl/s-l140.jpg,https://i.ebayimg.com/00/s/MTYwMFgxNjAw/z/EFYAAOSwjwJm0Rtl/$_1.JPG,https://i.ebayimg.com/00/s/MTYwMFgxNjAw/z/EFYAAOSwjwJm0Rtl/$_3.JPG,https://www.ebay.com/itm/60-Christmas-Return-Address-Labels-Personalized-3-4-x-2-1-4-Merry-Christmas-/315713270874,EBAY-US
150 Christmas Primitive Giraffe Wreath Mailing Return Address Labels Personalize,156498225163,12.84,USD,New,Blank Labels,vintageadsinc,12414,100.0,false,Free,0.0,FixedPrice,false,2024-11-06 16:17:47,2024-12-06 16:17:47,vintageadsinc,http://stores.ebay.com/vintageadsinc,https://i.ebayimg.com/thumbs/images/g/rXkAAOSwOJlkvuPY/s-l140.jpg,https://i.ebayimg.com/00/s/Mjg4WDc1Ng==/z/rXkAAOSwOJlkvuPY/$_1.JPG,https://i.ebayimg.com/00/s/Mjg4WDc1Ng==/z/rXkAAOSwOJlkvuPY/$_3.JPG,https://www.ebay.com/itm/150-Christmas-Primitive-Giraffe-Wreath-Mailing-Return-Address-Labels-Personalize-/156498225163,EBAY-US
"Christmas Claw Machine for Kids, Mini Vending Machines Candy Toys for Girls, Arc",375770207836,78.99,USD,New,Candy & Bulk Vending Machines,dimaferreir0,16,0.0,false,Free,0.0,FixedPrice,false,2024-11-06 16:04:34,2024-12-06 16:04:34,dimaferreir0,http://stores.ebay.com/dimaferreir0,https://i.ebayimg.com/thumbs/images/g/4QgAAOSwk81nK5N4/s-l140.jpg,https://i.ebayimg.com/00/s/MTM5M1gxNTAw/z/4QgAAOSwk81nK5N4/$_1.JPG,https://i.ebayimg.com/00/s/MTM5M1gxNTAw/z/4QgAAOSwk81nK5N4/$_3.JPG,https://www.ebay.com/itm/Christmas-Claw-Machine-Kids-Mini-Vending-Machines-Candy-Toys-Girls-Arc-/375770207836,EBAY-US
"Christmas Disney 60 Personalized Customized Return Address Labels 1"" x 2 5/8""",315860440575,2.97,USD,New,Address & Shipping Labels,apple-seed,2,100.0,false,Free,0.0,FixedPrice,false,2024-10-17 17:43:31,2024-11-17 18:43:31,N/A,N/A,https://i.ebayimg.com/thumbs/images/g/6XEAAOSwBUFnEUx1/s-l140.jpg,https://i.ebayimg.com/00/s/NTU1WDkwMA==/z/6XEAAOSwBUFnEUx1/$_1.JPG,https://i.ebayimg.com/00/s/NTU1WDkwMA==/z/6XEAAOSwBUFnEUx1/$_3.JPG,https://www.ebay.com/itm/Christmas-Disney-60-Personalized-Customized-Return-Address-Labels-1-x-2-5-8-/315860440575,EBAY-US
"60 Christmas Return Address Labels Personalized 3/4"" x 2 1/4"" Stocking",315713272783,2.99,USD,New,Address & Shipping Labels,addresslabelsandmore,5370,99.0,false,Free,0.0,FixedPrice,false,2024-08-31 08:42:03,2024-11-30 09:42:03,AddressLabelsAndMore,http://stores.ebay.com/AddressLabelsAndMore,https://i.ebayimg.com/thumbs/images/g/qCgAAOSwlvtm0RSs/s-l140.jpg,https://i.ebayimg.com/00/s/MTYwMFgxNjAw/z/qCgAAOSwlvtm0RSs/$_1.JPG,https://i.ebayimg.com/00/s/MTYwMFgxNjAw/z/qCgAAOSwlvtm0RSs/$_3.JPG,https://www.ebay.com/itm/60-Christmas-Return-Address-Labels-Personalized-3-4-x-2-1-4-Stocking-/315713272783?var=614129056667,EBAY-US
25 Christmas Holiday Themed Poly Mailers 6x9 Shipping Bags Gingerbread Cookies,355889573271,8.5,USD,New,Other Envelopes & Mailers,459sales,1733,100.0,false,Free,0.0,FixedPrice,false,2024-07-22 05:56:04,2024-11-22 06:56:04,R&R SALESVR,http://stores.ebay.com/R-R-SALESVR,https://i.ebayimg.com/thumbs/images/g/TbkAAOSwK4NlcBHO/s-l140.jpg,https://i.ebayimg.com/00/s/MTI5NVgxMzA3/z/TbkAAOSwK4NlcBHO/$_1.JPG,https://i.ebayimg.com/00/s/MTI5NVgxMzA3/z/TbkAAOSwK4NlcBHO/$_3.JPG,https://www.ebay.com/itm/25-Christmas-Holiday-Themed-Poly-Mailers-6x9-Shipping-Bags-Gingerbread-Cookies-/355889573271,EBAY-US
NECA Nightmare Before Christmas Jack Notebook Diary Journal With Lock new,375507227655,4.0,USD,New,Blank Diaries & Journals,andbea-2867,132,100.0,true,Calculated,N/A,FixedPrice,false,2024-06-27 20:54:08,2024-11-26 21:53:51,N/A,N/A,https://i.ebayimg.com/thumbs/images/g/A34AAOSwGjFmfH9C/s-l140.jpg,https://i.ebayimg.com/00/s/MTQ0MFgxMDgw/z/A34AAOSwGjFmfH9C/$_1.JPG,https://i.ebayimg.com/00/s/MTQ0MFgxMDgw/z/A34AAOSwGjFmfH9C/$_3.JPG,https://www.ebay.com/itm/NECA-Nightmare-Before-Christmas-Jack-Notebook-Diary-Journal-Lock-new-/375507227655,EBAY-US
"10x13 Merry Christmas Combo! Santa, Snowmen and Wreath Poly Mailers, Festive Gra",176594667835,10.95,USD,New,Other Envelopes & Mailers,shipnfun,27078,99.8,false,Free,0.0,FixedPrice,false,2024-09-24 22:08:25,2024-11-24 23:08:25,ShipNFun,http://stores.ebay.com/ShipNFun,https://i.ebayimg.com/thumbs/images/g/GJsAAOSwqqVm8zhI/s-l140.jpg,https://i.ebayimg.com/00/s/MTYwMFgxNjAw/z/GJsAAOSwqqVm8zhI/$_1.JPG,https://i.ebayimg.com/00/s/MTYwMFgxNjAw/z/GJsAAOSwqqVm8zhI/$_3.JPG,https://www.ebay.com/itm/10x13-Merry-Christmas-Combo-Santa-Snowmen-and-Wreath-Poly-Mailers-Festive-Gra-/176594667835?var=476223515433,EBAY-US
30 Custom Christmas Special Wreath Personalized Address Labels,146110813311,0.99,USD,New,Blank Labels,jayhawk1117,43782,99.5,false,Free,0.0,FixedPrice,false,2024-10-18 08:12:44,2024-11-18 09:12:44,Raven's Attic Address Labels,http://stores.ebay.com/Ravens-Attic-Address-Labels,https://i.ebayimg.com/thumbs/images/g/CsUAAOSw3nFlSfXp/s-l140.jpg,https://i.ebayimg.com/00/s/ODAwWDgwMA==/z/CsUAAOSw3nFlSfXp/$_1.JPG,https://i.ebayimg.com/00/s/ODAwWDgwMA==/z/CsUAAOSw3nFlSfXp/$_3.JPG,https://www.ebay.com/itm/30-Custom-Christmas-Special-Wreath-Personalized-Address-Labels-/146110813311,EBAY-US
2025 Calendar Funny Dogs Pooping in Beautiful Places Wall Calender Christmas,356172199163,9.34,USD,New,Calendars,leticia_129,27,100.0,false,Free,0.0,FixedPrice,false,2024-10-20 15:12:27,2024-11-20 16:12:27,leticia_129,http://stores.ebay.com/leticia-129,https://i.ebayimg.com/thumbs/images/g/2pUAAOSwdO5nHbF3/s-l140.jpg,https://i.ebayimg.com/00/s/ODAwWDgwMA==/z/2pUAAOSwdO5nHbF3/$_1.JPG,https://i.ebayimg.com/00/s/ODAwWDgwMA==/z/2pUAAOSwdO5nHbF3/$_3.JPG,https://www.ebay.com/itm/2025-Calendar-Funny-Dogs-Pooping-Beautiful-Places-Wall-Calender-Christmas-/356172199163,EBAY-US
"NEW 10x13 Fall, Christmas, Snowmen, Teal Snowflakes, Trees Poly Shipping Mailers",174470519210,9.98,USD,New,Other Envelopes & Mailers,shipnfun,27057,99.8,false,Free,0.0,FixedPrice,false,2020-10-08 21:41:13,2024-11-08 22:41:13,ShipNFun,http://stores.ebay.com/ShipNFun,https://i.ebayimg.com/thumbs/images/g/tRwAAOSwgqxff4OZ/s-l140.jpg,https://i.ebayimg.com/00/s/MTI4MFgxNjAw/z/tRwAAOSwgqxff4OZ/$_1.JPG,https://i.ebayimg.com/00/s/MTI4MFgxNjAw/z/tRwAAOSwgqxff4OZ/$_3.JPG,https://www.ebay.com/itm/NEW-10x13-Fall-Christmas-Snowmen-Teal-Snowflakes-Trees-Poly-Shipping-Mailers-/174470519210?var=0,EBAY-US
Christmas Poly Mailers Size 6x9 Holiday Pack of 20 Shipping Bags,295308965342,8.0,USD,New,Envelope Bags & Poly Mailers,shippinginstyle,409,100.0,true,Free,0.0,FixedPrice,false,2022-10-31 18:44:57,2024-11-30 19:44:57,N/A,N/A,https://i.ebayimg.com/thumbs/images/g/PYwAAOSwFpVjYBaG/s-l140.jpg,https://i.ebayimg.com/00/s/Nzg4WDk0MA==/z/PYwAAOSwFpVjYBaG/$_1.JPG,https://i.ebayimg.com/00/s/Nzg4WDk0MA==/z/PYwAAOSwFpVjYBaG/$_3.JPG,https://www.ebay.com/itm/Christmas-Poly-Mailers-Size-6x9-Holiday-Pack-20-Shipping-Bags-/295308965342?var=0,EBAY-US
Stampers Anonymous Tim Holtz Collection Clear Stamps & Stencil CHRISTMAS CARTOON,205049239907,10.46,USD,New,Planners & Organizers,craftgirl_1,8021,100.0,false,Free,0.0,FixedPrice,false,2024-10-17 23:07:50,2024-11-18 00:07:50,Creative Planning and Crafts,http://stores.ebay.com/Creative-Planning-and-Crafts,https://i.ebayimg.com/thumbs/images/g/FsYAAOSwE8lnEZiM/s-l140.jpg,https://i.ebayimg.com/00/s/MTYwMFgxMDA4/z/FsYAAOSwE8lnEZiM/$_1.JPG,https://i.ebayimg.com/00/s/MTYwMFgxMDA4/z/FsYAAOSwE8lnEZiM/$_3.JPG,https://www.ebay.com/itm/Stampers-Anonymous-Tim-Holtz-Collection-Clear-Stamps-Stencil-CHRISTMAS-CARTOON-/205049239907,EBAY-US
Christmas Poly Mailers Size 10x13 Holiday Pack of 20 Shipping Bags,295308947851,10.99,USD,New,Envelope Bags & Poly Mailers,shippinginstyle,409,100.0,true,Free,0.0,FixedPrice,false,2022-10-31 18:33:27,2024-11-30 19:33:27,N/A,N/A,https://i.ebayimg.com/thumbs/images/g/xAQAAOSwGDBjYBOf/s-l140.jpg,https://i.ebayimg.com/00/s/Nzg4WDk0MA==/z/xAQAAOSwGDBjYBOf/$_1.JPG,https://i.ebayimg.com/00/s/Nzg4WDk0MA==/z/xAQAAOSwGDBjYBOf/$_3.JPG,https://www.ebay.com/itm/Christmas-Poly-Mailers-Size-10x13-Holiday-Pack-20-Shipping-Bags-/295308947851?var=0,EBAY-US
600Pcs Christmas Candy Wrappers Christmas Caramel Chocolate Wrapper Tissues X...,196764312084,12.15,USD,New,Cotton Candy Machines,foryo2301,538,99.1,false,Free,0.0,FixedPrice,false,2024-10-30 15:58:36,2024-11-30 16:58:36,AmericanDreamCrafts,http://stores.ebay.com/AmericanDreamCrafts,https://i.ebayimg.com/thumbs/images/g/00IAAOSwmKBnIliC/s-l140.jpg,https://i.ebayimg.com/00/s/MTYwMFgxNjAw/z/00IAAOSwmKBnIliC/$_1.JPG,https://i.ebayimg.com/00/s/MTYwMFgxNjAw/z/00IAAOSwmKBnIliC/$_3.JPG,https://www.ebay.com/itm/600Pcs-Christmas-Candy-Wrappers-Christmas-Caramel-Chocolate-Wrapper-Tissues-X-/196764312084,EBAY-US
Little Nero's Full Size Pizza Box Costume Prop Christmas Gift from Home Alone,235810838069,20.0,USD,New,"Disposable Boxes, Containers & Trays",zzabox,17935,99.7,true,Free,0.0,FixedPrice,false,2024-10-31 13:12:50,2024-11-30 14:12:50,Zza Box,http://stores.ebay.com/Zza-Box,https://i.ebayimg.com/thumbs/images/g/QXsAAOSw1~VnI4IJ/s-l140.jpg,https://i.ebayimg.com/00/s/MTA2NlgxNjAw/z/QXsAAOSw1~VnI4IJ/$_1.JPG,https://i.ebayimg.com/00/s/MTA2NlgxNjAw/z/QXsAAOSw1~VnI4IJ/$_3.JPG,https://www.ebay.com/itm/Little-Neros-Full-Size-Pizza-Box-Costume-Prop-Christmas-Gift-Home-Alone-/235810838069,EBAY-US
NEW! Happy Planner “MERRY CHRISTMAS” Value Pack Stickers - 532 Pieces,205028106819,11.86,USD,New,Planners & Organizers,craftgirl_1,8057,100.0,false,Free,0.0,FixedPrice,false,2024-10-04 18:53:48,2024-12-04 19:53:48,Creative Planning and Crafts,http://stores.ebay.com/Creative-Planning-and-Crafts,https://i.ebayimg.com/thumbs/images/g/AU0AAOSwdoJlI2Ef/s-l140.jpg,https://i.ebayimg.com/00/s/MTMxMFg5MDc=/z/AU0AAOSwdoJlI2Ef/$_1.JPG,https://i.ebayimg.com/00/s/MTMxMFg5MDc=/z/AU0AAOSwdoJlI2Ef/$_3.JPG,https://www.ebay.com/itm/NEW-Happy-Planner-MERRY-CHRISTMAS-Value-Pack-Stickers-532-Pieces-/205028106819,EBAY-US
Funpak Packing Peanuts Christmas Love Minipack .6 Cu Ft Biodegradable,365216522966,10.89,USD,New,Packing Peanuts,edw4-4455,2289,99.5,false,Free,0.0,FixedPrice,false,2024-11-06 13:12:26,2024-12-06 13:12:26,Selected Store Goods,http://stores.ebay.com/Selected-Store-Goods,https://i.ebayimg.com/thumbs/images/g/cT0AAOSwJEBmp8Hl/s-l140.jpg,https://i.ebayimg.com/00/s/MTI4MFgxMjgw/z/cT0AAOSwJEBmp8Hl/$_1.JPG,https://i.ebayimg.com/00/s/MTI4MFgxMjgw/z/cT0AAOSwJEBmp8Hl/$_3.JPG,https://www.ebay.com/itm/Funpak-Packing-Peanuts-Christmas-Love-Minipack-6-Cu-Ft-Biodegradable-/365216522966,EBAY-US
Sublimation Transfer Christmas Bow Ready To Press Heat Transfer,256645436788,2.3,USD,New,Transfers,countrygracewithalisha,6244,97.8,true,Flat,4.25,FixedPrice,false,2024-09-18 16:32:14,2024-11-18 17:32:14,Country Grace With Alisha,http://stores.ebay.com/Country-Grace-With-Alisha,https://i.ebayimg.com/thumbs/images/g/jxEAAOSwRUJm6wB9/s-l140.jpg,https://i.ebayimg.com/00/s/MTA4MFgxMDgw/z/jxEAAOSwRUJm6wB9/$_1.JPG,https://i.ebayimg.com/00/s/MTA4MFgxMDgw/z/jxEAAOSwRUJm6wB9/$_3.JPG,https://www.ebay.com/itm/Sublimation-Transfer-Christmas-Bow-Ready-Press-Heat-Transfer-/256645436788,EBAY-US
60 Custom Peanuts Christmas Return Address Labels Personalized You Pick!!!,355926889467,6.0,USD,New,Blank Labels,prop_shop_bob,189,98.0,false,Free,0.0,FixedPrice,false,2024-08-04 22:39:18,2024-12-04 23:39:18,Bob’s Pop Culture Emporium,http://stores.ebay.com/Bob-s-Pop-Culture-Emporium,https://i.ebayimg.com/thumbs/images/g/lkEAAOSw4f9msAMF/s-l140.jpg,https://i.ebayimg.com/00/s/MTA4OFg3MzQ=/z/lkEAAOSw4f9msAMF/$_1.JPG,https://i.ebayimg.com/00/s/MTA4OFg3MzQ=/z/lkEAAOSw4f9msAMF/$_3.JPG,https://www.ebay.com/itm/60-Custom-Peanuts-Christmas-Return-Address-Labels-Personalized-You-Pick-/355926889467,EBAY-US
"Christmas junk journal, Vintage junk journal, holiday journal, Christmas Town",226434906218,35.0,USD,New,Blank Diaries & Journals,calip_9018,0,100.0,false,Calculated,N/A,FixedPrice,false,2024-11-05 23:16:30,2024-12-05 23:16:30,N/A,N/A,https://i.ebayimg.com/thumbs/images/g/4kMAAOSwvdZnKqX2/s-l140.jpg,https://i.ebayimg.com/00/s/MTEyNFg4NTA=/z/4kMAAOSwvdZnKqX2/$_1.JPG,https://i.ebayimg.com/00/s/MTEyNFg4NTA=/z/4kMAAOSwvdZnKqX2/$_3.JPG,https://www.ebay.com/itm/Christmas-junk-journal-Vintage-junk-journal-holiday-journal-Christmas-Town-/226434906218,EBAY-US
DIY 3D LED Christmas Tree Circuit Kit Glitter Electronic Learning Set With Shell,404635106391,10.88,USD,New,Christmas Trees,modulesworld2022,4043,99.2,true,Free,0.0,FixedPrice,false,2023-11-21 03:06:42,2024-11-21 03:06:42,modulesworld2022,http://stores.ebay.com/modulesworld2022,https://i.ebayimg.com/thumbs/images/g/04oAAOSwJDdlXB7A/s-l140.jpg,https://i.ebayimg.com/00/s/MTAwMFgxMDAw/z/04oAAOSwJDdlXB7A/$_1.JPG,https://i.ebayimg.com/00/s/MTAwMFgxMDAw/z/04oAAOSwJDdlXB7A/$_3.JPG,https://www.ebay.com/itm/DIY-3D-LED-Christmas-Tree-Circuit-Kit-Glitter-Electronic-Learning-Set-Shell-/404635106391?var=674628869023,EBAY-US
5 New Christmas Holiday Bubble Mailers Shipping Bag Poly Padded Envelopes 8.5x11,375004487968,12.95,USD,New,Padded Envelopes,leerey13,2064,100.0,true,Free,0.0,FixedPrice,false,2023-10-22 00:43:54,2024-11-22 01:43:54,LeeRey's Thrifty Treasures,http://stores.ebay.com/LeeReys-Thrifty-Treasures,https://i.ebayimg.com/thumbs/images/g/~okAAOSw5S5lNByg/s-l140.jpg,https://i.ebayimg.com/00/s/MTE5OFgxNjAw/z/~okAAOSw5S5lNByg/$_1.JPG,https://i.ebayimg.com/00/s/MTE5OFgxNjAw/z/~okAAOSw5S5lNByg/$_3.JPG,https://www.ebay.com/itm/5-New-Christmas-Holiday-Bubble-Mailers-Shipping-Bag-Poly-Padded-Envelopes-8-5x11-/375004487968,EBAY-US
Six Rubber Stamps; Christmas; Happy Sayings  FREE SHIPPING,116382119021,19.0,USD,Used,Other Printing & Graphic Arts,sweetlosells,46,100.0,false,Free,0.0,FixedPrice,false,2024-11-06 01:44:05,2024-12-06 01:44:05,Sweet_Lo_Sells,http://stores.ebay.com/Sweet-Lo-Sells,https://i.ebayimg.com/thumbs/images/g/vCMAAOSwLWNnKspw/s-l140.jpg,https://i.ebayimg.com/00/s/MTYwMFgxNjAw/z/vCMAAOSwLWNnKspw/$_1.JPG,https://i.ebayimg.com/00/s/MTYwMFgxNjAw/z/vCMAAOSwLWNnKspw/$_3.JPG,https://www.ebay.com/itm/Six-Rubber-Stamps-Christmas-Happy-Sayings-FREE-SHIPPING-/116382119021,EBAY-US
Acenail Extra Long Press on Nails Christmas Coffin Fake Xmas-Red Snowflake,167055250093,5.88,USD,New,Plastic Discs,dwds566,499,99.6,true,Free,0.0,FixedPrice,false,2024-10-30 18:03:21,2024-11-30 19:03:21,dwds566,http://stores.ebay.com/dwds566,https://i.ebayimg.com/thumbs/images/g/LkcAAOSworVnInVJ/s-l140.jpg,https://i.ebayimg.com/00/s/NTAwWDUwMA==/z/LkcAAOSworVnInVJ/$_1.JPG,https://i.ebayimg.com/00/s/NTAwWDUwMA==/z/LkcAAOSworVnInVJ/$_3.JPG,https://www.ebay.com/itm/Acenail-Extra-Long-Press-Nails-Christmas-Coffin-Fake-Xmas-Red-Snowflake-/167055250093,EBAY-US
Face Mask Christmas Holiday New Year 2022 Disposable Surgical 3 Ply Adult Size,224183319017,6.99,USD,New,Disposable Face Masks,lytecordz,28774,96.3,false,Free,0.0,FixedPrice,false,2020-10-06 18:07:34,2024-11-06 19:07:34,LyteCordz,http://stores.ebay.com/LyteCordz,https://i.ebayimg.com/thumbs/images/g/22QAAOSwZOZhg1T~/s-l140.jpg,https://i.ebayimg.com/00/s/ODAwWDgwMA==/z/22QAAOSwZOZhg1T~/$_1.JPG,https://i.ebayimg.com/00/s/ODAwWDgwMA==/z/22QAAOSwZOZhg1T~/$_3.JPG,https://www.ebay.com/itm/Face-Mask-Christmas-Holiday-New-Year-2022-Disposable-Surgical-3-Ply-Adult-Size-/224183319017?var=0,EBAY-US
"25 Sheets Christmas Stationery Letterhead 8½""x11"" - BRAND NEW",405328613458,3.99,USD,New,Other Office Paper Products,betterbuys77,715,97.8,true,Flat,3.6,AuctionWithBIN,true,2024-11-06 03:06:01,2024-11-16 03:06:01,N/A,N/A,https://i.ebayimg.com/thumbs/images/g/oWAAAOSw1gpnKcC9/s-l140.jpg,https://i.ebayimg.com/00/s/MTU0OVgxNjAw/z/oWAAAOSw1gpnKcC9/$_1.JPG,https://i.ebayimg.com/00/s/MTU0OVgxNjAw/z/oWAAAOSw1gpnKcC9/$_3.JPG,https://www.ebay.com/itm/25-Sheets-Christmas-Stationery-Letterhead-8-x11-BRAND-NEW-/405328613458,EBAY-US
Poly Mailers Pastel Holiday Christmas 10x13 Assortment,156399412248,8.0,USD,New,Envelope Bags & Poly Mailers,nxtlevelship,257,97.4,false,Calculated,N/A,FixedPrice,false,2024-09-09 14:44:19,2024-11-09 15:44:19,N/A,N/A,https://i.ebayimg.com/thumbs/images/g/~YUAAOSw94Nm3wmT/s-l140.jpg,https://i.ebayimg.com/00/s/MTYwMFgxNjAw/z/~YUAAOSw94Nm3wmT/$_1.JPG,https://i.ebayimg.com/00/s/MTYwMFgxNjAw/z/~YUAAOSw94Nm3wmT/$_3.JPG,https://www.ebay.com/itm/Poly-Mailers-Pastel-Holiday-Christmas-10x13-Assortment-/156399412248,EBAY-US
"Junk Journal BOOKLET ""VICTORIAN WINTER"" HANDMADE Christmas, Holidays, Ephemera+",375694058101,14.99,USD,New,Blank Diaries & Journals,santafeoriginalsart,313,99.4,false,Flat,3.0,FixedPrice,false,2024-10-05 23:56:42,2024-12-06 00:56:42,N/A,N/A,https://i.ebayimg.com/thumbs/images/g/9zAAAOSwNT1nAdGC/s-l140.jpg,https://i.ebayimg.com/00/s/MTYwMFgxMjAw/z/9zAAAOSwNT1nAdGC/$_1.JPG,https://i.ebayimg.com/00/s/MTYwMFgxMjAw/z/9zAAAOSwNT1nAdGC/$_3.JPG,https://www.ebay.com/itm/Junk-Journal-BOOKLET-VICTORIAN-WINTER-HANDMADE-Christmas-Holidays-Ephemera-/375694058101,EBAY-US
10x13 ~ Christmas Santa Design Printed Poly Mailers Shipping Envelopes Gift Bags,115591422445,3.99,USD,New,Other Envelopes & Mailers,sack.of.wonders,40717,99.9,false,Flat,4.99,FixedPrice,false,2022-11-04 05:54:56,2024-12-04 06:54:56,Sack Of Wonders,http://stores.ebay.com/Sack-Of-Wonders,https://i.ebayimg.com/thumbs/images/g/IhQAAOSwV1JjZJHk/s-l140.jpg,https://i.ebayimg.com/00/s/NjYzWDE2MDA=/z/IhQAAOSwV1JjZJHk/$_1.JPG,https://i.ebayimg.com/00/s/NjYzWDE2MDA=/z/IhQAAOSwV1JjZJHk/$_3.JPG,https://www.ebay.com/itm/10x13-Christmas-Santa-Design-Printed-Poly-Mailers-Shipping-Envelopes-Gift-Bags-/115591422445?var=415607178816,EBAY-US
100 10x13 Christmas PLAID Deer PEPPERMINT MOCHA Mailers Poly Shipping Envelope,303720307179,19.9,USD,New,Other Envelopes & Mailers,happywalls4u,4959,99.6,true,FlatDomesticCalculatedInternational,0.0,FixedPrice,false,2020-10-09 18:05:03,2024-11-09 19:05:03,CindysCozyCorner1,http://stores.ebay.com/CindysCozyCorner1,https://i.ebayimg.com/thumbs/images/g/~aoAAOSwOaJhet1E/s-l140.jpg,https://i.ebayimg.com/00/s/MTIwMFgxNjAw/z/~aoAAOSwOaJhet1E/$_1.JPG,https://i.ebayimg.com/00/s/MTIwMFgxNjAw/z/~aoAAOSwOaJhet1E/$_3.JPG,https://www.ebay.com/itm/100-10x13-Christmas-PLAID-Deer-PEPPERMINT-MOCHA-Mailers-Poly-Shipping-Envelope-/303720307179,EBAY-US
10 - 500 10x13 CHRISTMAS PEPPERMINT MOCHA Mailers Poly Shipping Envelopes Bags,303762352634,7.85,USD,New,Envelope Bags & Poly Mailers,happywalls4u,4962,99.6,true,Free,0.0,FixedPrice,false,2020-11-11 15:25:52,2024-11-11 15:25:52,CindysCozyCorner1,http://stores.ebay.com/CindysCozyCorner1,https://i.ebayimg.com/thumbs/images/g/NvwAAOSwCwFfq~1P/s-l140.jpg,https://i.ebayimg.com/00/s/MTIwMFgxNjAw/z/NvwAAOSwCwFfq~1P/$_1.JPG,https://i.ebayimg.com/00/s/MTIwMFgxNjAw/z/NvwAAOSwCwFfq~1P/$_3.JPG,https://www.ebay.com/itm/10-500-10x13-CHRISTMAS-PEPPERMINT-MOCHA-Mailers-Poly-Shipping-Envelopes-Bags-/303762352634?var=0,EBAY-US
Designer Poly Mailers Plastic Envelopes Shipping Bags Custom #SmileMail®,392009775080,23.95,USD,New,Envelope Bags & Poly Mailers,upaknship,393218,99.7,false,Free,0.0,FixedPrice,false,2018-03-29 23:08:53,2024-11-30 00:08:53,UPAKNSHIP,http://stores.ebay.com/UPAKNSHIP,https://i.ebayimg.com/thumbs/images/g/ul4AAOSw~epdXGsP/s-l140.jpg,https://i.ebayimg.com/00/s/MzU1WDUwMA==/z/ul4AAOSw~epdXGsP/$_1.JPG,https://i.ebayimg.com/00/s/MzU1WDUwMA==/z/ul4AAOSw~epdXGsP/$_3.JPG,https://www.ebay.com/itm/Designer-Poly-Mailers-Plastic-Envelopes-Shipping-Bags-Custom-SmileMail-/392009775080?var=660966023308,EBAY-US
