
Title,Item ID,Price,Currency,Condition,Category,Seller,Feedback Score,Positive Feedback %,Top Rated Seller,Shipping Type,Shipping Cost,Listing Type,Buy It Now Available,Start Time,End Time,Store Name,Store URL,Gallery URL,Large Image URL,Super Size Image URL,View Item URL,Marketplace
Santa Claus Grinch Dog Collar Adjustable Christmas collar,296655569909,8.75,USD,New,Collars,fancydawgz,759,100.0,true,Flat,4.5,FixedPrice,false,2024-08-27 18:22:31,2024-11-27 19:22:31,Fancy Dawgz,http://stores.ebay.com/Fancy-Dawgz,https://i.ebayimg.com/thumbs/images/g/XLcAAOSw6tpmzhgo/s-l140.jpg,https://i.ebayimg.com/00/s/MTE2M1gxNjAw/z/XLcAAOSw6tpmzhgo/$_1.JPG,https://i.ebayimg.com/00/s/MTE2M1gxNjAw/z/XLcAAOSw6tpmzhgo/$_3.JPG,https://www.ebay.com/itm/Santa-Claus-Grinch-Dog-Collar-Adjustable-Christmas-collar-/296655569909?var=0,EBAY-US
"3 Pack Christmas Cat Collars,Christmas Flower Kitten Collars with Adjustable",387485242733,16.18,USD,New,Collars & Tags,dwd856,153,98.1,true,Free,0.0,FixedPrice,false,2024-10-14 19:53:41,2024-11-14 20:52:40,dwd856,http://stores.ebay.com/dwd856,https://i.ebayimg.com/thumbs/images/g/Tn0AAOSwFuVnDXdp/s-l140.jpg,https://i.ebayimg.com/00/s/NTAwWDUwMA==/z/Tn0AAOSwFuVnDXdp/$_1.JPG,https://i.ebayimg.com/00/s/NTAwWDUwMA==/z/Tn0AAOSwFuVnDXdp/$_3.JPG,https://www.ebay.com/itm/3-Pack-Christmas-Cat-Collars-Christmas-Flower-Kitten-Collars-Adjustable-/387485242733,EBAY-US
Christmas Moss BUY 2 GET 1 Free Plants Aquarium Fish Tank. 2x3,385729170925,6.75,USD,New,Live Plants,sh7948,188,98.0,false,Free,0.0,FixedPrice,false,2023-07-03 17:48:56,2024-12-03 18:48:56,N/A,N/A,https://i.ebayimg.com/thumbs/images/g/lH0AAOSwrAFm0~VD/s-l140.jpg,https://i.ebayimg.com/00/s/ODA2WDEwNzQ=/z/lH0AAOSwrAFm0~VD/$_1.JPG,https://i.ebayimg.com/00/s/ODA2WDEwNzQ=/z/lH0AAOSwrAFm0~VD/$_3.JPG,https://www.ebay.com/itm/Christmas-Moss-BUY-2-GET-1-Free-Plants-Aquarium-Fish-Tank-2x3-/385729170925,EBAY-US
Pet Christmas Clothes Dog Christmas Sweater Pet Clothes Puppy Costume S~4XL,395804340727,8.51,USD,New with tags,Clothing & Shoes,zrougor,36,92.9,false,Free,0.0,FixedPrice,false,2024-10-17 00:01:27,2024-11-17 01:01:27,zrougor,http://stores.ebay.com/zrougor,https://i.ebayimg.com/thumbs/images/g/iewAAOSwjPhnEFPD/s-l140.jpg,https://i.ebayimg.com/00/s/MTYwMFgxNjAw/z/iewAAOSwjPhnEFPD/$_1.JPG,https://i.ebayimg.com/00/s/MTYwMFgxNjAw/z/iewAAOSwjPhnEFPD/$_3.JPG,https://www.ebay.com/itm/Pet-Christmas-Clothes-Dog-Christmas-Sweater-Pet-Clothes-Puppy-Costume-S-4XL-/395804340727?var=0,EBAY-US
Small Breed Dogs/Pet Christmas Santa Coat,356229174680,7.0,USD,New without tags,Clothing & Shoes,insua52,5,100.0,false,FreePickup,0.0,FixedPrice,false,2024-11-06 05:55:01,2024-12-06 05:55:01,N/A,N/A,https://i.ebayimg.com/thumbs/images/g/~08AAOSwhB5nKwBp/s-l140.jpg,https://i.ebayimg.com/00/s/MTQ0MFgxMDgw/z/~08AAOSwhB5nKwBp/$_1.JPG,https://i.ebayimg.com/00/s/MTQ0MFgxMDgw/z/~08AAOSwhB5nKwBp/$_3.JPG,https://www.ebay.com/itm/Small-Breed-Dogs-Pet-Christmas-Santa-Coat-/356229174680,EBAY-US
1pc Christmas Triangle Scarf For Dog Pet Party New Year Holiday Celebration,375711154473,4.78,USD,New with tags,Clothing & Shoes,wholesale_zone,2611,97.9,true,Free,0.0,FixedPrice,false,2024-10-13 13:18:25,2024-11-13 14:18:25,Wholesale Zone Ltd,http://stores.ebay.com/Wholesale-Zone-Ltd,https://i.ebayimg.com/thumbs/images/g/w10AAOSw~7pnBpPP/s-l140.jpg,https://i.ebayimg.com/00/s/NzMyWDYzNg==/z/w10AAOSw~7pnBpPP/$_1.JPG,https://i.ebayimg.com/00/s/NzMyWDYzNg==/z/w10AAOSw~7pnBpPP/$_3.JPG,https://www.ebay.com/itm/1pc-Christmas-Triangle-Scarf-Dog-Pet-Party-New-Year-Holiday-Celebration-/375711154473,EBAY-US
Christmas Grinch Green Terri's Dog Collar custom made adjustable fabric pet gift,386241623714,8.99,USD,New,Collars,windowmom,21636,100.0,true,Flat,4.75,FixedPrice,false,2023-10-30 23:31:09,2024-12-01 00:31:09,Terri's Dog Collars,http://stores.ebay.com/Terris-Dog-Collars,https://i.ebayimg.com/thumbs/images/g/Zn8AAOSwUYBlQDvV/s-l140.jpg,https://i.ebayimg.com/00/s/MTE5MlgxNjAw/z/Zn8AAOSwUYBlQDvV/$_1.JPG,https://i.ebayimg.com/00/s/MTE5MlgxNjAw/z/Zn8AAOSwUYBlQDvV/$_3.JPG,https://www.ebay.com/itm/Christmas-Grinch-Green-Terris-Dog-Collar-custom-made-adjustable-fabric-pet-gift-/386241623714?var=0,EBAY-US
Christmas Cat Tree with Cat House Cat Tower for Indoor Cats with Cat Condos,267048649086,41.79,USD,New,Beds,taus784,193291,99.8,true,Free,0.0,FixedPrice,false,2024-11-01 07:16:01,2024-12-01 08:16:01,taus784,http://stores.ebay.com/taus784,https://i.ebayimg.com/thumbs/images/g/zuIAAOSwOodnJIDm/s-l140.jpg,https://i.ebayimg.com/00/s/MTAyNFgxMDI0/z/zuIAAOSwOodnJIDm/$_1.JPG,https://i.ebayimg.com/00/s/MTAyNFgxMDI0/z/zuIAAOSwOodnJIDm/$_3.JPG,https://www.ebay.com/itm/Christmas-Cat-Tree-Cat-House-Cat-Tower-Indoor-Cats-Cat-Condos-/267048649086?var=0,EBAY-US
Small Breed Dogs /Pets Festive Christmas Santa Coat,356229157772,7.0,USD,New without tags,Clothing & Shoes,insua52,5,100.0,false,FreePickup,0.0,FixedPrice,false,2024-11-06 05:35:01,2024-12-06 05:35:01,N/A,N/A,https://i.ebayimg.com/thumbs/images/g/YzcAAOSwRVNnKvb5/s-l140.jpg,https://i.ebayimg.com/00/s/MTQ0MFgxMDgw/z/YzcAAOSwRVNnKvb5/$_1.JPG,https://i.ebayimg.com/00/s/MTQ0MFgxMDgw/z/YzcAAOSwRVNnKvb5/$_3.JPG,https://www.ebay.com/itm/Small-Breed-Dogs-Pets-Festive-Christmas-Santa-Coat-/356229157772,EBAY-US
Pet Christmas Outfit Shiny Netting Dog Santa Claus Costume Cute Red Dresses,395836935547,10.65,USD,New with tags,Clothing & Shoes,kloler,47,98.0,false,Free,0.0,FixedPrice,false,2024-10-28 02:53:07,2024-11-28 03:53:07,kloler,http://stores.ebay.com/kloler,https://i.ebayimg.com/thumbs/images/g/8qUAAOSw5spnHvx9/s-l140.jpg,https://i.ebayimg.com/00/s/MTYwMFgxNjAw/z/8qUAAOSw5spnHvx9/$_1.JPG,https://i.ebayimg.com/00/s/MTYwMFgxNjAw/z/8qUAAOSw5spnHvx9/$_3.JPG,https://www.ebay.com/itm/Pet-Christmas-Outfit-Shiny-Netting-Dog-Santa-Claus-Costume-Cute-Red-Dresses-/395836935547?var=0,EBAY-US
DOG HARNESS DRESS  CHRISTMAS TRACKS  WITH HAIR BOW  FREE SHIPPING,226411154289,20.99,USD,New without tags,Clothing & Shoes,teacup45,5740,100.0,true,Free,0.0,FixedPrice,false,2024-10-21 13:27:33,2024-11-21 14:27:33,N/A,N/A,https://i.ebayimg.com/thumbs/images/g/Ip4AAOSwFv9nFlPC/s-l140.jpg,https://i.ebayimg.com/00/s/MTMyMFgxNjAw/z/Ip4AAOSwFv9nFlPC/$_1.JPG,https://i.ebayimg.com/00/s/MTMyMFgxNjAw/z/Ip4AAOSwFv9nFlPC/$_3.JPG,https://www.ebay.com/itm/DOG-HARNESS-DRESS-CHRISTMAS-TRACKS-HAIR-BOW-FREE-SHIPPING-/226411154289?var=0,EBAY-US
Handmade Christmas Dog Dress Medium Dog Dress.,256702869291,18.99,USD,New with tags,Clothing & Shoes,ms3134,845,100.0,true,Flat,4.99,FixedPrice,false,2024-11-04 21:12:17,2024-12-04 21:12:17,Casual Paws by MS,http://stores.ebay.com/Casual-Paws-by-MS,https://i.ebayimg.com/thumbs/images/g/TzIAAOSwgD9m5vl5/s-l140.jpg,https://i.ebayimg.com/00/s/MTYwMFgxMjAw/z/TzIAAOSwgD9m5vl5/$_1.JPG,https://i.ebayimg.com/00/s/MTYwMFgxMjAw/z/TzIAAOSwgD9m5vl5/$_3.JPG,https://www.ebay.com/itm/Handmade-Christmas-Dog-Dress-Medium-Dog-Dress-/256702869291,EBAY-US
Christmas Santa Claus Pet Dog Fancy Dress Jacket Coat costume outfit Red,355916855134,12.79,USD,New with tags,Clothing & Shoes,friday-3030,931,96.9,true,Free,0.0,FixedPrice,false,2024-08-01 09:35:19,2024-12-01 10:35:19,WHDZ-AC-FRIDAY,http://stores.ebay.com/WHDZ-AC-FRIDAY,https://i.ebayimg.com/thumbs/images/g/DCcAAOSwzYljhdIn/s-l140.jpg,https://i.ebayimg.com/00/s/MTIwMFgxMjAw/z/DCcAAOSwzYljhdIn/$_1.JPG,https://i.ebayimg.com/00/s/MTIwMFgxMjAw/z/DCcAAOSwzYljhdIn/$_3.JPG,https://www.ebay.com/itm/Christmas-Santa-Claus-Pet-Dog-Fancy-Dress-Jacket-Coat-costume-outfit-Red-/355916855134?var=0,EBAY-US
Bark Box Christmas dog toy snowflakes,155284047821,10.99,USD,New,Toys,md_discounts_llc,2846,98.0,false,Free,0.0,FixedPrice,false,2022-11-30 17:57:57,2024-11-30 17:57:57,Quality Discounts LLC,http://stores.ebay.com/Quality-Discounts-LLC,https://i.ebayimg.com/thumbs/images/g/m~0AAOSw7ptjh5lO/s-l140.jpg,https://i.ebayimg.com/00/s/NjIxWDU2Mg==/z/m~0AAOSw7ptjh5lO/$_1.JPG,https://i.ebayimg.com/00/s/NjIxWDU2Mg==/z/m~0AAOSw7ptjh5lO/$_3.JPG,https://www.ebay.com/itm/Bark-Box-Christmas-dog-toy-snowflakes-/155284047821,EBAY-US
Wondershop Pet Sweater Christmas Jingle All The Way Red Gray Warm Size Small,315928175377,8.99,USD,New with tags,Clothing & Shoes,jazbargain,160,100.0,false,Free,0.0,FixedPrice,false,2024-11-06 15:47:24,2024-12-06 15:47:24,N/A,N/A,https://i.ebayimg.com/thumbs/images/g/Q2oAAOSw9ulnK49I/s-l140.jpg,https://i.ebayimg.com/00/s/NTAwWDM3NQ==/z/Q2oAAOSw9ulnK49I/$_1.JPG,https://i.ebayimg.com/00/s/NTAwWDM3NQ==/z/Q2oAAOSw9ulnK49I/$_3.JPG,https://www.ebay.com/itm/Wondershop-Pet-Sweater-Christmas-Jingle-All-Way-Red-Gray-Warm-Size-Small-/315928175377,EBAY-US
Santa Aquarium Christmas Decorations Fish Tank Festive Ornaments,205087752867,13.59,USD,New,Decorations,demticably,544,99.4,true,Free,0.0,FixedPrice,false,2024-11-06 11:09:32,2024-12-06 11:09:32,demticably,http://stores.ebay.com/demticably,https://i.ebayimg.com/thumbs/images/g/mxEAAOSwpAtm-7K0/s-l140.jpg,https://i.ebayimg.com/00/s/MTAwMFgxMDAw/z/mxEAAOSwpAtm-7K0/$_1.JPG,https://i.ebayimg.com/00/s/MTAwMFgxMDAw/z/mxEAAOSwpAtm-7K0/$_3.JPG,https://www.ebay.com/itm/Santa-Aquarium-Christmas-Decorations-Fish-Tank-Festive-Ornaments-/205087752867,EBAY-US
Christmas Dog Collar Adjustable Xmas Dog Collar with Christmas Antler Bow Tie Ac,126762815947,34.99,USD,New,Collars,subhanparviz,19,100.0,false,Free,0.0,FixedPrice,false,2024-11-06 12:50:56,2024-12-06 12:49:55,BeingHumanProductions,http://stores.ebay.com/BeingHumanProductions,https://i.ebayimg.com/thumbs/images/g/rL8AAOSwM3dnK2XV/s-l140.jpg,https://i.ebayimg.com/00/s/MTQ0MlgxNTAw/z/rL8AAOSwM3dnK2XV/$_1.JPG,https://i.ebayimg.com/00/s/MTQ0MlgxNTAw/z/rL8AAOSwM3dnK2XV/$_3.JPG,https://www.ebay.com/itm/Christmas-Dog-Collar-Adjustable-Xmas-Dog-Collar-Christmas-Antler-Bow-Tie-Ac-/126762815947?var=0,EBAY-US
Merry Bright Festive Dog Collar XS 8-12in Holiday Christmas Plaid Family Photo,176666924834,4.99,USD,New,Collars,franklindoom1,2576,100.0,true,Calculated,N/A,FixedPrice,false,2024-11-06 14:23:44,2024-12-06 14:23:44,N/A,N/A,https://i.ebayimg.com/thumbs/images/g/oUIAAOSw6RpnK3rS/s-l140.jpg,https://i.ebayimg.com/00/s/MTU5OVgxMjAw/z/oUIAAOSw6RpnK3rS/$_1.JPG,https://i.ebayimg.com/00/s/MTU5OVgxMjAw/z/oUIAAOSw6RpnK3rS/$_3.JPG,https://www.ebay.com/itm/Merry-Bright-Festive-Dog-Collar-XS-8-12in-Holiday-Christmas-Plaid-Family-Photo-/176666924834,EBAY-US
Christmas Xmas Dog Cat Pet Bandana Collar Neckerchief Puppy Winter Knitted Sc✨f,356225831252,3.56,USD,New,Collars,foreverdebude,3203,100.0,false,Free,0.0,FixedPrice,false,2024-11-05 05:36:40,2024-12-05 05:36:40,foreverdebude,http://stores.ebay.com/foreverdebude,https://i.ebayimg.com/thumbs/images/g/8cUAAOSwGRFnBODn/s-l140.jpg,https://i.ebayimg.com/00/s/MTAwMVgxMDAx/z/8cUAAOSwGRFnBODn/$_1.JPG,https://i.ebayimg.com/00/s/MTAwMVgxMDAx/z/8cUAAOSwGRFnBODn/$_3.JPG,https://www.ebay.com/itm/Christmas-Xmas-Dog-Cat-Pet-Bandana-Collar-Neckerchief-Puppy-Winter-Knitted-Sc-f-/356225831252?var=0,EBAY-US
Holiday Santa Dog/Cat Pet Collar and Paws Ruffle Red Bells Christmas Slip-On,286148225400,8.99,USD,Pre-owned,Clothing & Shoes,kerrywells1,244,100.0,false,Calculated,N/A,FixedPrice,false,2024-11-06 15:14:09,2024-12-06 15:14:09,N/A,N/A,https://i.ebayimg.com/thumbs/images/g/5vEAAOSwETlnK4bc/s-l140.jpg,https://i.ebayimg.com/00/s/OTk0WDEyMDA=/z/5vEAAOSwETlnK4bc/$_1.JPG,https://i.ebayimg.com/00/s/OTk0WDEyMDA=/z/5vEAAOSwETlnK4bc/$_3.JPG,https://www.ebay.com/itm/Holiday-Santa-Dog-Cat-Pet-Collar-and-Paws-Ruffle-Red-Bells-Christmas-Slip-On-/286148225400,EBAY-US
"Dog Bandana, Christmas, Red, Snowman, Holly, Birds, Snowflakes, S,M,L",125658991907,4.5,USD,New without tags,Clothing & Shoes,llcharmon,4966,98.3,false,Free,0.0,FixedPrice,false,2022-12-11 19:14:11,2024-11-11 19:14:11,llcharmon Buster Brown Dog Bandanas,http://stores.ebay.com/llcharmon-Buster-Brown-Dog-Bandanas,https://i.ebayimg.com/thumbs/images/g/XIMAAOSwdbJjlirQ/s-l140.jpg,https://i.ebayimg.com/00/s/NzM3WDE2MDA=/z/XIMAAOSwdbJjlirQ/$_1.JPG,https://i.ebayimg.com/00/s/NzM3WDE2MDA=/z/XIMAAOSwdbJjlirQ/$_3.JPG,https://www.ebay.com/itm/Dog-Bandana-Christmas-Red-Snowman-Holly-Birds-Snowflakes-S-M-L-/125658991907?var=0,EBAY-US
"Upgraded Christmas Cat Collar with Bells, Breakaway Cat Collars with Bow Tie, 1",186750735843,11.59,USD,New,Collars & Tags,detailsrhg,16,100.0,false,Free,0.0,FixedPrice,false,2024-10-27 19:46:22,2024-11-27 20:46:22,N/A,N/A,https://i.ebayimg.com/thumbs/images/g/4QgAAOSw8Y1nHpiB/s-l140.jpg,https://i.ebayimg.com/00/s/MTM4OVgxNTAw/z/4QgAAOSw8Y1nHpiB/$_1.JPG,https://i.ebayimg.com/00/s/MTM4OVgxNTAw/z/4QgAAOSw8Y1nHpiB/$_3.JPG,https://www.ebay.com/itm/Upgraded-Christmas-Cat-Collar-Bells-Breakaway-Cat-Collars-Bow-Tie-1-/186750735843,EBAY-US
Lot of 6 Christmas Winter themed Doggie Bandanas,116353107920,5.0,USD,New without tags,Clothing & Shoes,ashleys-treasures,1822,100.0,true,Calculated,N/A,FixedPrice,false,2024-10-10 19:19:47,2024-11-10 20:19:47,N/A,N/A,https://i.ebayimg.com/thumbs/images/g/1y4AAOSwkBJnCCiH/s-l140.jpg,https://i.ebayimg.com/00/s/MTYwMFgxMjAw/z/1y4AAOSwkBJnCCiH/$_1.JPG,https://i.ebayimg.com/00/s/MTYwMFgxMjAw/z/1y4AAOSwkBJnCCiH/$_3.JPG,https://www.ebay.com/itm/Lot-6-Christmas-Winter-themed-Doggie-Bandanas-/116353107920,EBAY-US
Kong Play Spaces Holiday Christmas Gingerbread Bungalow w/ Catnip Cat Kitten Toy,356228275238,19.89,USD,New,Toys,playtimepets,7784,100.0,true,Free,0.0,FixedPrice,false,2024-11-05 23:33:55,2024-12-05 23:33:55,Playtime Pets,http://stores.ebay.com/Playtime-Pets,https://i.ebayimg.com/thumbs/images/g/QmYAAOSwrolnKADM/s-l140.jpg,https://i.ebayimg.com/00/s/MTUyNlgxMjAw/z/QmYAAOSwrolnKADM/$_1.JPG,https://i.ebayimg.com/00/s/MTUyNlgxMjAw/z/QmYAAOSwrolnKADM/$_3.JPG,https://www.ebay.com/itm/Kong-Play-Spaces-Holiday-Christmas-Gingerbread-Bungalow-w-Catnip-Cat-Kitten-Toy-/356228275238,EBAY-US
Small Pet Dog Warm Fleece Vest Clothes Coat Puppy Shirt Sweater Winter Apparel🔥,315038755494,2.99,USD,New with tags,Clothing & Shoes,liaosal77,3295,99.1,true,Free,0.0,FixedPrice,false,2023-12-18 11:22:50,2024-11-18 11:22:50,liaosal77,http://stores.ebay.com/liaosal77,https://i.ebayimg.com/thumbs/images/g/VqsAAOSwU-NjaLUd/s-l140.jpg,https://i.ebayimg.com/00/s/ODAwWDgwMA==/z/VqsAAOSwU-NjaLUd/$_1.JPG,https://i.ebayimg.com/00/s/ODAwWDgwMA==/z/VqsAAOSwU-NjaLUd/$_3.JPG,https://www.ebay.com/itm/Small-Pet-Dog-Warm-Fleece-Vest-Clothes-Coat-Puppy-Shirt-Sweater-Winter-Apparel-/315038755494?var=613519289042,EBAY-US
Bark BOX set Of 2 Dog Toys  Gingerbread & Slippers NWT,205088403191,20.0,USD,New,Toys,coton_68,29,100.0,false,Calculated,N/A,FixedPrice,false,2024-11-06 16:11:28,2024-12-06 16:11:28,N/A,N/A,https://i.ebayimg.com/thumbs/images/g/jZMAAOSwVatnK5TN/s-l140.jpg,https://i.ebayimg.com/00/s/NzYzWDEwNzk=/z/jZMAAOSwVatnK5TN/$_1.JPG,https://i.ebayimg.com/00/s/NzYzWDEwNzk=/z/jZMAAOSwVatnK5TN/$_3.JPG,https://www.ebay.com/itm/Bark-BOX-set-2-Dog-Toys-Gingerbread-Slippers-NWT-/205088403191,EBAY-US
Costume Christmas Collection Pet Costume,387584420755,10.92,USD,New with tags,Costumes,up_for_sell,46,100.0,false,Free,0.0,FixedPrice,false,2024-11-06 06:08:33,2024-12-06 06:08:33,Grand_Smart_Store,http://stores.ebay.com/Grand-Smart-Store,https://i.ebayimg.com/thumbs/images/g/R8cAAOSwozVnKwe-/s-l140.jpg,https://i.ebayimg.com/00/s/MTUwMFg5NDk=/z/R8cAAOSwozVnKwe-/$_1.JPG,https://i.ebayimg.com/00/s/MTUwMFg5NDk=/z/R8cAAOSwozVnKwe-/$_3.JPG,https://www.ebay.com/itm/Costume-Christmas-Collection-Pet-Costume-/387584420755?var=0,EBAY-US
Pet Cat Bat Wings Christmas Dog Bat Costume Bat Wings for Puppy Kitten Cosplay,315791601559,5.39,USD,New,Costumes,usa_wholesale_price,1509,98.8,true,Free,0.0,FixedPrice,false,2024-09-27 12:03:28,2024-11-27 13:03:28,USA_Wholesale_Price,http://stores.ebay.com/USA-Wholesale-Price,https://i.ebayimg.com/thumbs/images/g/RjsAAOSwHxxm9UqE/s-l140.jpg,https://i.ebayimg.com/00/s/MTA4MFgxMDgw/z/RjsAAOSwHxxm9UqE/$_1.JPG,https://i.ebayimg.com/00/s/MTA4MFgxMDgw/z/RjsAAOSwHxxm9UqE/$_3.JPG,https://www.ebay.com/itm/Pet-Cat-Bat-Wings-Christmas-Dog-Bat-Costume-Bat-Wings-Puppy-Kitten-Cosplay-/315791601559,EBAY-US
New Christmas Grinch Handmade Dog Collar Medium,126621267922,20.0,USD,New,Collars,prairieroseranch,3382,100.0,false,Free,0.0,FixedPrice,false,2024-08-12 02:49:34,2024-11-12 03:49:34,N/A,N/A,https://i.ebayimg.com/thumbs/images/g/fqcAAOSw6uZmuXYf/s-l140.jpg,https://i.ebayimg.com/00/s/MTYwMFgxNjAw/z/fqcAAOSw6uZmuXYf/$_1.JPG,https://i.ebayimg.com/00/s/MTYwMFgxNjAw/z/fqcAAOSw6uZmuXYf/$_3.JPG,https://www.ebay.com/itm/New-Christmas-Grinch-Handmade-Dog-Collar-Medium-/126621267922,EBAY-US
"Christmas Pet Costume, Dog Cat Tree Costume Hat Chris...",387584822866,16.36,USD,New with tags,Costumes,up_for_sell,45,100.0,false,Free,0.0,FixedPrice,false,2024-11-06 09:02:23,2024-12-06 09:02:23,Grand_Smart_Store,http://stores.ebay.com/Grand-Smart-Store,https://i.ebayimg.com/thumbs/images/g/MdoAAOSwy3xnKzB3/s-l140.jpg,https://i.ebayimg.com/00/s/MTQwOVgxNDQw/z/MdoAAOSwy3xnKzB3/$_1.JPG,https://i.ebayimg.com/00/s/MTQwOVgxNDQw/z/MdoAAOSwy3xnKzB3/$_3.JPG,https://www.ebay.com/itm/Christmas-Pet-Costume-Dog-Cat-Tree-Costume-Hat-Chris-/387584822866?var=0,EBAY-US
"Super Cute Reindeer Dog Costume Accessory, Red Christmas Santa Hat with Antlers",285014986179,8.84,USD,New with tags,Costumes,presentsuwilllove,2135,98.9,false,Free,0.0,FixedPrice,false,2022-10-25 17:10:44,2024-11-25 18:10:44,presentsuwilllove,http://stores.ebay.com/presentsuwilllove,https://i.ebayimg.com/thumbs/images/g/3J0AAOSw~6ljWBFv/s-l140.jpg,https://i.ebayimg.com/00/s/MTYwMFgxMzQw/z/3J0AAOSw~6ljWBFv/$_1.JPG,https://i.ebayimg.com/00/s/MTYwMFgxMzQw/z/3J0AAOSw~6ljWBFv/$_3.JPG,https://www.ebay.com/itm/Super-Cute-Reindeer-Dog-Costume-Accessory-Red-Christmas-Santa-Hat-Antlers-/285014986179,EBAY-US
"Christmas Tree Cat/Dog Bed Cozy Plush Pet Cave, Detachable & Washable Nest",186766244088,54.99,USD,New,Beds,kingkasirgoods,105,100.0,false,Free,0.0,FixedPrice,false,2024-11-06 14:09:52,2024-12-06 14:09:52,N/A,N/A,https://i.ebayimg.com/thumbs/images/g/HoIAAOSwJfRnK3h3/s-l140.jpg,https://i.ebayimg.com/00/s/ODAwWDgwMA==/z/HoIAAOSwJfRnK3h3/$_1.JPG,https://i.ebayimg.com/00/s/ODAwWDgwMA==/z/HoIAAOSwJfRnK3h3/$_3.JPG,https://www.ebay.com/itm/Christmas-Tree-Cat-Dog-Bed-Cozy-Plush-Pet-Cave-Detachable-Washable-Nest-/186766244088,EBAY-US
Smokey's Stash Christmas Cat Toys Stocking Catnip Toys Sisal Rope Kitten Toys,266495449428,12.99,USD,New,Toys,hauloffame,993,100.0,false,Free,0.0,FixedPrice,false,2023-11-07 18:59:29,2024-11-07 18:59:29,N/A,N/A,https://i.ebayimg.com/thumbs/images/g/PMUAAOSwR6FlSoci/s-l140.jpg,https://i.ebayimg.com/00/s/MTYwMFgxNjAw/z/PMUAAOSwR6FlSoci/$_1.JPG,https://i.ebayimg.com/00/s/MTYwMFgxNjAw/z/PMUAAOSwR6FlSoci/$_3.JPG,https://www.ebay.com/itm/Smokeys-Stash-Christmas-Cat-Toys-Stocking-Catnip-Toys-Sisal-Rope-Kitten-Toys-/266495449428,EBAY-US
"32 Pcs Christmas Dog Toys Squeaky Plush Balls, Soft Puppy Snowball Toy 32 PCS",375769617149,44.13,USD,New,Agility Training,eliranl-53,1,100.0,false,Free,0.0,FixedPrice,false,2024-11-06 10:41:01,2024-12-06 10:40:00,HomeLuxury4U,http://stores.ebay.com/HomeLuxury4U,https://i.ebayimg.com/thumbs/images/g/PxsAAOSwexxnK0gR/s-l140.jpg,https://i.ebayimg.com/00/s/NTIyWDUyMg==/z/PxsAAOSwexxnK0gR/$_1.JPG,https://i.ebayimg.com/00/s/NTIyWDUyMg==/z/PxsAAOSwexxnK0gR/$_3.JPG,https://www.ebay.com/itm/32-Pcs-Christmas-Dog-Toys-Squeaky-Plush-Balls-Soft-Puppy-Snowball-Toy-32-PCS-/375769617149,EBAY-US
BLACK HEADED CAIQUE PARROT CHRISTMAS HOLIDAY TREE ORNAMENT,315925013661,10.99,USD,New,Other Bird Supplies,parrotornamentsplus,10259,100.0,false,Flat,3.99,FixedPrice,false,2024-11-05 16:26:58,2024-12-05 16:26:58,N/A,N/A,https://i.ebayimg.com/thumbs/images/g/gUEAAOSwQj1nKkcH/s-l140.jpg,https://i.ebayimg.com/00/s/MTYwMFg4OTE=/z/gUEAAOSwQj1nKkcH/$_1.JPG,https://i.ebayimg.com/00/s/MTYwMFg4OTE=/z/gUEAAOSwQj1nKkcH/$_3.JPG,https://www.ebay.com/itm/BLACK-HEADED-CAIQUE-PARROT-CHRISTMAS-HOLIDAY-TREE-ORNAMENT-/315925013661,EBAY-US
LikeNew_ZippyPaws Burrow Christmas Dog Toy - Plush Squeaky Holiday D_Gingerbread,235819487412,12.95,USD,Used,Toys,l.y.berditchevco,908,98.0,true,Free,0.0,FixedPrice,false,2024-11-06 15:50:00,2024-12-06 15:50:00,N/A,N/A,https://i.ebayimg.com/thumbs/images/g/jFoAAOSwTDBnK5AU/s-l140.jpg,https://i.ebayimg.com/00/s/MTUwMFgxNTAw/z/jFoAAOSwTDBnK5AU/$_1.JPG,https://i.ebayimg.com/00/s/MTUwMFgxNTAw/z/jFoAAOSwTDBnK5AU/$_3.JPG,https://www.ebay.com/itm/LikeNew-ZippyPaws-Burrow-Christmas-Dog-Toy-Plush-Squeaky-Holiday-D-Gingerbread-/235819487412,EBAY-US
Cat Christmas Tree Scratching Post -  Christmas Sleigh,405159442174,42.0,USD,New,Furniture & Scratchers,mo-161503,48,97.9,true,Calculated,N/A,FixedPrice,false,2024-08-11 10:08:25,2024-11-11 11:08:25,4Ms Outlet,http://stores.ebay.com/4Ms-Outlet,https://i.ebayimg.com/thumbs/images/g/FJAAAOSwGLJmELj0/s-l140.jpg,https://i.ebayimg.com/00/s/NjA2WDkyMw==/z/FJAAAOSwGLJmELj0/$_1.JPG,https://i.ebayimg.com/00/s/NjA2WDkyMw==/z/FJAAAOSwGLJmELj0/$_3.JPG,https://www.ebay.com/itm/Cat-Christmas-Tree-Scratching-Post-Christmas-Sleigh-/405159442174,EBAY-US
Christmas Dog Santa Hat with Scarf Pet Costume Outfit Xmas ...,387584918355,19.48,USD,New with tags,Costumes,up_for_sell,45,100.0,false,Free,0.0,FixedPrice,false,2024-11-06 09:33:12,2024-12-06 09:33:12,Grand_Smart_Store,http://stores.ebay.com/Grand-Smart-Store,https://i.ebayimg.com/thumbs/images/g/N3kAAOSwcq5nKzex/s-l140.jpg,https://i.ebayimg.com/00/s/MTQ5NVgxNTAw/z/N3kAAOSwcq5nKzex/$_1.JPG,https://i.ebayimg.com/00/s/MTQ5NVgxNTAw/z/N3kAAOSwcq5nKzex/$_3.JPG,https://www.ebay.com/itm/Christmas-Dog-Santa-Hat-Scarf-Pet-Costume-Outfit-Xmas-/387584918355,EBAY-US
"Lot Of 2 Size S,L  Check Pictures Christmas Dog Ugly Sweater",286148266893,19.99,USD,Pre-owned,Clothing & Shoes,jose.alle,271,100.0,false,Free,0.0,FixedPrice,false,2024-11-06 15:48:08,2024-12-06 15:48:08,N/A,N/A,https://i.ebayimg.com/thumbs/images/g/X0AAAOSwW0tnKuSx/s-l140.jpg,https://i.ebayimg.com/00/s/MTYwMFgxMjAw/z/X0AAAOSwW0tnKuSx/$_1.JPG,https://i.ebayimg.com/00/s/MTYwMFgxMjAw/z/X0AAAOSwW0tnKuSx/$_3.JPG,https://www.ebay.com/itm/Lot-2-Size-S-L-Check-Pictures-Christmas-Dog-Ugly-Sweater-/286148266893,EBAY-US
Christmas Pet Puppy Dog Winter Warm Jacket Coat Clothes Cute Xmas Vest Costumes!,176620974312,8.61,USD,New without tags,Clothing & Shoes,hardyparts,9,91.7,false,Free,0.0,FixedPrice,false,2024-10-10 13:18:43,2024-11-10 14:18:43,Hardyparts,http://stores.ebay.com/Hardyparts,https://i.ebayimg.com/thumbs/images/g/NRoAAOSwjmxhaP35/s-l140.jpg,N/A,N/A,https://www.ebay.com/itm/Christmas-Pet-Puppy-Dog-Winter-Warm-Jacket-Coat-Clothes-Cute-Xmas-Vest-Costumes-/176620974312?var=0,EBAY-US
Red Rudolph the Red Nosed Reindeer Christmas Custom Handmade Dog Collar,363084090669,8.99,USD,New,Collars,thedogcollarstore,3495,100.0,true,Flat,4.69,FixedPrice,false,2020-08-22 23:50:43,2024-11-23 00:50:43,The Dog Collar Store,http://stores.ebay.com/The-Dog-Collar-Store,https://i.ebayimg.com/thumbs/images/g/dlgAAOSwZo5fQa9L/s-l140.jpg,https://i.ebayimg.com/00/s/NTc4WDE2MDA=/z/dlgAAOSwZo5fQa9L/$_1.JPG,https://i.ebayimg.com/00/s/NTc4WDE2MDA=/z/dlgAAOSwZo5fQa9L/$_3.JPG,https://www.ebay.com/itm/Red-Rudolph-Red-Nosed-Reindeer-Christmas-Custom-Handmade-Dog-Collar-/363084090669?var=0,EBAY-US
"Dog Christmas Outfit, Hoodie Vest Santa Costume with Elk An...",387584823471,19.48,USD,New with tags,Clothing & Shoes,up_for_sell,45,100.0,false,Free,0.0,FixedPrice,false,2024-11-06 09:02:33,2024-12-06 09:02:33,Grand_Smart_Store,http://stores.ebay.com/Grand-Smart-Store,https://i.ebayimg.com/thumbs/images/g/lxIAAOSwH9ZnKzBz/s-l140.jpg,https://i.ebayimg.com/00/s/MTQ3MFgxNTAw/z/lxIAAOSwH9ZnKzBz/$_1.JPG,https://i.ebayimg.com/00/s/MTQ3MFgxNTAw/z/lxIAAOSwH9ZnKzBz/$_3.JPG,https://www.ebay.com/itm/Dog-Christmas-Outfit-Hoodie-Vest-Santa-Costume-Elk-An-/387584823471?var=0,EBAY-US
Christmas Plush Dog Bone Squeakers Toy Lot of 3 Santa Reindeer Penguin Holiday,325880825831,11.99,USD,New,Toys,4wanc,2199,100.0,true,Free,0.0,FixedPrice,false,2023-11-09 22:03:23,2024-11-09 22:03:23,Ann's Attic Inc,http://stores.ebay.com/Anns-Attic-Inc,https://i.ebayimg.com/thumbs/images/g/T9IAAOSwG91lTVcn/s-l140.jpg,https://i.ebayimg.com/00/s/NzM0WDE0NjA=/z/T9IAAOSwG91lTVcn/$_1.JPG,https://i.ebayimg.com/00/s/NzM0WDE0NjA=/z/T9IAAOSwG91lTVcn/$_3.JPG,https://www.ebay.com/itm/Christmas-Plush-Dog-Bone-Squeakers-Toy-Lot-3-Santa-Reindeer-Penguin-Holiday-/325880825831,EBAY-US
Dog Cat Christmas Costumes Pet Santa Claus Outfit Funny Fancy Clothes with Cap,364019521271,9.65,USD,New with tags,Costumes,cyber-innovation,65371,98.7,true,Free,0.0,FixedPrice,false,2022-10-18 08:58:25,2024-11-18 09:58:25,cyber-innovation,http://stores.ebay.com/cyber-innovation,https://i.ebayimg.com/thumbs/images/g/zCQAAOSwsWBjTmqZ/s-l140.jpg,https://i.ebayimg.com/00/s/MTAwMFgxMDAw/z/zCQAAOSwsWBjTmqZ/$_1.JPG,https://i.ebayimg.com/00/s/MTAwMFgxMDAw/z/zCQAAOSwsWBjTmqZ/$_3.JPG,https://www.ebay.com/itm/Dog-Cat-Christmas-Costumes-Pet-Santa-Claus-Outfit-Funny-Fancy-Clothes-Cap-/364019521271?var=0,EBAY-US
"Christmas Cat Costume,Handmade Dog Outfit with Tree H...",387584421757,19.48,USD,New with tags,Costumes,up_for_sell,45,100.0,false,Free,0.0,FixedPrice,false,2024-11-06 06:09:10,2024-12-06 06:09:10,Grand_Smart_Store,http://stores.ebay.com/Grand-Smart-Store,https://i.ebayimg.com/thumbs/images/g/~gUAAOSwdednKwfL/s-l140.jpg,https://i.ebayimg.com/00/s/OTkxWDk5NA==/z/~gUAAOSwdednKwfL/$_1.JPG,https://i.ebayimg.com/00/s/OTkxWDk5NA==/z/~gUAAOSwdednKwfL/$_3.JPG,https://www.ebay.com/itm/Christmas-Cat-Costume-Handmade-Dog-Outfit-Tree-H-/387584421757?var=0,EBAY-US
Christmas Dog Collar Adjustable Female Male Puppy Dog Pet,314885645715,6.2,USD,New,Collars,eveng2088,484,99.2,true,Free,0.0,FixedPrice,false,2023-10-13 08:48:03,2024-11-13 09:48:03,eveng2088,http://stores.ebay.com/eveng2088,https://i.ebayimg.com/thumbs/images/g/x3QAAOSwvOZlKQOV/s-l140.jpg,https://i.ebayimg.com/00/s/MTUwMFgxNTAw/z/x3QAAOSwvOZlKQOV/$_1.JPG,https://i.ebayimg.com/00/s/MTUwMFgxNTAw/z/x3QAAOSwvOZlKQOV/$_3.JPG,https://www.ebay.com/itm/Christmas-Dog-Collar-Adjustable-Female-Male-Puppy-Dog-Pet-/314885645715?var=0,EBAY-US
NWT Christmas Santa Claus Pet Sweater Hooded Costume,276719032852,3.99,USD,New with tags,Clothing & Shoes,nickandlesliedeals,14498,99.2,false,Calculated,N/A,FixedPrice,false,2024-11-06 14:38:13,2024-12-06 14:38:13,nickandlesliedeals,http://stores.ebay.com/nickandlesliedeals,https://i.ebayimg.com/thumbs/images/g/JhoAAOSwHSxjH08G/s-l140.jpg,https://i.ebayimg.com/00/s/MTYwMFgxMDY2/z/JhoAAOSwHSxjH08G/$_1.JPG,https://i.ebayimg.com/00/s/MTYwMFgxMDY2/z/JhoAAOSwHSxjH08G/$_3.JPG,https://www.ebay.com/itm/NWT-Christmas-Santa-Claus-Pet-Sweater-Hooded-Costume-/276719032852?var=2560152517287,EBAY-US
*New ..DISNEY Tails CHRISTMAS Dog / Pet Bowl New,256571940801,14.98,USD,New,"Dishes, Feeders & Fountains",luv2shop126,1682,99.6,false,Flat,7.95,FixedPrice,false,2024-07-14 02:28:27,2024-11-14 03:28:27,Magical Kitties,http://stores.ebay.com/Magical-Kitties,https://i.ebayimg.com/thumbs/images/g/h-UAAOSweqBlBlgC/s-l140.jpg,https://i.ebayimg.com/00/s/MTYwMFgxMjAw/z/h-UAAOSweqBlBlgC/$_1.JPG,https://i.ebayimg.com/00/s/MTYwMFgxMjAw/z/h-UAAOSweqBlBlgC/$_3.JPG,https://www.ebay.com/itm/New-DISNEY-Tails-CHRISTMAS-Dog-Pet-Bowl-New-/256571940801,EBAY-US
XS - MED Christmas Holiday Dog Comfort Vest Harness Your Choice Merry & Bright,355256596681,16.99,USD,New,Harnesses,snowhusky13,229,100.0,true,FreePickup,0.0,FixedPrice,false,2023-12-03 21:04:07,2024-12-03 21:04:07,N/A,N/A,https://i.ebayimg.com/thumbs/images/g/79IAAOSwxT5lbObK/s-l140.jpg,https://i.ebayimg.com/00/s/MTYwMFgxMjAw/z/79IAAOSwxT5lbObK/$_1.JPG,https://i.ebayimg.com/00/s/MTYwMFgxMjAw/z/79IAAOSwxT5lbObK/$_3.JPG,https://www.ebay.com/itm/XS-MED-Christmas-Holiday-Dog-Comfort-Vest-Harness-Your-Choice-Merry-Bright-/355256596681?var=0,EBAY-US
2 Pack Dog Christmas Bandanas Triangle Christmas Printing Plaid Pet Scarf,267023711812,6.49,USD,New without tags,Clothing & Shoes,futurelook11,114639,99.2,true,Free,0.0,FixedPrice,false,2024-10-11 02:55:28,2024-11-11 03:55:28,Futurelook Store,http://stores.ebay.com/Futurelook-Store,https://i.ebayimg.com/thumbs/images/g/98gAAOSwPF1m8ouy/s-l140.jpg,https://i.ebayimg.com/00/s/OTYxWDE0Njc=/z/98gAAOSwPF1m8ouy/$_1.JPG,https://i.ebayimg.com/00/s/OTYxWDE0Njc=/z/98gAAOSwPF1m8ouy/$_3.JPG,https://www.ebay.com/itm/2-Pack-Dog-Christmas-Bandanas-Triangle-Christmas-Printing-Plaid-Pet-Scarf-/267023711812?var=0,EBAY-US
ZippyPaws Holiday Squeakie Buddies Christmas Dog Toys 3-Pack,305097023347,15.99,USD,New,Toys,breedfavorites,7139,100.0,true,Flat,4.49,FixedPrice,false,2023-08-26 21:21:06,2024-11-26 22:21:06,Breed Favorites,http://stores.ebay.com/Breed-Favorites,https://i.ebayimg.com/thumbs/images/g/pwsAAOSw--Fk6mv3/s-l140.jpg,https://i.ebayimg.com/00/s/MTIwMFgxNjAw/z/pwsAAOSw--Fk6mv3/$_1.JPG,https://i.ebayimg.com/00/s/MTIwMFgxNjAw/z/pwsAAOSw--Fk6mv3/$_3.JPG,https://www.ebay.com/itm/ZippyPaws-Holiday-Squeakie-Buddies-Christmas-Dog-Toys-3-Pack-/305097023347,EBAY-US
AFRICAN GREY PARROT CHRISTMAS HOLIDAY TREE ORNAMENT,305133054768,10.99,USD,New,Other Bird Supplies,parrotornamentsplus,10259,100.0,false,Flat,3.99,FixedPrice,false,2023-09-11 19:51:37,2024-11-11 20:51:37,N/A,N/A,https://i.ebayimg.com/thumbs/images/g/9F0AAOSwI35k~28D/s-l140.jpg,https://i.ebayimg.com/00/s/MTYwMFgxMDYy/z/9F0AAOSwI35k~28D/$_1.JPG,https://i.ebayimg.com/00/s/MTYwMFgxMDYy/z/9F0AAOSwI35k~28D/$_3.JPG,https://www.ebay.com/itm/AFRICAN-GREY-PARROT-CHRISTMAS-HOLIDAY-TREE-ORNAMENT-/305133054768,EBAY-US
Follow Me Fleece Christmas Candy Cane Dog Jacket XXL,135349442041,8.0,USD,Pre-owned,Clothing & Shoes,kandykayp,2166,100.0,false,Flat,6.1,FixedPrice,false,2024-11-06 15:04:57,2024-12-06 15:04:57,Kandy's Bargain Bin,http://stores.ebay.com/Kandys-Bargain-Bin,https://i.ebayimg.com/thumbs/images/g/aHQAAOSwnP9myfxy/s-l140.jpg,https://i.ebayimg.com/00/s/MTQ0MFgxMDgw/z/aHQAAOSwnP9myfxy/$_1.JPG,https://i.ebayimg.com/00/s/MTQ0MFgxMDgw/z/aHQAAOSwnP9myfxy/$_3.JPG,https://www.ebay.com/itm/Follow-Me-Fleece-Christmas-Candy-Cane-Dog-Jacket-XXL-/135349442041,EBAY-US
18 Pieces Christmas Nutcracker Catnip Cat Toys Wondershop,375661789774,19.99,USD,New,Toys,thepurrf29,44,100.0,false,Free,0.0,FixedPrice,false,2024-09-20 19:36:27,2024-11-20 20:36:27,N/A,N/A,https://i.ebayimg.com/thumbs/images/g/8rkAAOSwLs5m7c5I/s-l140.jpg,https://i.ebayimg.com/00/s/MTYwMFg3Mzg=/z/8rkAAOSwLs5m7c5I/$_1.JPG,https://i.ebayimg.com/00/s/MTYwMFg3Mzg=/z/8rkAAOSwLs5m7c5I/$_3.JPG,https://www.ebay.com/itm/18-Pieces-Christmas-Nutcracker-Catnip-Cat-Toys-Wondershop-/375661789774,EBAY-US
3× Pet Christmas Costume Outfit Set Santa Hat / Cloak/ Scarf for Small Cats Dogs,126164387792,7.1,USD,New with tags,Costumes,great_store_ever,6545,97.2,true,Free,0.0,FixedPrice,false,2023-11-01 00:34:58,2024-12-01 01:34:58,adjac-37,http://stores.ebay.com/adjac-37,https://i.ebayimg.com/thumbs/images/g/LAgAAOSwW8VlQZz7/s-l140.jpg,https://i.ebayimg.com/00/s/MTUyMVgxNjAw/z/LAgAAOSwW8VlQZz7/$_1.JPG,https://i.ebayimg.com/00/s/MTUyMVgxNjAw/z/LAgAAOSwW8VlQZz7/$_3.JPG,https://www.ebay.com/itm/3-Pet-Christmas-Costume-Outfit-Set-Santa-Hat-Cloak-Scarf-Small-Cats-Dogs-/126164387792?var=0,EBAY-US
Country Brook Petz® Candy Cane Christmas Martingale Dog Collar,115252170417,12.97,USD,New,Collars,cbpetz,28959,99.6,true,Free,0.0,FixedPrice,false,2022-02-15 18:01:23,2024-11-15 18:01:23,Country Brook Petz,http://stores.ebay.com/Country-Brook-Petz,https://i.ebayimg.com/thumbs/images/g/0cMAAOSwlxdlwSG2/s-l140.jpg,https://i.ebayimg.com/00/s/MTE2NlgxNjAw/z/0cMAAOSwlxdlwSG2/$_1.JPG,https://i.ebayimg.com/00/s/MTE2NlgxNjAw/z/0cMAAOSwlxdlwSG2/$_3.JPG,https://www.ebay.com/itm/Country-Brook-Petz-Candy-Cane-Christmas-Martingale-Dog-Collar-/115252170417?var=415288202836,EBAY-US
4 Pcs Christmas Cat Costumes Set Santa Hats with Scarf and Collar Xmas Ca...,387584917994,19.48,USD,New,Costumes,up_for_sell,45,100.0,false,Free,0.0,FixedPrice,false,2024-11-06 09:32:55,2024-12-06 09:32:55,Grand_Smart_Store,http://stores.ebay.com/Grand-Smart-Store,https://i.ebayimg.com/thumbs/images/g/cPYAAOSwdl1nKzea/s-l140.jpg,https://i.ebayimg.com/00/s/MTUwMFgxNTAw/z/cPYAAOSwdl1nKzea/$_1.JPG,https://i.ebayimg.com/00/s/MTUwMFgxNTAw/z/cPYAAOSwdl1nKzea/$_3.JPG,https://www.ebay.com/itm/4-Pcs-Christmas-Cat-Costumes-Set-Santa-Hats-Scarf-and-Collar-Xmas-Ca-/387584917994?var=0,EBAY-US
Puppy Pet Dogs Cat Costume Christmas Grinch Outfit Jumper Coat Red Xmas Gifts,296799323113,12.5,USD,New with tags,Costumes,uliaie_29,85,95.7,true,Flat,5.0,FixedPrice,false,2024-11-06 15:32:41,2024-12-06 15:32:41,N/A,N/A,https://i.ebayimg.com/thumbs/images/g/r1kAAOSwvg5nK4wK/s-l140.jpg,https://i.ebayimg.com/00/s/ODAwWDgwMA==/z/r1kAAOSwvg5nK4wK/$_1.JPG,https://i.ebayimg.com/00/s/ODAwWDgwMA==/z/r1kAAOSwvg5nK4wK/$_3.JPG,https://www.ebay.com/itm/Puppy-Pet-Dogs-Cat-Costume-Christmas-Grinch-Outfit-Jumper-Coat-Red-Xmas-Gifts-/296799323113?var=0,EBAY-US
Christmas Cat Costume Cloak with Star and Pompoms Hat Xmas Santa Cape Wit...,387584917395,17.92,USD,New with tags,Costumes,up_for_sell,46,100.0,false,Free,0.0,FixedPrice,false,2024-11-06 09:32:38,2024-12-06 09:32:38,Grand_Smart_Store,http://stores.ebay.com/Grand-Smart-Store,https://i.ebayimg.com/thumbs/images/g/ho4AAOSwQ-RnKzeO/s-l140.jpg,https://i.ebayimg.com/00/s/MTUwMFgxMzI3/z/ho4AAOSwQ-RnKzeO/$_1.JPG,https://i.ebayimg.com/00/s/MTUwMFgxMzI3/z/ho4AAOSwQ-RnKzeO/$_3.JPG,https://www.ebay.com/itm/Christmas-Cat-Costume-Cloak-Star-and-Pompoms-Hat-Xmas-Santa-Cape-Wit-/387584917395,EBAY-US
"3  Pieces Christmas Dog Costume Set, Buffalo Plaid Bandana Puppy...",387584822742,19.48,USD,New with tags,Clothing & Shoes,up_for_sell,45,100.0,false,Free,0.0,FixedPrice,false,2024-11-06 09:02:20,2024-12-06 09:02:20,Grand_Smart_Store,http://stores.ebay.com/Grand-Smart-Store,https://i.ebayimg.com/thumbs/images/g/d2gAAOSwr7NnKzBx/s-l140.jpg,https://i.ebayimg.com/00/s/MTUwMFgxNDc0/z/d2gAAOSwr7NnKzBx/$_1.JPG,https://i.ebayimg.com/00/s/MTUwMFgxNDc0/z/d2gAAOSwr7NnKzBx/$_3.JPG,https://www.ebay.com/itm/3-Pieces-Christmas-Dog-Costume-Set-Buffalo-Plaid-Bandana-Puppy-/387584822742?var=0,EBAY-US
Wet Nose Designs Holiday Fun Dog Collar Christmas Santa Reindeer Snowman Winter,153424159227,7.99,USD,New,Collars,wetnose-designs,15938,99.8,true,Flat,4.75,FixedPrice,false,2019-03-21 19:39:23,2024-11-21 20:39:23,wetnose-designs,http://stores.ebay.com/wetnose-designs,https://i.ebayimg.com/thumbs/images/g/n3kAAOSwYIxX8cnf/s-l140.jpg,https://i.ebayimg.com/00/s/NzQ0WDE1OTU=/z/n3kAAOSwYIxX8cnf/$_1.JPG,https://i.ebayimg.com/00/s/NzQ0WDE1OTU=/z/n3kAAOSwYIxX8cnf/$_3.JPG,https://www.ebay.com/itm/Wet-Nose-Designs-Holiday-Fun-Dog-Collar-Christmas-Santa-Reindeer-Snowman-Winter-/153424159227?var=0,EBAY-US
DOG HARNESS DRESS  CHRISTMAS BONES  WITH HAIR BOW  FREE SHIPPING,226411321097,20.99,USD,New without tags,Clothing & Shoes,teacup45,5741,100.0,true,Free,0.0,FixedPrice,false,2024-10-21 16:05:29,2024-11-21 17:05:29,N/A,N/A,https://i.ebayimg.com/thumbs/images/g/xJgAAOSwXVlnFnkX/s-l140.jpg,https://i.ebayimg.com/00/s/MTYwMFgxMjAx/z/xJgAAOSwXVlnFnkX/$_1.JPG,https://i.ebayimg.com/00/s/MTYwMFgxMjAx/z/xJgAAOSwXVlnFnkX/$_3.JPG,https://www.ebay.com/itm/DOG-HARNESS-DRESS-CHRISTMAS-BONES-HAIR-BOW-FREE-SHIPPING-/226411321097?var=0,EBAY-US
Wet Nose Designs Happy Holidays Snowflakes Dog Collar Christmas on Black Snow,166319001915,7.99,USD,New,Collars,wetnose-designs,15927,99.8,true,Flat,4.75,FixedPrice,false,2023-09-07 14:34:04,2024-11-07 15:34:04,wetnose-designs,http://stores.ebay.com/wetnose-designs,https://i.ebayimg.com/thumbs/images/g/2lUAAOSwMLFk-d7D/s-l140.jpg,https://i.ebayimg.com/00/s/MTIwMFgxNjAw/z/2lUAAOSwMLFk-d7D/$_1.JPG,https://i.ebayimg.com/00/s/MTIwMFgxNjAw/z/2lUAAOSwMLFk-d7D/$_3.JPG,https://www.ebay.com/itm/Wet-Nose-Designs-Happy-Holidays-Snowflakes-Dog-Collar-Christmas-Black-Snow-/166319001915?var=0,EBAY-US
Pet Dog Puppy Santa Shirt Christmas Clothes Costumes Warm Jacket Coat,112609249788,3.59,USD,New without tags,Clothing & Shoes,up2014store,73733,98.1,true,Flat,3.59,FixedPrice,false,2017-10-19 10:27:50,2024-11-19 11:27:50,melhorshine,http://stores.ebay.com/melhorshine,https://i.ebayimg.com/thumbs/images/g/T0oAAOSwX6dbkhdx/s-l140.jpg,https://i.ebayimg.com/00/s/ODAwWDgwMA==/z/T0oAAOSwX6dbkhdx/$_1.JPG,https://i.ebayimg.com/00/s/ODAwWDgwMA==/z/T0oAAOSwX6dbkhdx/$_3.JPG,https://www.ebay.com/itm/Pet-Dog-Puppy-Santa-Shirt-Christmas-Clothes-Costumes-Warm-Jacket-Coat-/112609249788?var=413523468253,EBAY-US
Christmas Argyle Nylon Ribbon Collar Large,226435277178,22.72,USD,New,Collars,123minimini,1343,97.2,true,Free,0.0,FixedPrice,false,2024-11-06 05:39:10,2024-12-06 05:39:10,123minimini,http://stores.ebay.com/123minimini,https://i.ebayimg.com/thumbs/images/g/VzUAAOSwzFJnKwF8/s-l140.jpg,https://i.ebayimg.com/00/s/MTY4WDQ1MA==/z/VzUAAOSwzFJnKwF8/$_1.JPG,https://i.ebayimg.com/00/s/MTY4WDQ1MA==/z/VzUAAOSwzFJnKwF8/$_3.JPG,https://www.ebay.com/itm/Christmas-Argyle-Nylon-Ribbon-Collar-Large-/226435277178,EBAY-US
"A Christmas Story Dog Pet Sweater Size Small Back Length 13""-16"" Chest 15""-20""",256598385062,17.49,USD,New with tags,Clothing & Shoes,hoopskirts-cah,11358,99.8,true,Free,0.0,FixedPrice,false,2024-08-09 22:41:24,2024-11-09 23:41:24,Ceese's Treasures,http://stores.ebay.com/Ceeses-Treasures,https://i.ebayimg.com/thumbs/images/g/OC4AAOSwsUdmtpp3/s-l140.jpg,https://i.ebayimg.com/00/s/MTYwMFgxMjAw/z/OC4AAOSwsUdmtpp3/$_1.JPG,https://i.ebayimg.com/00/s/MTYwMFgxMjAw/z/OC4AAOSwsUdmtpp3/$_3.JPG,https://www.ebay.com/itm/Christmas-Story-Dog-Pet-Sweater-Size-Small-Back-Length-13-16-Chest-15-20-/256598385062,EBAY-US
Pawaboo Cat Tunnel Christmas Sock with Bell Balls,375769857411,9.99,USD,New,Toys,tacticalexpedition2,170,98.0,true,Calculated,N/A,FixedPrice,false,2024-11-06 12:47:19,2024-12-06 12:47:19,N/A,N/A,https://i.ebayimg.com/thumbs/images/g/wnMAAOSwlf9nK2Uk/s-l140.jpg,https://i.ebayimg.com/00/s/OTk2WDE1MDA=/z/wnMAAOSwlf9nK2Uk/$_1.JPG,https://i.ebayimg.com/00/s/OTk2WDE1MDA=/z/wnMAAOSwlf9nK2Uk/$_3.JPG,https://www.ebay.com/itm/Pawaboo-Cat-Tunnel-Christmas-Sock-Bell-Balls-/375769857411,EBAY-US
Christmas Pet Clothes Pet Christmas Cloak Hooded Dog Cat Cape with Bow Tie,166397731281,9.94,USD,New with tags,Clothing & Shoes,jujimg,1078,97.5,true,Free,0.0,FixedPrice,false,2023-10-26 09:35:51,2024-11-26 10:35:51,jujimg,http://stores.ebay.com/jujimg,https://i.ebayimg.com/thumbs/images/g/O9sAAOSw6LtlOjL1/s-l140.jpg,https://i.ebayimg.com/00/s/MTYwMFgxNjAw/z/O9sAAOSw6LtlOjL1/$_1.JPG,https://i.ebayimg.com/00/s/MTYwMFgxNjAw/z/O9sAAOSw6LtlOjL1/$_3.JPG,https://www.ebay.com/itm/Christmas-Pet-Clothes-Pet-Christmas-Cloak-Hooded-Dog-Cat-Cape-Bow-Tie-/166397731281?var=466044416031,EBAY-US
BUY 2 GET 1 FREE Live Aquarium Plant Aquatic Plants Christmas Moss planted tank,333639748572,8.49,USD,New,Live Plants,rolandpre6,24107,96.8,true,Free,0.0,FixedPrice,false,2020-06-30 01:03:11,2024-11-30 02:03:11,theplantedtankparadise,http://stores.ebay.com/theplantedtankparadise,https://i.ebayimg.com/thumbs/images/g/50AAAOSwGMtfzCMB/s-l140.jpg,https://i.ebayimg.com/00/s/NTYxWDk1MA==/z/50AAAOSwGMtfzCMB/$_1.JPG,https://i.ebayimg.com/00/s/NTYxWDk1MA==/z/50AAAOSwGMtfzCMB/$_3.JPG,https://www.ebay.com/itm/BUY-2-GET-1-FREE-Live-Aquarium-Plant-Aquatic-Plants-Christmas-Moss-planted-tank-/333639748572,EBAY-US
