
Title,Item ID,Price,Currency,Condition,Category,Seller,Feedback Score,Positive Feedback %,Top Rated Seller,Shipping Type,Shipping Cost,Listing Type,Buy It Now Available,Start Time,End Time,Store Name,Store URL,Gallery URL,Large Image URL,Super Size Image URL,View Item URL,Marketplace
"Patiotic Donald Trump 2024 Christmas ornament - Acrylic Tree Decor, Holiday Gift",387496268440,5.9,USD,New,Ornaments,santamarket,67,86.4,false,Free,0.0,FixedPrice,false,2024-10-16 07:23:16,2024-11-16 08:23:16,N/A,N/A,https://i.ebayimg.com/thumbs/images/g/1hAAAOSwt7xnI7y8/s-l140.jpg,https://i.ebayimg.com/00/s/MTEzMlgxMTI1/z/1hAAAOSwt7xnI7y8/$_1.JPG,https://i.ebayimg.com/00/s/MTEzMlgxMTI1/z/1hAAAOSwt7xnI7y8/$_3.JPG,https://www.ebay.com/itm/Patiotic-Donald-Trump-2024-Christmas-ornament-Acrylic-Tree-Decor-Holiday-Gift-/387496268440,EBAY-US
🇺🇸 Donald Trump 2024 Christmas Tree Ornament Decor Hot Holiday Gift! US Seller,296798492236,5.95,USD,New,Ornaments,otsportscards,1849,100.0,false,Free,0.0,FixedPrice,false,2024-11-06 07:36:31,2024-12-06 07:36:31,N/A,N/A,https://i.ebayimg.com/thumbs/images/g/bmAAAOSwWRNnEArY/s-l140.jpg,https://i.ebayimg.com/00/s/MTEwOVgxMTcw/z/bmAAAOSwWRNnEArY/$_1.JPG,https://i.ebayimg.com/00/s/MTEwOVgxMTcw/z/bmAAAOSwWRNnEArY/$_3.JPG,https://www.ebay.com/itm/Donald-Trump-2024-Christmas-Tree-Ornament-Decor-Hot-Holiday-Gift-US-Seller-/296798492236,EBAY-US
Legendary 2024 Swarovski Crystal Annual Edition Christmas Large Ornament 5661079,395850798435,19.99,USD,New,Ornaments,auhonest,74,93.3,true,Free,0.0,FixedPrice,false,2024-10-31 12:54:39,2024-11-30 13:54:39,N/A,N/A,https://i.ebayimg.com/thumbs/images/g/gB0AAOSwZg5nI3zr/s-l140.jpg,https://i.ebayimg.com/00/s/MTIwMFgxMjAw/z/gB0AAOSwZg5nI3zr/$_1.JPG,https://i.ebayimg.com/00/s/MTIwMFgxMjAw/z/gB0AAOSwZg5nI3zr/$_3.JPG,https://www.ebay.com/itm/Legendary-2024-Swarovski-Crystal-Annual-Edition-Christmas-Large-Ornament-5661079-/395850798435,EBAY-US
Hallmark Keepsake Barbie Ornaments Variety Mattel Vintage Christmas,326326677721,7.49,USD,New,Ornaments,ob2llc,143,100.0,false,Flat,7.5,FixedPrice,false,2024-11-04 03:01:05,2024-12-04 03:01:05,N/A,N/A,https://i.ebayimg.com/thumbs/images/g/trgAAOSwr1xnKDp2/s-l140.jpg,https://i.ebayimg.com/00/s/MTAyNlgxNjAw/z/trgAAOSwr1xnKDp2/$_1.JPG,https://i.ebayimg.com/00/s/MTAyNlgxNjAw/z/trgAAOSwr1xnKDp2/$_3.JPG,https://www.ebay.com/itm/Hallmark-Keepsake-Barbie-Ornaments-Variety-Mattel-Vintage-Christmas-/326326677721?var=0,EBAY-US
Christmas Tree Clear Icicle Ornaments Decoration Xmas Home Decor Set Of 24,305267091978,11.95,USD,New,Ornaments,led4everything,99101,95.6,true,Free,0.0,FixedPrice,false,2023-11-13 16:04:02,2024-11-13 16:04:02,LED 4 Everything,http://stores.ebay.com/LED-4-Everything,https://i.ebayimg.com/thumbs/images/g/ysUAAOSwND1lUkjg/s-l140.jpg,https://i.ebayimg.com/00/s/NTAwWDUwMA==/z/ysUAAOSwND1lUkjg/$_1.JPG,https://i.ebayimg.com/00/s/NTAwWDUwMA==/z/ysUAAOSwND1lUkjg/$_3.JPG,https://www.ebay.com/itm/Christmas-Tree-Clear-Icicle-Ornaments-Decoration-Xmas-Home-Decor-Set-24-/305267091978,EBAY-US
Scooby-Doo! Set of (12) Mini Cartoon Network Christmas Tree Ornaments New in Box,285987900154,5.0,USD,New,Ornaments,gregoryb3498,191,100.0,true,FreePickup,0.0,FixedPrice,false,2024-07-31 16:43:56,2024-11-30 17:43:56,N/A,N/A,https://i.ebayimg.com/thumbs/images/g/RZMAAOSwfupjWVdH/s-l140.jpg,https://i.ebayimg.com/00/s/MTYwMFgxMjAw/z/RZMAAOSwfupjWVdH/$_1.JPG,https://i.ebayimg.com/00/s/MTYwMFgxMjAw/z/RZMAAOSwfupjWVdH/$_3.JPG,https://www.ebay.com/itm/Scooby-Doo-Set-12-Mini-Cartoon-Network-Christmas-Tree-Ornaments-New-Box-/285987900154,EBAY-US
Authentic 2024 Swarovski Crystal Christmas Large Ornament Annual Edition 5661079,305871576871,19.99,USD,New,Ornaments,fautoing20200,614,99.3,true,Free,0.0,FixedPrice,false,2024-10-30 08:25:24,2024-11-30 09:25:24,autoclub6,http://stores.ebay.com/autoclub6,https://i.ebayimg.com/thumbs/images/g/ryAAAOSwTZRnIeym/s-l140.jpg,https://i.ebayimg.com/00/s/NjY4WDgzNA==/z/ryAAAOSwTZRnIeym/$_1.JPG,https://i.ebayimg.com/00/s/NjY4WDgzNA==/z/ryAAAOSwTZRnIeym/$_3.JPG,https://www.ebay.com/itm/Authentic-2024-Swarovski-Crystal-Christmas-Large-Ornament-Annual-Edition-5661079-/305871576871,EBAY-US
"Patiotic Donald Trump 2024 Acrylic Tree Decor, Christmas ornament Gifts",375734239121,1.96,USD,New,Ornaments,wqeww78w,73,94.0,false,Free,0.0,FixedPrice,false,2024-10-23 09:02:12,2024-11-23 10:02:12,wqeww78w,http://stores.ebay.com/wqeww78w,https://i.ebayimg.com/thumbs/images/g/NTMAAOSwdeBnGLuQ/s-l140.jpg,https://i.ebayimg.com/00/s/MTAwMFgxMDAw/z/NTMAAOSwdeBnGLuQ/$_1.JPG,https://i.ebayimg.com/00/s/MTAwMFgxMDAw/z/NTMAAOSwdeBnGLuQ/$_3.JPG,https://www.ebay.com/itm/Patiotic-Donald-Trump-2024-Acrylic-Tree-Decor-Christmas-ornament-Gifts-/375734239121?var=0,EBAY-US
25 Vintage Christmas Ornaments Antique Glass Christmas Tree Decorations Mini Ret,167049197696,31.99,USD,New,Ornaments,dudruim0,587,99.3,false,Free,0.0,FixedPrice,false,2024-10-27 16:17:28,2024-11-27 17:17:28,dudruim0,http://stores.ebay.com/dudruim0,https://i.ebayimg.com/thumbs/images/g/7G0AAOSw-aVnHmd3/s-l140.jpg,https://i.ebayimg.com/00/s/MTUwMFgxNTAw/z/7G0AAOSw-aVnHmd3/$_1.JPG,https://i.ebayimg.com/00/s/MTUwMFgxNTAw/z/7G0AAOSw-aVnHmd3/$_3.JPG,https://www.ebay.com/itm/25-Vintage-Christmas-Ornaments-Antique-Glass-Christmas-Tree-Decorations-Mini-Ret-/167049197696,EBAY-US
"Patriotic Donald Trump 2024 Christmas Ornament, Acrylic Tree Decor, Holiday Gift",387423003947,6.99,USD,New,Ornaments,santamarket,48,86.4,false,Free,0.0,FixedPrice,false,2024-09-26 04:29:45,2024-11-26 05:29:45,N/A,N/A,https://i.ebayimg.com/thumbs/images/g/BDYAAOSwqRpm9OLi/s-l140.jpg,https://i.ebayimg.com/00/s/ODAwWDgwMA==/z/BDYAAOSwqRpm9OLi/$_1.JPG,https://i.ebayimg.com/00/s/ODAwWDgwMA==/z/BDYAAOSwqRpm9OLi/$_3.JPG,https://www.ebay.com/itm/Patriotic-Donald-Trump-2024-Christmas-Ornament-Acrylic-Tree-Decor-Holiday-Gift-/387423003947,EBAY-US
Tree Buddees You Missed - Donald Trump Christmas Ornament Presidential Political,176655170047,14.95,USD,New,Ornaments,edsindustries,4150,100.0,true,Free,0.0,FixedPrice,false,2024-10-30 18:50:03,2024-11-30 19:50:03,Shop EDS,http://stores.ebay.com/Shop-EDS,https://i.ebayimg.com/thumbs/images/g/TbgAAOSwuBRnIn9D/s-l140.jpg,https://i.ebayimg.com/00/s/MTYwMFgxNjAw/z/TbgAAOSwuBRnIn9D/$_1.JPG,https://i.ebayimg.com/00/s/MTYwMFgxNjAw/z/TbgAAOSwuBRnIn9D/$_3.JPG,https://www.ebay.com/itm/Tree-Buddees-You-Missed-Donald-Trump-Christmas-Ornament-Presidential-Political-/176655170047,EBAY-US
"100 Cards MOUNT CLEVEREST Original, Christmas Card Game Birthday Gift US",186762398170,17.12,USD,New,Modern (1970-Now),forexhk,4024,98.5,true,Free,0.0,FixedPrice,false,2024-11-04 09:08:52,2024-12-04 09:08:52,FOR_KID TOY GIFT,http://stores.ebay.com/FOR-KID-TOY-GIFT,https://i.ebayimg.com/thumbs/images/g/gkIAAOSwI-NnKI8Y/s-l140.jpg,https://i.ebayimg.com/00/s/MTI2MFgxNTAw/z/gkIAAOSwI-NnKI8Y/$_1.JPG,https://i.ebayimg.com/00/s/MTI2MFgxNTAw/z/gkIAAOSwI-NnKI8Y/$_3.JPG,https://www.ebay.com/itm/100-Cards-MOUNT-CLEVEREST-Original-Christmas-Card-Game-Birthday-Gift-US-/186762398170,EBAY-US
Miniature Pyrex Bowl Stack Ornament NEW Butterprint Solid Resin,315924255614,7.99,USD,New,Ornaments,farisyanur1203,28,100.0,false,Flat,2.99,FixedPrice,false,2024-11-05 11:18:32,2024-12-05 11:18:32,N/A,N/A,https://i.ebayimg.com/thumbs/images/g/70AAAOSwbWJnKf70/s-l140.jpg,https://i.ebayimg.com/00/s/MTYwMFgxNjAw/z/70AAAOSwbWJnKf70/$_1.JPG,https://i.ebayimg.com/00/s/MTYwMFgxNjAw/z/70AAAOSwbWJnKf70/$_3.JPG,https://www.ebay.com/itm/Miniature-Pyrex-Bowl-Stack-Ornament-NEW-Butterprint-Solid-Resin-/315924255614?var=614416864480,EBAY-US
8FT Christmas Giant Inflatable Santa Claus for Outdoor Indoor Home Garden Party,375619148465,35.99,USD,New,Yard Décor,millionshare,842164,98.2,true,Free,0.0,FixedPrice,false,2024-08-29 09:35:06,2024-11-29 10:35:06,Millionshare,http://stores.ebay.com/Millionshare,https://i.ebayimg.com/thumbs/images/g/ulQAAOSwrExm0EEn/s-l140.jpg,https://i.ebayimg.com/00/s/MTAwMFgxMDAw/z/ulQAAOSwrExm0EEn/$_1.JPG,https://i.ebayimg.com/00/s/MTAwMFgxMDAw/z/ulQAAOSwrExm0EEn/$_3.JPG,https://www.ebay.com/itm/8FT-Christmas-Giant-Inflatable-Santa-Claus-Outdoor-Indoor-Home-Garden-Party-/375619148465,EBAY-US
Kurt S. Adler Early Years Glass Bird Christmas Ornaments,405198117759,17.27,USD,New,Ornaments,esbenshadesgardencenter,60387,99.7,true,Free,0.0,FixedPrice,false,2024-08-29 18:30:50,2024-11-29 19:30:50,Esbenshades Garden Center,http://stores.ebay.com/Esbenshades-Garden-Center,https://i.ebayimg.com/thumbs/images/g/NiwAAOSwf9tm0L5T/s-l140.jpg,https://i.ebayimg.com/00/s/MTYwMFgxNjAw/z/NiwAAOSwf9tm0L5T/$_1.JPG,https://i.ebayimg.com/00/s/MTYwMFgxNjAw/z/NiwAAOSwf9tm0L5T/$_3.JPG,https://www.ebay.com/itm/Kurt-S-Adler-Early-Years-Glass-Bird-Christmas-Ornaments-/405198117759,EBAY-US
6ft Inflatable Lighted Santa on Motorcycle Outdoor Christmas Decoration w/ Tree,235779427765,46.99,USD,New,Yard Décor,yallstock,1122317,97.6,true,Free,0.0,FixedPrice,false,2024-10-10 03:37:07,2024-11-10 04:37:07,yallstock,http://stores.ebay.com/yallstock,https://i.ebayimg.com/thumbs/images/g/56sAAOSwrgtnB0x4/s-l140.jpg,https://i.ebayimg.com/00/s/MTYwMFgxNjAw/z/56sAAOSwrgtnB0x4/$_1.JPG,https://i.ebayimg.com/00/s/MTYwMFgxNjAw/z/56sAAOSwrgtnB0x4/$_3.JPG,https://www.ebay.com/itm/6ft-Inflatable-Lighted-Santa-Motorcycle-Outdoor-Christmas-Decoration-w-Tree-/235779427765,EBAY-US
⚡ Pokemon Christmas tree ornaments 7 piece set ⚡ video game ornaments Pikachu,404001804134,7.95,USD,New,Ornaments,custompixelcreations,2924,100.0,true,Flat,3.95,FixedPrice,false,2022-11-17 18:07:24,2024-11-17 18:07:24,Custom Pixel Creations,http://stores.ebay.com/Custom-Pixel-Creations,https://i.ebayimg.com/thumbs/images/g/FR0AAOSw7Kdjdne0/s-l140.jpg,https://i.ebayimg.com/00/s/MTYwMFgxNjAw/z/FR0AAOSw7Kdjdne0/$_1.JPG,https://i.ebayimg.com/00/s/MTYwMFgxNjAw/z/FR0AAOSw7Kdjdne0/$_3.JPG,https://www.ebay.com/itm/Pokemon-Christmas-tree-ornaments-7-piece-set-video-game-ornaments-Pikachu-/404001804134,EBAY-US
ASSORTED BEADED FRUIT CHRISTMAS ORNAMENTS - YOU CHOOSE,355585722202,1.5,USD,New,Ornaments,kulector,6339,100.0,true,Flat,4.95,FixedPrice,false,2024-03-28 15:11:38,2024-11-28 16:11:38,1 in a Million Gifts & Collectibles,http://stores.ebay.com/1-in-a-Million-Gifts-Collectibles,https://i.ebayimg.com/thumbs/images/g/8PQAAOSwa8RmBX4X/s-l140.jpg,https://i.ebayimg.com/00/s/MTExM1gxNTQ3/z/8PQAAOSwa8RmBX4X/$_1.JPG,https://i.ebayimg.com/00/s/MTExM1gxNTQ3/z/8PQAAOSwa8RmBX4X/$_3.JPG,https://www.ebay.com/itm/ASSORTED-BEADED-FRUIT-CHRISTMAS-ORNAMENTS-YOU-CHOOSE-/355585722202?var=0,EBAY-US
The White House Historical Association 2024 Christmas Ornament,335644575826,24.99,USD,New,Ornaments,new2uangel753,13380,99.4,false,Free,0.0,FixedPrice,false,2024-10-29 21:49:33,2024-11-29 22:49:33,Boots and Beauty,http://stores.ebay.com/Boots-and-Beauty,https://i.ebayimg.com/thumbs/images/g/JBwAAOSwah1nIVg4/s-l140.jpg,https://i.ebayimg.com/00/s/MTYwMFgxMjAw/z/JBwAAOSwah1nIVg4/$_1.JPG,https://i.ebayimg.com/00/s/MTYwMFgxMjAw/z/JBwAAOSwah1nIVg4/$_3.JPG,https://www.ebay.com/itm/White-House-Historical-Association-2024-Christmas-Ornament-/335644575826,EBAY-US
Primitive SLEEPING MOUSE with WIRED Tail and Santa Hat - Christmas Ornament,405123085546,10.95,USD,New,Ornaments,1804primitives,48587,100.0,true,Flat,4.95,FixedPrice,false,2024-07-26 00:18:01,2024-11-26 01:18:01,1804primitives,http://stores.ebay.com/1804primitives,https://i.ebayimg.com/thumbs/images/g/juwAAOSwbLdmnFgD/s-l140.jpg,https://i.ebayimg.com/00/s/MzY0WDUwMA==/z/juwAAOSwbLdmnFgD/$_1.JPG,https://i.ebayimg.com/00/s/MzY0WDUwMA==/z/juwAAOSwbLdmnFgD/$_3.JPG,https://www.ebay.com/itm/Primitive-SLEEPING-MOUSE-WIRED-Tail-and-Santa-Hat-Christmas-Ornament-/405123085546,EBAY-US
1pc Acrylic Cardinal Hanging Ornament Red Cardinal Ornament Christmas Tree Décor,375714373472,3.34,USD,New,Ornaments,wholesale_zone,2573,97.9,true,Free,0.0,FixedPrice,false,2024-10-14 19:36:25,2024-11-14 20:36:25,Wholesale Zone Ltd,http://stores.ebay.com/Wholesale-Zone-Ltd,https://i.ebayimg.com/thumbs/images/g/NNIAAOSwB9pnA7Im/s-l140.jpg,https://i.ebayimg.com/00/s/ODE4WDYxMA==/z/NNIAAOSwB9pnA7Im/$_1.JPG,https://i.ebayimg.com/00/s/ODE4WDYxMA==/z/NNIAAOSwB9pnA7Im/$_3.JPG,https://www.ebay.com/itm/1pc-Acrylic-Cardinal-Hanging-Ornament-Red-Cardinal-Ornament-Christmas-Tree-Decor-/375714373472,EBAY-US
80 Pcs Vintage Christmas Cards Bulk Retro Cute Animals Preparing for Christmas R,375720786635,17.0,USD,New,Christmas,thebestshop-07,41,97.7,false,Free,0.0,FixedPrice,false,2024-10-17 12:29:42,2024-11-17 13:29:42,thebestshop-07,http://stores.ebay.com/thebestshop-07,https://i.ebayimg.com/thumbs/images/g/H4cAAOSwleNnEQMW/s-l140.jpg,https://i.ebayimg.com/00/s/MTQ5MlgxNTAw/z/H4cAAOSwleNnEQMW/$_1.JPG,https://i.ebayimg.com/00/s/MTQ5MlgxNTAw/z/H4cAAOSwleNnEQMW/$_3.JPG,https://www.ebay.com/itm/80-Pcs-Vintage-Christmas-Cards-Bulk-Retro-Cute-Animals-Preparing-Christmas-R-/375720786635,EBAY-US
"Hallmark Mattel Holiday Barbie Christmas Ornament, (Choose Your Style)",176664006920,14.5,USD,New,Ornaments,r_shop_24_7,36,97.4,false,Free,0.0,FixedPrice,false,2024-11-04 20:42:41,2024-12-04 20:42:41,N/A,N/A,https://i.ebayimg.com/thumbs/images/g/N7IAAOSwWchnKS-z/s-l140.jpg,https://i.ebayimg.com/00/s/NTAwWDUwMA==/z/N7IAAOSwWchnKS-z/$_1.JPG,https://i.ebayimg.com/00/s/NTAwWDUwMA==/z/N7IAAOSwWchnKS-z/$_3.JPG,https://www.ebay.com/itm/Hallmark-Mattel-Holiday-Barbie-Christmas-Ornament-Choose-Your-Style-/176664006920?var=0,EBAY-US
Christmas in the City Dept 56 Buildings New Used In BOX Variety,186731844181,8.0,USD,N/A,Villages & Houses,justinp15,2150,100.0,false,Calculated,N/A,FixedPrice,false,2024-10-15 16:33:01,2024-11-15 17:33:01,N/A,N/A,https://i.ebayimg.com/thumbs/images/g/ycMAAOSwEIpnGrFQ/s-l140.jpg,https://i.ebayimg.com/00/s/MzU4WDY1MA==/z/ycMAAOSwEIpnGrFQ/$_1.JPG,https://i.ebayimg.com/00/s/MzU4WDY1MA==/z/ycMAAOSwEIpnGrFQ/$_3.JPG,https://www.ebay.com/itm/Christmas-City-Dept-56-Buildings-New-Used-BOX-Variety-/186731844181?var=694807810233,EBAY-US
2024 Christmas On The Shelf Xmas Plush Elf Doll Toy Christmas Tradition Doll,305852146976,11.6,USD,New,Figurines,azamatas_0,7,100.0,false,Free,0.0,FixedPrice,false,2024-10-21 09:47:47,2024-11-21 10:47:47,N/A,N/A,https://i.ebayimg.com/thumbs/images/g/R-UAAOSw46hnFh58/s-l140.jpg,https://i.ebayimg.com/00/s/MTAwMFgxMDAw/z/R-UAAOSw46hnFh58/$_1.JPG,https://i.ebayimg.com/00/s/MTAwMFgxMDAw/z/R-UAAOSw46hnFh58/$_3.JPG,https://www.ebay.com/itm/2024-Christmas-Shelf-Xmas-Plush-Elf-Doll-Toy-Christmas-Tradition-Doll-/305852146976?var=605051563346,EBAY-US
2024 Christmas On The Shelf Xmas Plush Elf Doll Toy Christmas Tradition Doll,387434039068,10.95,USD,New,Figurines,oushuo,4231,97.8,true,Free,0.0,FixedPrice,false,2024-09-29 21:59:35,2024-11-29 22:59:35,N/A,N/A,https://i.ebayimg.com/thumbs/images/g/15AAAOSw17xm8nzU/s-l140.jpg,https://i.ebayimg.com/00/s/MTYwMFgxMjAw/z/15AAAOSw17xm8nzU/$_1.JPG,https://i.ebayimg.com/00/s/MTYwMFgxMjAw/z/15AAAOSw17xm8nzU/$_3.JPG,https://www.ebay.com/itm/2024-Christmas-Shelf-Xmas-Plush-Elf-Doll-Toy-Christmas-Tradition-Doll-/387434039068?var=654702506773,EBAY-US
"Patriotic Trump Fight Ornament – Christmas Tree Decor, Car Hanging Holiday gift",387428927983,8.99,USD,New,Ornaments,santamarket,45,86.4,false,Free,0.0,FixedPrice,false,2024-09-28 03:31:53,2024-11-28 04:31:53,N/A,N/A,https://i.ebayimg.com/thumbs/images/g/H24AAOSwfTJm93db/s-l140.jpg,https://i.ebayimg.com/00/s/ODAwWDgwMA==/z/H24AAOSwfTJm93db/$_1.JPG,https://i.ebayimg.com/00/s/ODAwWDgwMA==/z/H24AAOSwfTJm93db/$_3.JPG,https://www.ebay.com/itm/Patriotic-Trump-Fight-Ornament-Christmas-Tree-Decor-Car-Hanging-Holiday-gift-/387428927983,EBAY-US
"New Cute Needle Felted Mouse, Handmade Winter Xmas Halloween Decorations Mouse",235801365046,5.99,USD,New,Ornaments,cvdfv323,194,89.8,true,Free,0.0,FixedPrice,false,2024-10-25 02:05:30,2024-11-25 03:05:30,cvdfv323,http://stores.ebay.com/cvdfv323,https://i.ebayimg.com/thumbs/images/g/Jp4AAOSw0FJnGvzV/s-l140.jpg,https://i.ebayimg.com/00/s/MTAwMFgxMDAw/z/Jp4AAOSw0FJnGvzV/$_1.JPG,https://i.ebayimg.com/00/s/MTAwMFgxMDAw/z/Jp4AAOSw0FJnGvzV/$_3.JPG,https://www.ebay.com/itm/New-Cute-Needle-Felted-Mouse-Handmade-Winter-Xmas-Halloween-Decorations-Mouse-/235801365046?var=0,EBAY-US
"Patriotic Donald Trump 2024 Christmas Ornament ,Tree Decor, Holiday Gift Xmas",387555925478,9.24,USD,New,Ornaments,stampscardsandpizza,22,96.0,false,Free,0.0,FixedPrice,false,2024-10-29 22:43:30,2024-11-29 23:43:30,N/A,N/A,https://i.ebayimg.com/thumbs/images/g/88QAAOSwMEFnIWTB/s-l140.jpg,https://i.ebayimg.com/00/s/NzUyWDY4MA==/z/88QAAOSwMEFnIWTB/$_1.JPG,https://i.ebayimg.com/00/s/NzUyWDY4MA==/z/88QAAOSwMEFnIWTB/$_3.JPG,https://www.ebay.com/itm/Patriotic-Donald-Trump-2024-Christmas-Ornament-Tree-Decor-Holiday-Gift-Xmas-/387555925478,EBAY-US
Tree Buddees A Christmas Carol Ghost of Jacob Marley Ornament - Scrooge Dickens,176527776963,14.95,USD,New,Ornaments,edsindustries,4132,100.0,true,Free,0.0,FixedPrice,false,2024-08-16 14:31:20,2024-11-16 15:31:20,Shop EDS,http://stores.ebay.com/Shop-EDS,https://i.ebayimg.com/thumbs/images/g/7S8AAOSw7mJmj-xb/s-l140.jpg,https://i.ebayimg.com/00/s/MTYwMFgxNjAw/z/7S8AAOSw7mJmj-xb/$_1.JPG,https://i.ebayimg.com/00/s/MTYwMFgxNjAw/z/7S8AAOSw7mJmj-xb/$_3.JPG,https://www.ebay.com/itm/Tree-Buddees-Christmas-Carol-Ghost-Jacob-Marley-Ornament-Scrooge-Dickens-/176527776963,EBAY-US
Patriotic Trump Fight 2D Ornament Christmas Tree Decoration Hanging Holiday Gift,356147844101,3.99,USD,New other (see details),Ornaments,autogencar,398,96.1,true,Free,0.0,FixedPrice,false,2024-10-14 09:03:27,2024-11-14 10:03:27,autogencar,http://stores.ebay.com/autogencar,https://i.ebayimg.com/thumbs/images/g/H24AAOSwfTJm93db/s-l140.jpg,N/A,N/A,https://www.ebay.com/itm/Patriotic-Trump-Fight-2D-Ornament-Christmas-Tree-Decoration-Hanging-Holiday-Gift-/356147844101,EBAY-US
LED Christmas tree topper star,276182786519,16.0,USD,New,Tree Toppers,a.belakov,547,100.0,false,Free,0.0,FixedPrice,false,2023-11-22 03:16:49,2024-11-22 03:16:49,N/A,N/A,https://i.ebayimg.com/thumbs/images/g/QswAAOSwKXVlXW-C/s-l140.jpg,https://i.ebayimg.com/00/s/MTYwMFgxNjAw/z/QswAAOSwKXVlXW-C/$_1.JPG,https://i.ebayimg.com/00/s/MTYwMFgxNjAw/z/QswAAOSwKXVlXW-C/$_3.JPG,https://www.ebay.com/itm/LED-Christmas-tree-topper-star-/276182786519,EBAY-US
Hallmark Keepsake Christmas Ornament 1966 Dodge A-100 Truck 2021 Brand New,116376044521,8.07,USD,New,Ornaments,willk10795,3628,99.7,true,Free,0.0,FixedPrice,false,2024-10-30 23:24:29,2024-12-01 00:24:29,Willk10795,http://stores.ebay.com/Willk10795,https://i.ebayimg.com/thumbs/images/g/iHwAAOSwFN1iFVk0/s-l140.jpg,https://i.ebayimg.com/00/s/OTA4WDExNzc=/z/iHwAAOSwFN1iFVk0/$_1.JPG,https://i.ebayimg.com/00/s/OTA4WDExNzc=/z/iHwAAOSwFN1iFVk0/$_3.JPG,https://www.ebay.com/itm/Hallmark-Keepsake-Christmas-Ornament-1966-Dodge-A-100-Truck-2021-Brand-New-/116376044521,EBAY-US
"NEW! Set Of 12 CUTE Snowman Snowmen Mini Christmas Tree Ornaments 1.25""",176600456247,10.99,USD,New,Ornaments,route66qualitythriftygifts,6549,99.5,true,Flat,1.99,FixedPrice,false,2024-09-28 12:36:11,2024-11-28 13:36:11,Route 66 Thrifty Gifts,http://stores.ebay.com/Route-66-Thrifty-Gifts,https://i.ebayimg.com/thumbs/images/g/uP8AAOSwARljaB7~/s-l140.jpg,https://i.ebayimg.com/00/s/MTYwMFg4NDI=/z/uP8AAOSwARljaB7~/$_1.JPG,https://i.ebayimg.com/00/s/MTYwMFg4NDI=/z/uP8AAOSwARljaB7~/$_3.JPG,https://www.ebay.com/itm/NEW-Set-12-CUTE-Snowman-Snowmen-Mini-Christmas-Tree-Ornaments-1-25-/176600456247,EBAY-US
8 ft Christmas Inflatable Tree Blow-Up LED Lighted Holiday Yard Outdoor Decor,356192169046,39.99,USD,New,Yard Décor,hi-etech,1415028,98.2,true,Free,0.0,FixedPrice,false,2024-10-26 08:32:30,2024-11-26 09:32:30,eTech Digital World,http://stores.ebay.com/eTech-Digital-World,https://i.ebayimg.com/thumbs/images/g/5xoAAOSwQBpnHKmi/s-l140.jpg,https://i.ebayimg.com/00/s/MTYwMFgxNjAw/z/5xoAAOSwQBpnHKmi/$_1.JPG,https://i.ebayimg.com/00/s/MTYwMFgxNjAw/z/5xoAAOSwQBpnHKmi/$_3.JPG,https://www.ebay.com/itm/8-ft-Christmas-Inflatable-Tree-Blow-Up-LED-Lighted-Holiday-Yard-Outdoor-Decor-/356192169046,EBAY-US
Funny Danny Decheeto Holiday Christmas Tree Ornament,315904879137,9.95,USD,New,Ornaments,stepperlab,28,93.5,true,Flat,3.8,FixedPrice,false,2024-10-30 16:08:17,2024-11-30 17:08:17,N/A,N/A,https://i.ebayimg.com/thumbs/images/g/MB0AAOSwXS5nIliV/s-l140.jpg,https://i.ebayimg.com/00/s/MTYwMFgxNjAw/z/MB0AAOSwXS5nIliV/$_1.JPG,https://i.ebayimg.com/00/s/MTYwMFgxNjAw/z/MB0AAOSwXS5nIliV/$_3.JPG,https://www.ebay.com/itm/Funny-Danny-Decheeto-Holiday-Christmas-Tree-Ornament-/315904879137,EBAY-US
Vtg Retro Nostalgic Kittens Christmas Wrapping Paper 40 Sq Ft,167059647588,13.99,USD,New,Gift Wrap,fazio7165,1101,99.0,false,Calculated,N/A,FixedPrice,false,2024-11-01 21:41:09,2024-12-01 22:41:09,N/A,N/A,https://i.ebayimg.com/thumbs/images/g/2HgAAOSwoqhnJUq2/s-l140.jpg,https://i.ebayimg.com/00/s/MTYwMFgxMjAw/z/2HgAAOSwoqhnJUq2/$_1.JPG,https://i.ebayimg.com/00/s/MTYwMFgxMjAw/z/2HgAAOSwoqhnJUq2/$_3.JPG,https://www.ebay.com/itm/Vtg-Retro-Nostalgic-Kittens-Christmas-Wrapping-Paper-40-Sq-Ft-/167059647588,EBAY-US
NEW 2024 Chick-fil-A Sandwich Ornaments,356225245261,18.98,USD,New,Ornaments,sxddxn,77,100.0,false,Free,0.0,FixedPrice,false,2024-11-05 01:29:38,2024-12-05 01:29:38,sxddxn,http://stores.ebay.com/sxddxn,https://i.ebayimg.com/thumbs/images/g/oTcAAOSw501nKXSF/s-l140.jpg,https://i.ebayimg.com/00/s/MTQ0MFgxMDgw/z/oTcAAOSw501nKXSF/$_1.JPG,https://i.ebayimg.com/00/s/MTQ0MFgxMDgw/z/oTcAAOSw501nKXSF/$_3.JPG,https://www.ebay.com/itm/NEW-2024-Chick-fil-A-Sandwich-Ornaments-/356225245261,EBAY-US
"Patriotic Trump Strongman Christmas Ornament Tree Decor, Holiday Gift New Year",387462254987,8.99,USD,New,Ornaments,santamarket,19,86.4,false,Free,0.0,FixedPrice,false,2024-10-09 05:18:01,2024-11-09 06:18:01,N/A,N/A,https://i.ebayimg.com/thumbs/images/g/QtEAAOSwNO5nBhBl/s-l140.jpg,https://i.ebayimg.com/00/s/ODAwWDgwMA==/z/QtEAAOSwNO5nBhBl/$_1.JPG,https://i.ebayimg.com/00/s/ODAwWDgwMA==/z/QtEAAOSwNO5nBhBl/$_3.JPG,https://www.ebay.com/itm/Patriotic-Trump-Strongman-Christmas-Ornament-Tree-Decor-Holiday-Gift-New-Year-/387462254987,EBAY-US
6 FT Lighted Pop-Up Snowman Outdoor Christmas Decoration with 200 LED Lights,375640276387,65.99,USD,New,Yard Décor,millionshare,842164,98.2,true,Free,0.0,FixedPrice,false,2024-09-10 03:18:18,2024-11-10 04:18:18,Millionshare,http://stores.ebay.com/Millionshare,https://i.ebayimg.com/thumbs/images/g/9tkAAOSwBfBm37sd/s-l140.jpg,https://i.ebayimg.com/00/s/MTYwMFgxNjAw/z/9tkAAOSwBfBm37sd/$_1.JPG,https://i.ebayimg.com/00/s/MTYwMFgxNjAw/z/9tkAAOSwBfBm37sd/$_3.JPG,https://www.ebay.com/itm/6-FT-Lighted-Pop-Up-Snowman-Outdoor-Christmas-Decoration-200-LED-Lights-/375640276387,EBAY-US
7Pcs The Nightmare Before Christmas Jack Sally Christmas Tree Pendants Decor NEW,365213583887,9.97,USD,New,Nightmare Before Christmas,kgcna_5,4,80.0,false,Free,0.0,FixedPrice,false,2024-11-04 18:47:35,2024-12-04 18:47:35,N/A,N/A,https://i.ebayimg.com/thumbs/images/g/0IgAAOSwiOFnKRX0/s-l140.jpg,https://i.ebayimg.com/00/s/MTAwMFgxMDAw/z/0IgAAOSwiOFnKRX0/$_1.JPG,https://i.ebayimg.com/00/s/MTAwMFgxMDAw/z/0IgAAOSwiOFnKRX0/$_3.JPG,https://www.ebay.com/itm/7Pcs-Nightmare-Before-Christmas-Jack-Sally-Christmas-Tree-Pendants-Decor-NEW-/365213583887,EBAY-US
Patriotic Donald Trump 2024 Christmas Ornament 2D Tree Decor Holiday Gift,296759696933,7.64,USD,New,Ornaments,bretalt,1796,97.0,true,Free,0.0,FixedPrice,false,2024-10-18 08:54:31,2024-11-18 09:54:31,bretalt,http://stores.ebay.com/bretalt,https://i.ebayimg.com/thumbs/images/g/Nh0AAOSw~0VnEiI5/s-l140.jpg,https://i.ebayimg.com/00/s/MTYwMFgxNjAw/z/Nh0AAOSw~0VnEiI5/$_1.JPG,https://i.ebayimg.com/00/s/MTYwMFgxNjAw/z/Nh0AAOSw~0VnEiI5/$_3.JPG,https://www.ebay.com/itm/Patriotic-Donald-Trump-2024-Christmas-Ornament-2D-Tree-Decor-Holiday-Gift-/296759696933?var=0,EBAY-US
30 Pcs Retro Christmas Greeting Cards Vintage Xmas Cards Christmas Holiday Cards,356126909920,16.5,USD,New,Christmas,variety_store_from_yunus,51,100.0,false,Free,0.0,FixedPrice,false,2024-10-08 07:54:58,2024-11-08 08:54:58,N/A,N/A,https://i.ebayimg.com/thumbs/images/g/uAEAAOSwnQFnBOZR/s-l140.jpg,https://i.ebayimg.com/00/s/MTQ4NFgxNTAw/z/uAEAAOSwnQFnBOZR/$_1.JPG,https://i.ebayimg.com/00/s/MTQ4NFgxNTAw/z/uAEAAOSwnQFnBOZR/$_3.JPG,https://www.ebay.com/itm/30-Pcs-Retro-Christmas-Greeting-Cards-Vintage-Xmas-Cards-Christmas-Holiday-Cards-/356126909920,EBAY-US
7FT Inflatable LED Santa Claus Reindeers W/ Sleigh Christmas Yard Decoration,293882847307,59.99,USD,New,Yard Décor,vivohome,5771,98.8,true,Free,0.0,FixedPrice,false,2020-12-08 09:45:10,2024-11-08 09:45:10,VIVOHOME OFFICIAL,http://stores.ebay.com/VIVOHOME-OFFICIAL,https://i.ebayimg.com/thumbs/images/g/eeQAAOSwjwBjKstp/s-l140.jpg,https://i.ebayimg.com/00/s/ODAwWDgwMA==/z/eeQAAOSwjwBjKstp/$_1.JPG,https://i.ebayimg.com/00/s/ODAwWDgwMA==/z/eeQAAOSwjwBjKstp/$_3.JPG,https://www.ebay.com/itm/7FT-Inflatable-LED-Santa-Claus-Reindeers-W-Sleigh-Christmas-Yard-Decoration-/293882847307,EBAY-US
23 in Jumbo Shatterproof Christmas Finial Ornament Outdoor Decor Red White Xmas,135342884349,18.44,USD,New,Ornaments,duyearns,32,97.1,false,Free,0.0,FixedPrice,false,2024-11-04 10:29:55,2024-12-04 10:29:55,duyearns,http://stores.ebay.com/duyearns,https://i.ebayimg.com/thumbs/images/g/3wQAAOSwS6lnKKIf/s-l140.jpg,https://i.ebayimg.com/00/s/ODAwWDgwMA==/z/3wQAAOSwS6lnKKIf/$_1.JPG,https://i.ebayimg.com/00/s/ODAwWDgwMA==/z/3wQAAOSwS6lnKKIf/$_3.JPG,https://www.ebay.com/itm/23-Jumbo-Shatterproof-Christmas-Finial-Ornament-Outdoor-Decor-Red-White-Xmas-/135342884349,EBAY-US
"Retro-Like Glass Ornaments, Set of 6",405271994344,18.35,USD,New,Ornaments,foxvalleytraders,117665,98.4,true,Free,0.0,FixedPrice,false,2024-10-07 22:37:31,2024-11-07 23:37:31,Miles Kimball Company,http://stores.ebay.com/Miles-Kimball-Company,https://i.ebayimg.com/thumbs/images/g/9AcAAOSwWqRnBGOb/s-l140.jpg,https://i.ebayimg.com/00/s/MTE2OFgxMTY4/z/9AcAAOSwWqRnBGOb/$_1.JPG,https://i.ebayimg.com/00/s/MTE2OFgxMTY4/z/9AcAAOSwWqRnBGOb/$_3.JPG,https://www.ebay.com/itm/Retro-Like-Glass-Ornaments-Set-6-/405271994344,EBAY-US
Vintage Inspired Miniature Flocked Dancing Santas Christmas Ornaments Lot Of 3,285731897556,8.49,USD,New,Ornaments,curiocave,281,95.5,true,Free,0.0,FixedPrice,false,2024-02-26 04:13:32,2024-11-26 04:13:32,CurioCave,http://stores.ebay.com/CurioCave,https://i.ebayimg.com/thumbs/images/g/NnUAAOSwRvJlHcgt/s-l140.jpg,https://i.ebayimg.com/00/s/MTI5NlgxMjk2/z/NnUAAOSwRvJlHcgt/$_1.JPG,https://i.ebayimg.com/00/s/MTI5NlgxMjk2/z/NnUAAOSwRvJlHcgt/$_3.JPG,https://www.ebay.com/itm/Vintage-Inspired-Miniature-Flocked-Dancing-Santas-Christmas-Ornaments-Lot-3-/285731897556,EBAY-US
National Lampoon Christmas Vacation Griswold Holiday House Display Decor Xmas,176634422881,14.71,USD,New,Villages & Houses,hardyparts,9,91.7,false,Free,0.0,FixedPrice,false,2024-10-17 14:25:43,2024-11-17 15:25:43,Hardyparts,http://stores.ebay.com/Hardyparts,https://i.ebayimg.com/thumbs/images/g/1G8AAOSw4TxjfXSZ/s-l140.jpg,N/A,N/A,https://www.ebay.com/itm/National-Lampoon-Christmas-Vacation-Griswold-Holiday-House-Display-Decor-Xmas-/176634422881?var=0,EBAY-US
Primitives by Kathy Christmas Day Felt Mice Set 3 Critter Holiday Mouse Ornament,356225450581,17.95,USD,New,Ornaments,homedecorstore,14638,99.9,true,Free,0.0,FixedPrice,false,2024-11-05 03:03:28,2024-12-05 03:03:28,HomeDecorStore,http://stores.ebay.com/HomeDecorStore,https://i.ebayimg.com/thumbs/images/g/iAYAAOSwsu1mc4uN/s-l140.jpg,https://i.ebayimg.com/00/s/MTYwMFgxNjAw/z/iAYAAOSwsu1mc4uN/$_1.JPG,https://i.ebayimg.com/00/s/MTYwMFgxNjAw/z/iAYAAOSwsu1mc4uN/$_3.JPG,https://www.ebay.com/itm/Primitives-Kathy-Christmas-Day-Felt-Mice-Set-3-Critter-Holiday-Mouse-Ornament-/356225450581,EBAY-US
"New Christmas Airblown Inflatables Yard Decoration Bluey, Wish List Bluey, 5.5ft",387521403996,30.39,USD,New,Yard Décor,huyhngu_59,57,100.0,false,Free,0.0,FixedPrice,false,2024-10-22 10:23:25,2024-11-22 11:23:25,N/A,N/A,https://i.ebayimg.com/thumbs/images/g/2MUAAOSwzFdnF3y0/s-l140.jpg,https://i.ebayimg.com/00/s/MTYwMFgxNjAw/z/2MUAAOSwzFdnF3y0/$_1.JPG,https://i.ebayimg.com/00/s/MTYwMFgxNjAw/z/2MUAAOSwzFdnF3y0/$_3.JPG,https://www.ebay.com/itm/New-Christmas-Airblown-Inflatables-Yard-Decoration-Bluey-Wish-List-Bluey-5-5ft-/387521403996,EBAY-US
🎄 Target Wondershop Turquoise Mini Retro Deer  Pair~Christmas Tree Ornaments,156427506975,11.99,USD,New,Ornaments,bob_big_mac,930,100.0,false,Free,0.0,FixedPrice,false,2024-09-25 19:54:54,2024-11-25 20:54:54,N/A,N/A,https://i.ebayimg.com/thumbs/images/g/ENgAAOSwjiZm9Gos/s-l140.jpg,https://i.ebayimg.com/00/s/MTU5OVgxMTk5/z/ENgAAOSwjiZm9Gos/$_1.JPG,https://i.ebayimg.com/00/s/MTU5OVgxMTk5/z/ENgAAOSwjiZm9Gos/$_3.JPG,https://www.ebay.com/itm/Target-Wondershop-Turquoise-Mini-Retro-Deer-Pair-Christmas-Tree-Ornaments-/156427506975,EBAY-US
Hallmark Keepsake Christmas Ornament Barbie Beautiful Ballerina 2021 QXI7382 New,116376117556,9.78,USD,New,Ornaments,willk10795,3629,99.7,true,Free,0.0,FixedPrice,false,2024-10-31 01:35:04,2024-12-01 02:35:04,Willk10795,http://stores.ebay.com/Willk10795,https://i.ebayimg.com/thumbs/images/g/tIcAAOSwZ9liFpYg/s-l140.jpg,https://i.ebayimg.com/00/s/MTAyNVgxMjk4/z/tIcAAOSwZ9liFpYg/$_1.JPG,https://i.ebayimg.com/00/s/MTAyNVgxMjk4/z/tIcAAOSwZ9liFpYg/$_3.JPG,https://www.ebay.com/itm/Hallmark-Keepsake-Christmas-Ornament-Barbie-Beautiful-Ballerina-2021-QXI7382-New-/116376117556,EBAY-US
Christmas Ornaments Angel Wings - a Piece of My Heart Is in Heaven Ornament,325800292317,5.99,USD,New,Ornaments,motorcitypickandfind,2723,100.0,true,Free,0.0,FixedPrice,false,2023-09-05 23:44:58,2024-12-06 00:44:58,MotorCityPickandFind,http://stores.ebay.com/MotorCityPickandFind,https://i.ebayimg.com/thumbs/images/g/-bIAAOSwk4hkV-SS/s-l140.jpg,https://i.ebayimg.com/00/s/MTE4MVgxMjg0/z/-bIAAOSwk4hkV-SS/$_1.JPG,https://i.ebayimg.com/00/s/MTE4MVgxMjg0/z/-bIAAOSwk4hkV-SS/$_3.JPG,https://www.ebay.com/itm/Christmas-Ornaments-Angel-Wings-Piece-My-Heart-Heaven-Ornament-/325800292317,EBAY-US
Snowflake Christmas Ornament Handmade With Recycled Aluminum Cans You Choose,196539874329,4.15,USD,New,Ornaments,mcdougle4248,8153,100.0,true,Flat,4.35,FixedPrice,false,2024-08-03 15:48:26,2024-12-03 16:48:26,Kim's UnCANny Ornaments,http://stores.ebay.com/Kims-UnCANny-Ornaments,https://i.ebayimg.com/thumbs/images/g/CRYAAOSwFs9nKP2K/s-l140.jpg,https://i.ebayimg.com/00/s/MTAwMFgxMDAw/z/CRYAAOSwFs9nKP2K/$_1.JPG,https://i.ebayimg.com/00/s/MTAwMFgxMDAw/z/CRYAAOSwFs9nKP2K/$_3.JPG,https://www.ebay.com/itm/Snowflake-Christmas-Ornament-Handmade-Recycled-Aluminum-Cans-You-Choose-/196539874329?var=0,EBAY-US
Terrifier Art The Clown 4-Inch Shatterproof Decoupage Ornament,267010241640,13.99,USD,New,Ornaments,toynk,339704,99.3,true,FlatDomesticCalculatedInternational,0.0,FixedPrice,false,2024-09-30 06:39:16,2024-11-30 07:39:16,Toynk Toys Costumes and Gifts,http://stores.ebay.com/Toynk-Toys-Costumes-and-Gifts,https://i.ebayimg.com/thumbs/images/g/K08AAOSwiW1m-kfX/s-l140.jpg,https://i.ebayimg.com/00/s/MTYwMFgxNjAw/z/K08AAOSwiW1m-kfX/$_1.JPG,https://i.ebayimg.com/00/s/MTYwMFgxNjAw/z/K08AAOSwiW1m-kfX/$_3.JPG,https://www.ebay.com/itm/Terrifier-Art-Clown-4-Inch-Shatterproof-Decoupage-Ornament-/267010241640,EBAY-US
2024 Disney Parks Holiday Christmas Sweater Stitch Gift Card & LE Pin GWP,267053833722,24.95,USD,New,Other Disney Pins & Patches,kingdom_shoppers,35545,99.9,true,Free,0.0,FixedPrice,false,2024-11-05 18:04:14,2024-12-05 18:04:14,Kingdom Shoppers,http://stores.ebay.com/Kingdom-Shoppers,https://i.ebayimg.com/thumbs/images/g/Ox8AAOSwxzxnKl4L/s-l140.jpg,https://i.ebayimg.com/00/s/MTYwMFgxMjAw/z/Ox8AAOSwxzxnKl4L/$_1.JPG,https://i.ebayimg.com/00/s/MTYwMFgxMjAw/z/Ox8AAOSwxzxnKl4L/$_3.JPG,https://www.ebay.com/itm/2024-Disney-Parks-Holiday-Christmas-Sweater-Stitch-Gift-Card-LE-Pin-GWP-/267053833722,EBAY-US
Donald Trump 2024 Acrylic Christmas Keepsake – Festive Patriotic Tree - decor,315915220792,12.85,USD,New,Presidential Candidates,golden-finds,6,100.0,false,Free,0.0,FixedPrice,false,2024-11-02 18:48:29,2024-12-02 19:48:29,N/A,N/A,https://i.ebayimg.com/thumbs/images/g/Q7YAAOSwAANnJm-3/s-l140.jpg,https://i.ebayimg.com/00/s/ODAwWDgwMA==/z/Q7YAAOSwAANnJm-3/$_1.JPG,https://i.ebayimg.com/00/s/ODAwWDgwMA==/z/Q7YAAOSwAANnJm-3/$_3.JPG,https://www.ebay.com/itm/Donald-Trump-2024-Acrylic-Christmas-Keepsake-Festive-Patriotic-Tree-decor-/315915220792,EBAY-US
5651063 Swarovski 2023 Christmas SCS Annual Edition EDELWEISS Ornamen Authentic,356181242732,34.99,USD,New,Ornaments,tixixi66uen,13,100.0,false,Free,0.0,FixedPrice,false,2024-10-23 03:55:09,2024-11-23 04:55:09,tixixi66uen,http://stores.ebay.com/tixixi66uen,https://i.ebayimg.com/thumbs/images/g/PGcAAOSwc75k~~-V/s-l140.jpg,https://i.ebayimg.com/00/s/MTQ1MFgxNDUw/z/PGcAAOSwc75k~~-V/$_1.JPG,https://i.ebayimg.com/00/s/MTQ1MFgxNDUw/z/PGcAAOSwc75k~~-V/$_3.JPG,https://www.ebay.com/itm/5651063-Swarovski-2023-Christmas-SCS-Annual-Edition-EDELWEISS-Ornamen-Authentic-/356181242732,EBAY-US
Dk Pink Flamingo Topper & 25 Lights for Ceramic Christmas Tree Bulbs Star *NEW*,375354948581,9.99,USD,New,Christmas Trees,anniepink1,16087,99.9,true,Flat,4.25,FixedPrice,false,2024-04-05 22:14:35,2024-12-05 23:14:35,Annies Ceramic Christmas Tree Bulbs,http://stores.ebay.com/Annies-Ceramic-Christmas-Tree-Bulbs,https://i.ebayimg.com/thumbs/images/g/vMcAAOSwZtdmEHpj/s-l140.jpg,https://i.ebayimg.com/00/s/NjgwWDcwNw==/z/vMcAAOSwZtdmEHpj/$_1.JPG,https://i.ebayimg.com/00/s/NjgwWDcwNw==/z/vMcAAOSwZtdmEHpj/$_3.JPG,https://www.ebay.com/itm/Dk-Pink-Flamingo-Topper-25-Lights-Ceramic-Christmas-Tree-Bulbs-Star-NEW-/375354948581,EBAY-US
