
Title,Item ID,Price,Currency,Condition,Category,Seller,Feedback Score,Positive Feedback %,Top Rated Seller,Shipping Type,Shipping Cost,Listing Type,Buy It Now Available,Start Time,End Time,Store Name,Store URL,Gallery URL,Large Image URL,Super Size Image URL,View Item URL,Marketplace
NEW Hello Kitty Gingerbread Christmas Plaid Throw,235819485880,48.99,USD,New with tags,Blankets & Throws,kamend-5972,167,100.0,true,Free,0.0,FixedPrice,false,2024-11-06 15:46:59,2024-12-06 15:46:59,N/A,N/A,https://i.ebayimg.com/thumbs/images/g/NG4AAOSwr7NnK48d/s-l140.jpg,https://i.ebayimg.com/00/s/MTYwMFgxMTQ2/z/NG4AAOSwr7NnK48d/$_1.JPG,https://i.ebayimg.com/00/s/MTYwMFgxMTQ2/z/NG4AAOSwr7NnK48d/$_3.JPG,https://www.ebay.com/itm/NEW-Hello-Kitty-Gingerbread-Christmas-Plaid-Throw-/235819485880,EBAY-US
King Christmas Bedding Christmas Deer Bedding Sets Reindeer Quilt Holiday Christ,146165177226,69.99,USD,New with tags,"Quilts, Bedspreads & Coverlets",lighty51015,7,100.0,false,Free,0.0,FixedPrice,false,2024-11-06 16:01:46,2024-12-06 16:01:46,lighty51015,http://stores.ebay.com/lighty51015,https://i.ebayimg.com/thumbs/images/g/g2gAAOSwIW5nK5Le/s-l140.jpg,https://i.ebayimg.com/00/s/MTIwMFgxMjAw/z/g2gAAOSwIW5nK5Le/$_1.JPG,https://i.ebayimg.com/00/s/MTIwMFgxMjAw/z/g2gAAOSwIW5nK5Le/$_3.JPG,https://www.ebay.com/itm/King-Christmas-Bedding-Christmas-Deer-Bedding-Sets-Reindeer-Quilt-Holiday-Christ-/146165177226,EBAY-US
LTR1611 Hippie Beautiful Bus Hippie Quilt Christmas Christmas gifts Merry Christ,326329345810,32.99,USD,New with tags,Blankets & Throws,tuustar1,197,100.0,false,Flat,5.99,FixedPrice,false,2024-11-06 15:27:43,2024-12-06 15:27:43,N/A,N/A,https://i.ebayimg.com/thumbs/images/g/b8gAAOSwechnK4qU/s-l140.jpg,https://i.ebayimg.com/00/s/NzUyWDU2NA==/z/b8gAAOSwechnK4qU/$_1.JPG,https://i.ebayimg.com/00/s/NzUyWDU2NA==/z/b8gAAOSwechnK4qU/$_3.JPG,https://www.ebay.com/itm/LTR1611-Hippie-Beautiful-Bus-Hippie-Quilt-Christmas-Christmas-gifts-Merry-Christ-/326329345810?var=515455036436,EBAY-US
Hello Kitty Faux Rabbit Fur Christmas Holiday Throw Blanket 50inX70in NEW,226435881699,48.99,USD,New with tags,Blankets & Throws,blackfocusst,953,100.0,true,Free,0.0,FixedPrice,false,2024-11-06 14:01:21,2024-12-06 14:01:21,N/A,N/A,https://i.ebayimg.com/thumbs/images/g/tiMAAOSwhOpnK3ZN/s-l140.jpg,https://i.ebayimg.com/00/s/MTM5MFg1NDg=/z/tiMAAOSwhOpnK3ZN/$_1.JPG,https://i.ebayimg.com/00/s/MTM5MFg1NDg=/z/tiMAAOSwhOpnK3ZN/$_3.JPG,https://www.ebay.com/itm/Hello-Kitty-Faux-Rabbit-Fur-Christmas-Holiday-Throw-Blanket-50inX70in-NEW-/226435881699,EBAY-US
3 Piece Warm Christmas Snowman Reversible Quilt Set with Pillow Shams,326274194024,59.99,USD,New with tags,"Quilts, Bedspreads & Coverlets",oceanhomefashion,9535,100.0,true,Free,0.0,FixedPrice,false,2024-09-18 09:20:46,2024-11-18 10:20:46,Ocean Home Fashion,http://stores.ebay.com/Ocean-Home-Fashion,https://i.ebayimg.com/thumbs/images/g/jtEAAOSwRM9m6pto/s-l140.jpg,https://i.ebayimg.com/00/s/MTYwMFgxNjAw/z/jtEAAOSwRM9m6pto/$_1.JPG,https://i.ebayimg.com/00/s/MTYwMFgxNjAw/z/jtEAAOSwRM9m6pto/$_3.JPG,https://www.ebay.com/itm/3-Piece-Warm-Christmas-Snowman-Reversible-Quilt-Set-Pillow-Shams-/326274194024?var=515398671501,EBAY-US
DFXSZ Christmas Tree Pillow Covers  Set of 2,196786199434,10.98,USD,New without tags,Pillow Shams,phry2670_3,0,0.0,false,Free,0.0,FixedPrice,false,2024-11-06 15:59:35,2024-12-06 15:59:35,N/A,N/A,https://i.ebayimg.com/thumbs/images/g/vp4AAOSwtspnK29F/s-l140.jpg,https://i.ebayimg.com/00/s/ODAwWDgwMA==/z/vp4AAOSwtspnK29F/$_1.JPG,https://i.ebayimg.com/00/s/ODAwWDgwMA==/z/vp4AAOSwtspnK29F/$_3.JPG,https://www.ebay.com/itm/DFXSZ-Christmas-Tree-Pillow-Covers-Set-2-/196786199434?var=0,EBAY-US
"Christmas Blanket Gift, Photo Collage Christmas Blanket, Picture Blanket, Gifts",375770139256,39.0,USD,New without tags,Blankets & Throws,lifestylesbyramco,10,100.0,false,Free,0.0,FixedPrice,false,2024-11-06 15:19:17,2024-12-06 15:19:17,LifestylesbyRamco,http://stores.ebay.com/LifestylesbyRamco,https://i.ebayimg.com/thumbs/images/g/tXAAAOSwtR1nK4aC/s-l140.jpg,https://i.ebayimg.com/00/s/MTU4OFgxNTg4/z/tXAAAOSwtR1nK4aC/$_1.JPG,https://i.ebayimg.com/00/s/MTU4OFgxNTg4/z/tXAAAOSwtR1nK4aC/$_3.JPG,https://www.ebay.com/itm/Christmas-Blanket-Gift-Photo-Collage-Christmas-Blanket-Picture-Blanket-Gifts-/375770139256?var=644657496609,EBAY-US
"To My Daughter I Love You Blanket, Gift from Dad, Birthday or Xmas Present",235819496783,52.99,USD,New with tags,Blankets & Throws,top-moonters,697,99.5,false,Flat,5.99,FixedPrice,false,2024-11-06 16:02:30,2024-12-06 16:02:30,top-moonters,http://stores.ebay.com/top-moonters,https://i.ebayimg.com/thumbs/images/g/3NwAAOSwr7hnK5LX/s-l140.jpg,https://i.ebayimg.com/00/s/MTUwMFgxNTAw/z/3NwAAOSwr7hnK5LX/$_1.JPG,https://i.ebayimg.com/00/s/MTUwMFgxNTAw/z/3NwAAOSwr7hnK5LX/$_3.JPG,https://www.ebay.com/itm/My-Daughter-Love-You-Blanket-Gift-Dad-Birthday-Xmas-Present-/235819496783?var=536212240728,EBAY-US
"Christmas Duvet Cover Set King Santa Elk Christmas Tree Pattern King(104""×90"")",176646633431,46.95,USD,New with tags,Duvet Covers & Sets,amazingwholesaleshop,161,100.0,false,Free,0.0,FixedPrice,false,2024-10-25 16:36:27,2024-11-25 17:36:27,amazingwholesaleshop,http://stores.ebay.com/amazingwholesaleshop,https://i.ebayimg.com/thumbs/images/g/vTIAAOSwbnRnG8j4/s-l140.jpg,https://i.ebayimg.com/00/s/MTUwMFgxNTAw/z/vTIAAOSwbnRnG8j4/$_1.JPG,https://i.ebayimg.com/00/s/MTUwMFgxNTAw/z/vTIAAOSwbnRnG8j4/$_3.JPG,https://www.ebay.com/itm/Christmas-Duvet-Cover-Set-King-Santa-Elk-Christmas-Tree-Pattern-King-104-90-/176646633431,EBAY-US
100% Cotton Flannel Sheet Set Deep Pockets Breathable Warm 170 GSM Cozy Soft,395583239782,49.99,USD,New with tags,Sheets,ruvanti,617,99.1,false,Free,0.0,FixedPrice,false,2024-08-08 10:37:48,2024-11-08 11:37:48,Ruvanti,http://stores.ebay.com/Ruvanti,https://i.ebayimg.com/thumbs/images/g/9D0AAOSwiX9mtK1w/s-l140.jpg,https://i.ebayimg.com/00/s/MTQxMlgxNjAw/z/9D0AAOSwiX9mtK1w/$_1.JPG,https://i.ebayimg.com/00/s/MTQxMlgxNjAw/z/9D0AAOSwiX9mtK1w/$_3.JPG,https://www.ebay.com/itm/100-Cotton-Flannel-Sheet-Set-Deep-Pockets-Breathable-Warm-170-GSM-Cozy-Soft-/395583239782?var=664393946212,EBAY-US
Christmas Quilt Handmade Appliqué  Very Pretty,167069257176,44.99,USD,Pre-owned,"Quilts, Bedspreads & Coverlets",bcop42-happyhome,9,100.0,false,Calculated,N/A,FixedPrice,false,2024-11-06 14:42:14,2024-12-06 14:42:14,N/A,N/A,https://i.ebayimg.com/thumbs/images/g/fakAAOSwmYpnK33u/s-l140.jpg,https://i.ebayimg.com/00/s/MTYwMFgxMjAw/z/fakAAOSwmYpnK33u/$_1.JPG,https://i.ebayimg.com/00/s/MTYwMFgxMjAw/z/fakAAOSwmYpnK33u/$_3.JPG,https://www.ebay.com/itm/Christmas-Quilt-Handmade-Applique-Very-Pretty-/167069257176,EBAY-US
Peanuts VelvetLoft Throw Extra Long 60x70inches  Christmas Holiday Theme,395874040292,40.0,USD,New with tags,Blankets & Throws,secondschance,1,100.0,false,FreePickup,0.0,FixedPrice,false,2024-11-06 15:00:50,2024-12-06 15:00:50,N/A,N/A,https://i.ebayimg.com/thumbs/images/g/0UEAAOSwf2FnK4L0/s-l140.jpg,https://i.ebayimg.com/00/s/MTYwMFgxMjAw/z/0UEAAOSwf2FnK4L0/$_1.JPG,https://i.ebayimg.com/00/s/MTYwMFgxMjAw/z/0UEAAOSwf2FnK4L0/$_3.JPG,https://www.ebay.com/itm/Peanuts-VelvetLoft-Throw-Extra-Long-60x70inches-Christmas-Holiday-Theme-/395874040292,EBAY-US
Scorpions Quilt Blanket 0736 Fleece Blanket,226436010388,32.99,USD,New with tags,Blankets & Throws,tuustar1,197,100.0,false,Flat,5.99,FixedPrice,false,2024-11-06 15:49:55,2024-12-06 15:49:55,N/A,N/A,https://i.ebayimg.com/thumbs/images/g/xPMAAOSwcPVnK49v/s-l140.jpg,https://i.ebayimg.com/00/s/NTY0WDU2NA==/z/xPMAAOSwcPVnK49v/$_1.JPG,https://i.ebayimg.com/00/s/NTY0WDU2NA==/z/xPMAAOSwcPVnK49v/$_3.JPG,https://www.ebay.com/itm/Scorpions-Quilt-Blanket-0736-Fleece-Blanket-/226436010388?var=525624157725,EBAY-US
Spice Girls Quilt Blanket Quilt Fleece Blanket,326329366427,32.99,USD,New with tags,Blankets & Throws,tuustar1,197,100.0,false,Flat,5.99,FixedPrice,false,2024-11-06 15:50:11,2024-12-06 15:50:11,N/A,N/A,https://i.ebayimg.com/thumbs/images/g/3HYAAOSwl-ZnK4-j/s-l140.jpg,https://i.ebayimg.com/00/s/NTY0WDU2NA==/z/3HYAAOSwl-ZnK4-j/$_1.JPG,https://i.ebayimg.com/00/s/NTY0WDU2NA==/z/3HYAAOSwl-ZnK4-j/$_3.JPG,https://www.ebay.com/itm/Spice-Girls-Quilt-Blanket-Quilt-Fleece-Blanket-/326329366427?var=515455135173,EBAY-US
Santana Albums Cover Poster Quilt Fleece Blanket,326329366194,32.99,USD,New with tags,Blankets & Throws,tuustar1,197,100.0,false,Flat,5.99,FixedPrice,false,2024-11-06 15:49:51,2024-12-06 15:49:51,N/A,N/A,https://i.ebayimg.com/thumbs/images/g/8XwAAOSwmnlnK49l/s-l140.jpg,https://i.ebayimg.com/00/s/NTY0WDU2NA==/z/8XwAAOSwmnlnK49l/$_1.JPG,https://i.ebayimg.com/00/s/NTY0WDU2NA==/z/8XwAAOSwmnlnK49l/$_3.JPG,https://www.ebay.com/itm/Santana-Albums-Cover-Poster-Quilt-Fleece-Blanket-/326329366194?var=515455227309,EBAY-US
Snoopy Hippie Quilt Blanket Quilt Fleece Blanket,226436010652,32.99,USD,New with tags,Blankets & Throws,tuustar1,197,100.0,false,Flat,5.99,FixedPrice,false,2024-11-06 15:50:07,2024-12-06 15:50:07,N/A,N/A,https://i.ebayimg.com/thumbs/images/g/i6sAAOSw8v9nK4-R/s-l140.jpg,https://i.ebayimg.com/00/s/NzUyWDU2NA==/z/i6sAAOSw8v9nK4-R/$_1.JPG,https://i.ebayimg.com/00/s/NzUyWDU2NA==/z/i6sAAOSw8v9nK4-R/$_3.JPG,https://www.ebay.com/itm/Snoopy-Hippie-Quilt-Blanket-Quilt-Fleece-Blanket-/226436010652?var=525623842943,EBAY-US
Guns N Roses Poster Quilt Fleece Blanket,226436018030,32.99,USD,New with tags,Blankets & Throws,tuustar1,197,100.0,false,Flat,5.99,FixedPrice,false,2024-11-06 15:58:33,2024-12-06 15:58:33,N/A,N/A,https://i.ebayimg.com/thumbs/images/g/lQcAAOSw-HFnK5GN/s-l140.jpg,https://i.ebayimg.com/00/s/NTY0WDU2NA==/z/lQcAAOSw-HFnK5GN/$_1.JPG,https://i.ebayimg.com/00/s/NTY0WDU2NA==/z/lQcAAOSw-HFnK5GN/$_3.JPG,https://www.ebay.com/itm/Guns-N-Roses-Poster-Quilt-Fleece-Blanket-/226436018030?var=525624119735,EBAY-US
"Christmas Throw Blanket Winter Snowman Throw Blanket Christmas 60"" X 80"" White",375769617412,39.45,USD,New with tags,Comforters & Sets,eliranl-53,1,100.0,false,Free,0.0,FixedPrice,false,2024-11-06 10:40:10,2024-12-06 10:40:10,HomeLuxury4U,http://stores.ebay.com/HomeLuxury4U,https://i.ebayimg.com/thumbs/images/g/7MMAAOSwlnFnK0fN/s-l140.jpg,https://i.ebayimg.com/00/s/NTIyWDUyMg==/z/7MMAAOSwlnFnK0fN/$_1.JPG,https://i.ebayimg.com/00/s/NTIyWDUyMg==/z/7MMAAOSwlnFnK0fN/$_3.JPG,https://www.ebay.com/itm/Christmas-Throw-Blanket-Winter-Snowman-Throw-Blanket-Christmas-60-X-80-White-/375769617412,EBAY-US
3 Pcs Cozy Cabin Christmas Quilt Set – Festive Bedspread with Rustic Lodge Charm,326275463627,58.99,USD,New with tags,"Quilts, Bedspreads & Coverlets",oceanhomefashion,9532,100.0,true,Free,0.0,FixedPrice,false,2024-09-19 05:44:05,2024-11-19 06:44:05,Ocean Home Fashion,http://stores.ebay.com/Ocean-Home-Fashion,https://i.ebayimg.com/thumbs/images/g/H10AAOSwUYJm67oK/s-l140.jpg,https://i.ebayimg.com/00/s/MTYwMFgxNjAw/z/H10AAOSwUYJm67oK/$_1.JPG,https://i.ebayimg.com/00/s/MTYwMFgxNjAw/z/H10AAOSwUYJm67oK/$_3.JPG,https://www.ebay.com/itm/3-Pcs-Cozy-Cabin-Christmas-Quilt-Set-Festive-Bedspread-Rustic-Lodge-Charm-/326275463627?var=0,EBAY-US
MarCielo Christmas Quilt Set Lightweight Bedspread Set B021,325377266528,39.99,USD,New with tags,"Quilts, Bedspreads & Coverlets",oceanhomefashion,9531,100.0,true,Free,0.0,FixedPrice,false,2022-10-10 19:27:39,2024-11-10 20:27:39,Ocean Home Fashion,http://stores.ebay.com/Ocean-Home-Fashion,https://i.ebayimg.com/thumbs/images/g/~54AAOSw2I9jRHHp/s-l140.jpg,https://i.ebayimg.com/00/s/MTA4MFgxMDgw/z/~54AAOSw2I9jRHHp/$_1.JPG,https://i.ebayimg.com/00/s/MTA4MFgxMDgw/z/~54AAOSw2I9jRHHp/$_3.JPG,https://www.ebay.com/itm/MarCielo-Christmas-Quilt-Set-Lightweight-Bedspread-Set-B021-/325377266528?var=0,EBAY-US
Hello Kitty Candy Cane Plush Throw Blanket 60x70,235819492226,35.99,USD,New with tags,Blankets & Throws,kamend-5972,167,100.0,true,Free,0.0,FixedPrice,false,2024-11-06 15:56:41,2024-12-06 15:56:41,N/A,N/A,https://i.ebayimg.com/thumbs/images/g/qUIAAOSw2npnK5FS/s-l140.jpg,https://i.ebayimg.com/00/s/MTYwMFg4MDg=/z/qUIAAOSw2npnK5FS/$_1.JPG,https://i.ebayimg.com/00/s/MTYwMFg4MDg=/z/qUIAAOSw2npnK5FS/$_3.JPG,https://www.ebay.com/itm/Hello-Kitty-Candy-Cane-Plush-Throw-Blanket-60x70-/235819492226,EBAY-US
18 x 18in Christmas Pillow Covers Snowman Throw Cushion Case Decorations Winter,387577156708,0.19,USD,New with tags,Pillowcases,future-print-store,602,99.3,true,Free,0.0,Auction,false,2024-11-04 01:24:16,2024-11-09 01:24:16,future-print-store,http://stores.ebay.com/future-print-store,https://i.ebayimg.com/thumbs/images/g/f-QAAOSwwZdnH1xB/s-l140.jpg,https://i.ebayimg.com/00/s/ODAwWDgwMA==/z/f-QAAOSwwZdnH1xB/$_1.JPG,https://i.ebayimg.com/00/s/ODAwWDgwMA==/z/f-QAAOSwwZdnH1xB/$_3.JPG,https://www.ebay.com/itm/18-x-18in-Christmas-Pillow-Covers-Snowman-Throw-Cushion-Case-Decorations-Winter-/387577156708,EBAY-US
"NEW / SEALED  Christmas Gingerbread & Pine  Fleece Throw 50"" x 60"" Macy's Maroon",387585951886,21.99,USD,New with tags,Blankets & Throws,ellabellabooksandmore,6334,100.0,true,Calculated,N/A,FixedPrice,false,2024-11-06 14:36:07,2024-12-06 14:36:07,ELLA BELLA BOOKS AND MORE,http://stores.ebay.com/ELLA-BELLA-BOOKS-AND-MORE,https://i.ebayimg.com/thumbs/images/g/Ao0AAOSw0V9nH-Jx/s-l140.jpg,https://i.ebayimg.com/00/s/MTA0MFg3MDc=/z/Ao0AAOSw0V9nH-Jx/$_1.JPG,https://i.ebayimg.com/00/s/MTA0MFg3MDc=/z/Ao0AAOSw0V9nH-Jx/$_3.JPG,https://www.ebay.com/itm/NEW-SEALED-Christmas-Gingerbread-Pine-Fleece-Throw-50-x-60-Macys-Maroon-/387585951886,EBAY-US
Snow Day Christmas Winter Standard Pair (2) Pillowcases Blue Background,286095852816,17.89,USD,New with tags,Pillowcases,stardust724,15767,99.8,true,Flat,4.95,FixedPrice,false,2024-10-07 01:29:15,2024-11-07 02:29:15,The Purple Pumpkin Patch,http://stores.ebay.com/The-Purple-Pumpkin-Patch,https://i.ebayimg.com/thumbs/images/g/wOwAAOSwJoxnAzjx/s-l140.jpg,https://i.ebayimg.com/00/s/MTM5NFgxMDc1/z/wOwAAOSwJoxnAzjx/$_1.JPG,https://i.ebayimg.com/00/s/MTM5NFgxMDc1/z/wOwAAOSwJoxnAzjx/$_3.JPG,https://www.ebay.com/itm/Snow-Day-Christmas-Winter-Standard-Pair-2-Pillowcases-Blue-Background-/286095852816,EBAY-US
"Christmas Night Reversible Quilt Set, Bedspread, Coverlet",174973769325,71.57,USD,New with tags,"Quilts, Bedspreads & Coverlets",redaiyu2222,3891,100.0,false,Free,0.0,FixedPrice,false,2021-10-11 18:40:22,2024-11-11 19:40:22,Cozy Bedding Store,http://stores.ebay.com/Cozy-Bedding-Store,https://i.ebayimg.com/thumbs/images/g/E0wAAOSw4g1c8Ckk/s-l140.jpg,https://i.ebayimg.com/00/s/MTIwMFgxMjAw/z/E0wAAOSw4g1c8Ckk/$_1.JPG,https://i.ebayimg.com/00/s/MTIwMFgxMjAw/z/E0wAAOSw4g1c8Ckk/$_3.JPG,https://www.ebay.com/itm/Christmas-Night-Reversible-Quilt-Set-Bedspread-Coverlet-/174973769325?var=0,EBAY-US
LAURA ASHLEY Bow Trellis Red/Green/White  Christmas Full/Queen Comforter Set,235819377813,128.99,USD,New with tags,Comforters & Sets,linensbycheryl,10670,100.0,true,Flat,25.95,FixedPrice,false,2024-11-06 13:58:02,2024-12-06 13:58:02,linensbycheryl,http://stores.ebay.com/linensbycheryl,https://i.ebayimg.com/thumbs/images/g/xCwAAOSwc-FnK3xF/s-l140.jpg,https://i.ebayimg.com/00/s/MTQwNVgxMTkx/z/xCwAAOSwc-FnK3xF/$_1.JPG,https://i.ebayimg.com/00/s/MTQwNVgxMTkx/z/xCwAAOSwc-FnK3xF/$_3.JPG,https://www.ebay.com/itm/LAURA-ASHLEY-Bow-Trellis-Red-Green-White-Christmas-Full-Queen-Comforter-Set-/235819377813,EBAY-US
ASPEN Home Woodland Cabin Red & White Christmas KING Cotton Quilt Set 3pc,256705157017,119.99,USD,New with tags,"Quilts, Bedspreads & Coverlets",linensbycheryl,10670,100.0,true,Flat,15.95,FixedPrice,false,2024-11-06 15:04:56,2024-12-06 15:04:56,linensbycheryl,http://stores.ebay.com/linensbycheryl,https://i.ebayimg.com/thumbs/images/g/1NkAAOSw0YxnK4-5/s-l140.jpg,https://i.ebayimg.com/00/s/MTE1NlgxMzE2/z/1NkAAOSw0YxnK4-5/$_1.JPG,https://i.ebayimg.com/00/s/MTE1NlgxMzE2/z/1NkAAOSw0YxnK4-5/$_3.JPG,https://www.ebay.com/itm/ASPEN-Home-Woodland-Cabin-Red-White-Christmas-KING-Cotton-Quilt-Set-3pc-/256705157017,EBAY-US
NEW 2024 Buc-ee’s BELIEVE IN THE MAGIC OF CHRISTMAS Novelty Blanket 50 X 70 in,156438943080,25.99,USD,New with tags,Blankets & Throws,arlington2992,701,99.7,true,Flat,8.0,FixedPrice,false,2024-10-03 00:06:25,2024-12-03 01:06:25,N/A,N/A,https://i.ebayimg.com/thumbs/images/g/QNYAAOSwJiZm~d92/s-l140.jpg,https://i.ebayimg.com/00/s/MTYwMFgxNjAw/z/QNYAAOSwJiZm~d92/$_1.JPG,https://i.ebayimg.com/00/s/MTYwMFgxNjAw/z/QNYAAOSwJiZm~d92/$_3.JPG,https://www.ebay.com/itm/NEW-2024-Buc-ee-s-BELIEVE-MAGIC-CHRISTMAS-Novelty-Blanket-50-X-70-/156438943080,EBAY-US
DISNEY WINNIE THE POOH Christmas Plush Throw Blanket 50x70 in,387583121027,44.99,USD,New with tags,Blankets & Throws,brat3,20001,100.0,false,Free,0.0,FixedPrice,false,2024-11-05 19:56:40,2024-12-05 19:56:40,brat3,http://stores.ebay.com/brat3,https://i.ebayimg.com/thumbs/images/g/PEgAAOSwFnZnJkq-/s-l140.jpg,https://i.ebayimg.com/00/s/MTYwMFgxNjAw/z/PEgAAOSwFnZnJkq-/$_1.JPG,https://i.ebayimg.com/00/s/MTYwMFgxNjAw/z/PEgAAOSwFnZnJkq-/$_3.JPG,https://www.ebay.com/itm/DISNEY-WINNIE-POOH-Christmas-Plush-Throw-Blanket-50x70-/387583121027,EBAY-US
"NEW / SEALED  Christmas Nadia Red  Fleece Throw 50"" x 60"" Macy's Holiday Cozy",387585951898,21.99,USD,New with tags,Blankets & Throws,ellabellabooksandmore,6334,100.0,true,Calculated,N/A,FixedPrice,false,2024-11-06 14:36:07,2024-12-06 14:36:07,ELLA BELLA BOOKS AND MORE,http://stores.ebay.com/ELLA-BELLA-BOOKS-AND-MORE,https://i.ebayimg.com/thumbs/images/g/kmMAAOSwW5BnH95h/s-l140.jpg,https://i.ebayimg.com/00/s/NzYzWDU2MA==/z/kmMAAOSwW5BnH95h/$_1.JPG,https://i.ebayimg.com/00/s/NzYzWDU2MA==/z/kmMAAOSwW5BnH95h/$_3.JPG,https://www.ebay.com/itm/NEW-SEALED-Christmas-Nadia-Red-Fleece-Throw-50-x-60-Macys-Holiday-Cozy-/387585951898,EBAY-US
Modern Southern Home Santa Christmas 4 Piece Sheet Set Queen,235791359647,35.0,USD,New with tags,Sheets,sharkfinent,715,100.0,true,Calculated,N/A,FixedPrice,false,2024-10-17 18:41:40,2024-11-17 19:41:40,Sharkfin Salvage Co,http://stores.ebay.com/Sharkfin-Salvage-Co,https://i.ebayimg.com/thumbs/images/g/Y~UAAOSwbcxnEVmi/s-l140.jpg,https://i.ebayimg.com/00/s/MTYwMFgxMzEx/z/Y~UAAOSwbcxnEVmi/$_1.JPG,https://i.ebayimg.com/00/s/MTYwMFgxMzEx/z/Y~UAAOSwbcxnEVmi/$_3.JPG,https://www.ebay.com/itm/Modern-Southern-Home-Santa-Christmas-4-Piece-Sheet-Set-Queen-/235791359647,EBAY-US
Noble House Plush Holiday Christmas Throw Blanket Red Reindeer,146084447515,15.99,USD,New with tags,Blankets & Throws,natesbuys,6802,99.1,true,Free,0.0,FixedPrice,false,2024-10-07 12:30:59,2024-11-07 13:30:59,natesbuys,http://stores.ebay.com/natesbuys,https://i.ebayimg.com/thumbs/images/g/rhUAAOSwd-BnA9Rs/s-l140.jpg,https://i.ebayimg.com/00/s/NTAwWDUwMA==/z/rhUAAOSwd-BnA9Rs/$_1.JPG,https://i.ebayimg.com/00/s/NTAwWDUwMA==/z/rhUAAOSwd-BnA9Rs/$_3.JPG,https://www.ebay.com/itm/Noble-House-Plush-Holiday-Christmas-Throw-Blanket-Red-Reindeer-/146084447515,EBAY-US
New Minky Couture Holiday Christmas tree Soft Luxurious Standard Pillowcase NEW,146041903518,22.0,USD,New with tags,Pillowcases,sierradreams,1827,99.8,true,Calculated,N/A,FixedPrice,false,2024-09-21 01:13:05,2024-11-21 02:13:05,SierraDreams,http://stores.ebay.com/SierraDreams,https://i.ebayimg.com/thumbs/images/g/-rkAAOSwoTlm7h0W/s-l140.jpg,https://i.ebayimg.com/00/s/OTQwWDEyMDA=/z/-rkAAOSwoTlm7h0W/$_1.JPG,https://i.ebayimg.com/00/s/OTQwWDEyMDA=/z/-rkAAOSwoTlm7h0W/$_3.JPG,https://www.ebay.com/itm/New-Minky-Couture-Holiday-Christmas-tree-Soft-Luxurious-Standard-Pillowcase-NEW-/146041903518,EBAY-US
NWT Rare Pottery Barn RED ALPINE TOILE Duvet Cover CHRISTMAS Stag DEER F/ Queen,395874039812,119.0,USD,New with tags,Duvet Covers & Sets,tassboo,19,100.0,false,Flat,12.95,FixedPrice,false,2024-11-06 15:00:18,2024-12-06 15:00:18,N/A,N/A,https://i.ebayimg.com/thumbs/images/g/7uQAAOSw9s1nK4NY/s-l140.jpg,https://i.ebayimg.com/00/s/MTIwMFgxNjAw/z/7uQAAOSw9s1nK4NY/$_1.JPG,https://i.ebayimg.com/00/s/MTIwMFgxNjAw/z/7uQAAOSw9s1nK4NY/$_3.JPG,https://www.ebay.com/itm/NWT-Rare-Pottery-Barn-RED-ALPINE-TOILE-Duvet-Cover-CHRISTMAS-Stag-DEER-F-Queen-/395874039812,EBAY-US
"Hello Kitty Christmas Holiday Hugs Silk Touch Throw Blanket 50” x70"" NEW 2024",256705018382,30.0,USD,New with tags,Blankets & Throws,ashlieluvsboo,80,100.0,false,Free,0.0,FixedPrice,false,2024-11-06 12:05:29,2024-12-06 12:05:29,N/A,N/A,https://i.ebayimg.com/thumbs/images/g/OOgAAOSwI1JnK1t8/s-l140.jpg,https://i.ebayimg.com/00/s/MTYwMFg1Njg=/z/OOgAAOSwI1JnK1t8/$_1.JPG,https://i.ebayimg.com/00/s/MTYwMFg1Njg=/z/OOgAAOSwI1JnK1t8/$_3.JPG,https://www.ebay.com/itm/Hello-Kitty-Christmas-Holiday-Hugs-Silk-Touch-Throw-Blanket-50-x70-NEW-2024-/256705018382,EBAY-US
NWT NORDSTROM Christmas Red Plaid Flannel Pillowcase Set of 2 KING HOLIDAY 🎁,326274714805,21.95,USD,New with tags,Pillowcases,thewardrobescout,2608,100.0,true,Free,0.0,FixedPrice,false,2024-09-18 15:46:38,2024-11-18 16:46:38,The Wardrobe Scout,http://stores.ebay.com/The-Wardrobe-Scout,https://i.ebayimg.com/thumbs/images/g/fqwAAOSwzDxm6vUQ/s-l140.jpg,https://i.ebayimg.com/00/s/MTYwMFgxMjAw/z/fqwAAOSwzDxm6vUQ/$_1.JPG,https://i.ebayimg.com/00/s/MTYwMFgxMjAw/z/fqwAAOSwzDxm6vUQ/$_3.JPG,https://www.ebay.com/itm/NWT-NORDSTROM-Christmas-Red-Plaid-Flannel-Pillowcase-Set-2-KING-HOLIDAY-/326274714805,EBAY-US
"Granddaughter Blanket, Love Grandma, Fleece Birthday or Xmas Gift",235819494831,32.99,USD,New with tags,Blankets & Throws,top-moonters,697,99.5,false,Flat,5.99,FixedPrice,false,2024-11-06 16:00:45,2024-12-06 16:00:45,top-moonters,http://stores.ebay.com/top-moonters,https://i.ebayimg.com/thumbs/images/g/KegAAOSw12VnK5J9/s-l140.jpg,https://i.ebayimg.com/00/s/MTUwMFgxNTAw/z/KegAAOSw12VnK5J9/$_1.JPG,https://i.ebayimg.com/00/s/MTUwMFgxNTAw/z/KegAAOSw12VnK5J9/$_3.JPG,https://www.ebay.com/itm/Granddaughter-Blanket-Love-Grandma-Fleece-Birthday-Xmas-Gift-/235819494831?var=536212279669,EBAY-US
"National Lampoons Christmas Vacation Throw Blanket 50”x70"" Clark Decorating NEW",405302339736,41.64,USD,New with tags,Blankets & Throws,stokescosales,3506,98.8,true,Free,0.0,FixedPrice,false,2024-10-22 18:40:22,2024-11-22 19:40:22,Stokes Co Sales,http://stores.ebay.com/Stokes-Co-Sales,https://i.ebayimg.com/thumbs/images/g/xeQAAOSwnR1nF~FL/s-l140.jpg,https://i.ebayimg.com/00/s/MTYwMFgxNjAw/z/xeQAAOSwnR1nF~FL/$_1.JPG,https://i.ebayimg.com/00/s/MTYwMFgxNjAw/z/xeQAAOSwnR1nF~FL/$_3.JPG,https://www.ebay.com/itm/National-Lampoons-Christmas-Vacation-Throw-Blanket-50-x70-Clark-Decorating-NEW-/405302339736,EBAY-US
Rae Dunn Reindeer Christmas Holiday Super Soft Queen Size Bed Sheet Set NWT,175966715148,44.95,USD,New with tags,Sheets,jbr-emporium,719,99.7,true,Free,0.0,FixedPrice,false,2023-10-16 03:33:02,2024-11-16 04:33:02,JBR-Emporium,http://stores.ebay.com/JBR-Emporium,https://i.ebayimg.com/thumbs/images/g/qfMAAOSwS4FlLK6i/s-l140.jpg,https://i.ebayimg.com/00/s/MTYwMFgxNTY3/z/qfMAAOSwS4FlLK6i/$_1.JPG,https://i.ebayimg.com/00/s/MTYwMFgxNTY3/z/qfMAAOSwS4FlLK6i/$_3.JPG,https://www.ebay.com/itm/Rae-Dunn-Reindeer-Christmas-Holiday-Super-Soft-Queen-Size-Bed-Sheet-Set-NWT-/175966715148,EBAY-US
Care Bears Christmas Blanket Throw NEW WITH TAGS PINK  50 IN x 70 in VIRAL,176645566308,99.99,USD,New with tags,Blankets & Throws,supercremaexpress,10364,100.0,true,Free,0.0,FixedPrice,false,2024-10-24 23:26:02,2024-11-25 00:26:02,Supercremaexpress,http://stores.ebay.com/Supercremaexpress,https://i.ebayimg.com/thumbs/images/g/968AAOSwMEFnGtYH/s-l140.jpg,https://i.ebayimg.com/00/s/MTYwMFgxMjAw/z/968AAOSwMEFnGtYH/$_1.JPG,https://i.ebayimg.com/00/s/MTYwMFgxMjAw/z/968AAOSwMEFnGtYH/$_3.JPG,https://www.ebay.com/itm/Care-Bears-Christmas-Blanket-Throw-NEW-TAGS-PINK-50-x-70-VIRAL-/176645566308,EBAY-US
Peanuts Snoopy Holiday Queen Sheets Woodstock Christmas 4 Pc Set Gray Green Red,296763050931,39.15,USD,New with tags,Sheets,gingr12,4143,100.0,true,Calculated,N/A,FixedPrice,false,2024-10-19 23:33:23,2024-11-20 00:33:23,Ginger's Clothes,http://stores.ebay.com/Gingers-Clothes,https://i.ebayimg.com/thumbs/images/g/Vq4AAOSwQQ5nFEGE/s-l140.jpg,https://i.ebayimg.com/00/s/MTYwMFgxNjAw/z/Vq4AAOSwQQ5nFEGE/$_1.JPG,https://i.ebayimg.com/00/s/MTYwMFgxNjAw/z/Vq4AAOSwQQ5nFEGE/$_3.JPG,https://www.ebay.com/itm/Peanuts-Snoopy-Holiday-Queen-Sheets-Woodstock-Christmas-4-Pc-Set-Gray-Green-Red-/296763050931,EBAY-US
Betsy Johnson Christmas Gingerbread Cookies 60”x50” Pink Throw Blanket NEW,286113918613,19.95,USD,New with tags,Blankets & Throws,dclfan,14605,99.3,true,Calculated,N/A,FixedPrice,false,2024-10-17 19:28:03,2024-11-17 20:28:03,Theme Parks For You,http://stores.ebay.com/Theme-Parks-For-You,https://i.ebayimg.com/thumbs/images/g/Dj0AAOSwIfxnEWS1/s-l140.jpg,https://i.ebayimg.com/00/s/MTYwMFg4NzQ=/z/Dj0AAOSwIfxnEWS1/$_1.JPG,https://i.ebayimg.com/00/s/MTYwMFg4NzQ=/z/Dj0AAOSwIfxnEWS1/$_3.JPG,https://www.ebay.com/itm/Betsy-Johnson-Christmas-Gingerbread-Cookies-60-x50-Pink-Throw-Blanket-NEW-/286113918613,EBAY-US
Winnie The Pooh Christmas Throw Blanket,305814542710,35.0,USD,New with tags,Blankets & Throws,babygirl9963,2502,99.1,true,Calculated,N/A,FixedPrice,false,2024-09-30 21:46:43,2024-11-30 22:46:43,N/A,N/A,https://i.ebayimg.com/thumbs/images/g/BG8AAOSwpRlnAaUN/s-l140.jpg,https://i.ebayimg.com/00/s/MTU5OVg5NTk=/z/BG8AAOSwpRlnAaUN/$_1.JPG,https://i.ebayimg.com/00/s/MTU5OVg5NTk=/z/BG8AAOSwpRlnAaUN/$_3.JPG,https://www.ebay.com/itm/Winnie-Pooh-Christmas-Throw-Blanket-/305814542710,EBAY-US
New Hello Kitty Christmas Holiday Candy Cane Sherpa Backed Blanket Full/Queen :3,326329265554,69.95,USD,New with tags,Blankets & Throws,tahitiana88,582,100.0,false,Flat,19.95,FixedPrice,false,2024-11-06 13:46:31,2024-12-06 13:46:31,N/A,N/A,https://i.ebayimg.com/thumbs/images/g/N6gAAOSwKMxnKX1F/s-l140.jpg,https://i.ebayimg.com/00/s/MTE3OFgxMTU3/z/N6gAAOSwKMxnKX1F/$_1.JPG,https://i.ebayimg.com/00/s/MTE3OFgxMTU3/z/N6gAAOSwKMxnKX1F/$_3.JPG,https://www.ebay.com/itm/New-Hello-Kitty-Christmas-Holiday-Candy-Cane-Sherpa-Backed-Blanket-Full-Queen-3-/326329265554,EBAY-US
3D Christmas Santa Claus Quilt Duvet Cover Bed Set Pillowcase Single Double Size,395608611494,19.99,AUD,New with tags,Quilt Covers,trevcy_34,1084,94.8,false,Flat,9.95,FixedPrice,false,2024-08-21 02:30:24,2024-11-21 01:30:24,Good Shops At Low Prices,http://stores.ebay.com/Good-Shops-At-Low-Prices,https://i.ebayimg.com/thumbs/images/g/YpwAAOSwMLBmxVEP/s-l140.jpg,https://i.ebayimg.com/00/s/MTAwMFgxMDAw/z/YpwAAOSwMLBmxVEP/$_1.JPG,https://i.ebayimg.com/00/s/MTAwMFgxMDAw/z/YpwAAOSwMLBmxVEP/$_3.JPG,https://www.ebay.com/itm/3D-Christmas-Santa-Claus-Quilt-Duvet-Cover-Bed-Set-Pillowcase-Single-Double-Size-/395608611494?var=0,EBAY-US
Santa Clause Pillow Case Zip Close Holiday Christmas 17 inch Square,315928043078,11.99,USD,Pre-owned,Pillowcases,sarahsstudio315,123,100.0,true,Calculated,N/A,FixedPrice,false,2024-11-06 15:05:28,2024-12-06 15:05:28,Sarah's Studio 315,http://stores.ebay.com/Sarahs-Studio-315,https://i.ebayimg.com/thumbs/images/g/tmcAAOSwiipnK4M2/s-l140.jpg,https://i.ebayimg.com/00/s/MTA3OVgxMDc5/z/tmcAAOSwiipnK4M2/$_1.JPG,https://i.ebayimg.com/00/s/MTA3OVgxMDc5/z/tmcAAOSwiipnK4M2/$_3.JPG,https://www.ebay.com/itm/Santa-Clause-Pillow-Case-Zip-Close-Holiday-Christmas-17-inch-Square-/315928043078,EBAY-US
Merry & Bright Collecion - Holly Jolly Quilt - - Christmas Tree-Red  Size King,405295021008,65.0,USD,New with tags,"Quilts, Bedspreads & Coverlets",crazyp127559,24,100.0,false,Free,0.0,FixedPrice,false,2024-10-18 21:45:45,2024-11-18 22:45:45,N/A,N/A,https://i.ebayimg.com/thumbs/images/g/SvgAAOSwegdnEtK3/s-l140.jpg,https://i.ebayimg.com/00/s/MTQ1OFgxNjAw/z/SvgAAOSwegdnEtK3/$_1.JPG,https://i.ebayimg.com/00/s/MTQ1OFgxNjAw/z/SvgAAOSwegdnEtK3/$_3.JPG,https://www.ebay.com/itm/Merry-Bright-Collecion-Holly-Jolly-Quilt-Christmas-Tree-Red-Size-King-/405295021008,EBAY-US
Vtg Flannel Pillowcase Christmas Tree Snowman Snow Flakes Penguins Winter 19x31,116382684722,10.98,USD,Pre-owned,Pillowcases,creeksidesalesshop,8174,99.6,false,Flat,4.99,FixedPrice,false,2024-11-06 13:05:13,2024-12-06 13:05:13,Creekside Sales,http://stores.ebay.com/Creekside-Sales,https://i.ebayimg.com/thumbs/images/g/rq4AAOSwTGlnJl0B/s-l140.jpg,https://i.ebayimg.com/00/s/MTYwMFgxNjAw/z/rq4AAOSwTGlnJl0B/$_1.JPG,https://i.ebayimg.com/00/s/MTYwMFgxNjAw/z/rq4AAOSwTGlnJl0B/$_3.JPG,https://www.ebay.com/itm/Vtg-Flannel-Pillowcase-Christmas-Tree-Snowman-Snow-Flakes-Penguins-Winter-19x31-/116382684722,EBAY-US
Peanuts Snoopy Pet Dog Cat Plush Cozy Blanket Christmas Red Holiday 40x50 NWT,315916582278,25.0,USD,New with tags,Blankets & Throws,qungu_7181,1832,99.6,false,Free,0.0,FixedPrice,false,2024-11-03 03:51:48,2024-12-03 04:51:48,N/A,N/A,https://i.ebayimg.com/thumbs/images/g/jcQAAOSwpGJnJvM5/s-l140.jpg,https://i.ebayimg.com/00/s/MTYwMFgxMjAw/z/jcQAAOSwpGJnJvM5/$_1.JPG,https://i.ebayimg.com/00/s/MTYwMFgxMjAw/z/jcQAAOSwpGJnJvM5/$_3.JPG,https://www.ebay.com/itm/Peanuts-Snoopy-Pet-Dog-Cat-Plush-Cozy-Blanket-Christmas-Red-Holiday-40x50-NWT-/315916582278,EBAY-US
PEANUTS Snoopy Woodstock Christmas KING SHEETS SET Santa Hat Wreath Lights Tree,405318498650,59.49,USD,New with tags,Sheets,stokescosales,3519,98.8,true,Free,0.0,FixedPrice,false,2024-10-31 07:21:39,2024-11-30 08:21:39,Stokes Co Sales,http://stores.ebay.com/Stokes-Co-Sales,https://i.ebayimg.com/thumbs/images/g/h3YAAOSwp2xlRsW4/s-l140.jpg,https://i.ebayimg.com/00/s/MTYwMFgxNjAw/z/h3YAAOSwp2xlRsW4/$_1.JPG,https://i.ebayimg.com/00/s/MTYwMFgxNjAw/z/h3YAAOSwp2xlRsW4/$_3.JPG,https://www.ebay.com/itm/PEANUTS-Snoopy-Woodstock-Christmas-KING-SHEETS-SET-Santa-Hat-Wreath-Lights-Tree-/405318498650,EBAY-US
Christmas Snow Moose Fleece Sherpa Throw Blanket Warm Cozy Winter Deer Blanket,387585660505,35.99,USD,New with tags,Blankets & Throws,prosperity_store,309,100.0,false,Free,0.0,FixedPrice,false,2024-11-06 13:10:53,2024-12-06 13:10:53,Properity Store,http://stores.ebay.com/Properity-Store,https://i.ebayimg.com/thumbs/images/g/DrAAAOSwp-tnK2q1/s-l140.jpg,https://i.ebayimg.com/00/s/MTUwMFgxNTAw/z/DrAAAOSwp-tnK2q1/$_1.JPG,https://i.ebayimg.com/00/s/MTUwMFgxNTAw/z/DrAAAOSwp-tnK2q1/$_3.JPG,https://www.ebay.com/itm/Christmas-Snow-Moose-Fleece-Sherpa-Throw-Blanket-Warm-Cozy-Winter-Deer-Blanket-/387585660505,EBAY-US
"Christmas Holiday Throw Blanket Snowman Hedgehogs ""Baby It's Cold Outside"" Blue",226435484048,24.0,USD,Pre-owned,Blankets & Throws,el7740,581,100.0,true,Free,0.0,FixedPrice,false,2024-11-06 08:44:08,2024-12-06 08:44:08,N/A,N/A,https://i.ebayimg.com/thumbs/images/g/iakAAOSwrp5m8mBO/s-l140.jpg,https://i.ebayimg.com/00/s/MTA2M1g4Mjg=/z/iakAAOSwrp5m8mBO/$_1.JPG,https://i.ebayimg.com/00/s/MTA2M1g4Mjg=/z/iakAAOSwrp5m8mBO/$_3.JPG,https://www.ebay.com/itm/Christmas-Holiday-Throw-Blanket-Snowman-Hedgehogs-Baby-Its-Cold-Outside-Blue-/226435484048,EBAY-US
NEW Winnie the pooh and friends Christmas plush cloud throw blanket,186759678375,49.99,USD,New with tags,Blankets & Throws,adumbe82,442,99.5,false,Free,0.0,FixedPrice,false,2024-11-02 18:38:34,2024-12-02 19:38:34,N/A,N/A,https://i.ebayimg.com/thumbs/images/g/YaIAAOSw6nNnCsrr/s-l140.jpg,https://i.ebayimg.com/00/s/MTQ0MFgxMDgw/z/YaIAAOSw6nNnCsrr/$_1.JPG,https://i.ebayimg.com/00/s/MTQ0MFgxMDgw/z/YaIAAOSw6nNnCsrr/$_3.JPG,https://www.ebay.com/itm/NEW-Winnie-pooh-and-friends-Christmas-plush-cloud-throw-blanket-/186759678375,EBAY-US
Mickey Mouse Christmas Lights Soft Throw Blanket 5' x 6 ft - The Big One -New,196064985487,13.0,USD,New with tags,Blankets & Throws,evilbob71,635,100.0,true,Calculated,N/A,FixedPrice,false,2023-11-04 16:32:29,2024-12-04 17:32:29,N/A,N/A,https://i.ebayimg.com/thumbs/images/g/uCMAAOSwnZxlRnHR/s-l140.jpg,https://i.ebayimg.com/00/s/MTUwMFgxNTAw/z/uCMAAOSwnZxlRnHR/$_1.JPG,https://i.ebayimg.com/00/s/MTUwMFgxNTAw/z/uCMAAOSwnZxlRnHR/$_3.JPG,https://www.ebay.com/itm/Mickey-Mouse-Christmas-Lights-Soft-Throw-Blanket-5-x-6-ft-Big-One-New-/196064985487,EBAY-US
Nicole Miller Tik Tok Viral Pink Christmas Tree Christmas Blanket Throw,335658723170,49.99,USD,New with tags,Blankets & Throws,losttreasures4u_29,2518,100.0,true,Calculated,N/A,FixedPrice,false,2024-11-06 13:53:22,2024-12-06 13:53:22,losttreasures4u_29,http://stores.ebay.com/losttreasures4u-29,https://i.ebayimg.com/thumbs/images/g/TUEAAOSwz71lT-7s/s-l140.jpg,https://i.ebayimg.com/00/s/MTYwMFgxMjAw/z/TUEAAOSwz71lT-7s/$_1.JPG,https://i.ebayimg.com/00/s/MTYwMFgxMjAw/z/TUEAAOSwz71lT-7s/$_3.JPG,https://www.ebay.com/itm/Nicole-Miller-Tik-Tok-Viral-Pink-Christmas-Tree-Christmas-Blanket-Throw-/335658723170,EBAY-US
60 Pcs Fake Snowballs 2 Inch Indoor Snowball Fight Balls Christmas Tree Decorati,387585661721,26.99,USD,New with tags,Blankets & Throws,prosperity_store,309,100.0,false,Free,0.0,FixedPrice,false,2024-11-06 13:11:27,2024-12-06 13:11:27,Properity Store,http://stores.ebay.com/Properity-Store,https://i.ebayimg.com/thumbs/images/g/lZUAAOSwOExnK2rY/s-l140.jpg,https://i.ebayimg.com/00/s/MTQ5OVgxNTAw/z/lZUAAOSwOExnK2rY/$_1.JPG,https://i.ebayimg.com/00/s/MTQ5OVgxNTAw/z/lZUAAOSwOExnK2rY/$_3.JPG,https://www.ebay.com/itm/60-Pcs-Fake-Snowballs-2-Inch-Indoor-Snowball-Fight-Balls-Christmas-Tree-Decorati-/387585661721,EBAY-US
Eddie Bauer Plush-Fleece Throw Blanket,126113211995,18.99,USD,New with tags,Comforters & Sets,beddingstyle,2411,99.5,false,Free,0.0,FixedPrice,false,2023-09-27 22:22:16,2024-11-27 23:22:16,Beddingstyle,http://stores.ebay.com/Beddingstyle,https://i.ebayimg.com/thumbs/images/g/RpEAAOSwiIlmjxFg/s-l140.jpg,https://i.ebayimg.com/00/s/MTQ5N1gxNjAw/z/RpEAAOSwiIlmjxFg/$_1.JPG,https://i.ebayimg.com/00/s/MTQ5N1gxNjAw/z/RpEAAOSwiIlmjxFg/$_3.JPG,https://www.ebay.com/itm/Eddie-Bauer-Plush-Fleece-Throw-Blanket-/126113211995?var=427551353384,EBAY-US
"NEW / SEALED  Christmas Cozy Sweater Pups Fleece Throw 50"" x 60"" Macy's Green",387585951902,21.99,USD,New with tags,Blankets & Throws,ellabellabooksandmore,6334,100.0,true,Calculated,N/A,FixedPrice,false,2024-11-06 14:36:07,2024-12-06 14:36:07,ELLA BELLA BOOKS AND MORE,http://stores.ebay.com/ELLA-BELLA-BOOKS-AND-MORE,https://i.ebayimg.com/thumbs/images/g/9YwAAOSwEjZnH-FG/s-l140.jpg,https://i.ebayimg.com/00/s/NzIzWDUwMA==/z/9YwAAOSwEjZnH-FG/$_1.JPG,https://i.ebayimg.com/00/s/NzIzWDUwMA==/z/9YwAAOSwEjZnH-FG/$_3.JPG,https://www.ebay.com/itm/NEW-SEALED-Christmas-Cozy-Sweater-Pups-Fleece-Throw-50-x-60-Macys-Green-/387585951902,EBAY-US
Ralph Lauren 4pc KING Size Sheet Set - MISTLETOE Christmas Holiday 100% Cotton,205084522155,109.95,USD,New with tags,Sheets,premium-deal,3065,98.4,false,Flat,14.5,FixedPrice,false,2024-11-04 22:44:11,2024-12-04 22:44:11,premium-deal,http://stores.ebay.com/premium-deal,https://i.ebayimg.com/thumbs/images/g/jkIAAOSwhKRnGB4m/s-l140.jpg,https://i.ebayimg.com/00/s/MTA3OVgxMTk2/z/jkIAAOSwhKRnGB4m/$_1.JPG,https://i.ebayimg.com/00/s/MTA3OVgxMTk2/z/jkIAAOSwhKRnGB4m/$_3.JPG,https://www.ebay.com/itm/Ralph-Lauren-4pc-KING-Size-Sheet-Set-MISTLETOE-Christmas-Holiday-100-Cotton-/205084522155,EBAY-US
"s/2 west elm Scandi Deer king pillowcases, Christmas, neutral",276414966477,17.47,USD,New with tags,Pillowcases,mykiddoscollegefund,22299,98.8,true,Free,0.0,FixedPrice,false,2024-04-06 23:21:18,2024-11-07 00:21:18,mykiddoscollegefund,http://stores.ebay.com/mykiddoscollegefund,https://i.ebayimg.com/thumbs/images/g/yEgAAOSwj5tmEdhI/s-l140.jpg,https://i.ebayimg.com/00/s/MTIzMlg5MTQ=/z/yEgAAOSwj5tmEdhI/$_1.JPG,https://i.ebayimg.com/00/s/MTIzMlg5MTQ=/z/yEgAAOSwj5tmEdhI/$_3.JPG,https://www.ebay.com/itm/s-2-west-elm-Scandi-Deer-king-pillowcases-Christmas-neutral-/276414966477,EBAY-US
Christmas Pattern Quilt Duvet Doona Cover Set Double Queen King Size Bedding Set,185649381345,19.99,AUD,New with tags,Quilt Covers,silut_19,489,96.3,false,Flat,9.95,FixedPrice,false,2022-11-08 03:11:33,2024-11-08 03:11:33,silut_19,http://stores.ebay.com/silut-19,https://i.ebayimg.com/thumbs/images/g/weAAAOSwZgdjacgm/s-l140.jpg,https://i.ebayimg.com/00/s/MTIwMFgxMjAw/z/weAAAOSwZgdjacgm/$_1.JPG,https://i.ebayimg.com/00/s/MTIwMFgxMjAw/z/weAAAOSwZgdjacgm/$_3.JPG,https://www.ebay.com/itm/Christmas-Pattern-Quilt-Duvet-Doona-Cover-Set-Double-Queen-King-Size-Bedding-Set-/185649381345?var=0,EBAY-US
Cloudco Viral Care Bears Plush Throw Christmas Blanket 50x70 Inches In Hand!,135347858913,56.1,USD,New with tags,Blankets & Throws,gojintsz28,1350,100.0,true,Free,0.0,FixedPrice,false,2024-11-06 02:58:00,2024-12-06 02:58:00,N/A,N/A,https://i.ebayimg.com/thumbs/images/g/JgsAAOSwX7pnKtq1/s-l140.jpg,https://i.ebayimg.com/00/s/MTYwMFg2OTg=/z/JgsAAOSwX7pnKtq1/$_1.JPG,https://i.ebayimg.com/00/s/MTYwMFg2OTg=/z/JgsAAOSwX7pnKtq1/$_3.JPG,https://www.ebay.com/itm/Cloudco-Viral-Care-Bears-Plush-Throw-Christmas-Blanket-50x70-Inches-Hand-/135347858913,EBAY-US
Christmas Decoration Waist Cushion Cover Throw Waist Pillow Case Sofa Home Decor,365183390391,3.87,USD,New with tags,Pillowcases,yangzi1992,664,99.1,false,Free,0.0,FixedPrice,false,2024-10-17 15:24:21,2024-11-17 16:24:21,yangzi1992,http://stores.ebay.com/yangzi1992,https://i.ebayimg.com/thumbs/images/g/VRwAAOSwDfdmcZzG/s-l140.jpg,https://i.ebayimg.com/00/s/MTAwMFgxMDAw/z/VRwAAOSwDfdmcZzG/$_1.JPG,https://i.ebayimg.com/00/s/MTAwMFgxMDAw/z/VRwAAOSwDfdmcZzG/$_3.JPG,https://www.ebay.com/itm/Christmas-Decoration-Waist-Cushion-Cover-Throw-Waist-Pillow-Case-Sofa-Home-Decor-/365183390391?var=634840868390,EBAY-US
Holiday Christmas Tree Festive 3-Piece Comforter Set,196672442384,27.99,USD,New with tags,Comforters & Sets,collections-etc,222138,97.0,true,Flat,9.99,FixedPrice,false,2024-09-26 14:21:54,2024-11-26 15:21:54,Collections Etc,http://stores.ebay.com/Collections-Etc,https://i.ebayimg.com/thumbs/images/g/TsoAAOSwApdm9W5j/s-l140.jpg,https://i.ebayimg.com/00/s/MTYwMFgxNjAw/z/TsoAAOSwApdm9W5j/$_1.JPG,https://i.ebayimg.com/00/s/MTYwMFgxNjAw/z/TsoAAOSwApdm9W5j/$_3.JPG,https://www.ebay.com/itm/Holiday-Christmas-Tree-Festive-3-Piece-Comforter-Set-/196672442384?var=0,EBAY-US
Peanuts Snoopy Holiday KING Sheets Woodstock Christmas 4 Pc Set White Green Red,296763052303,44.49,USD,New with tags,Sheets,gingr12,4141,100.0,true,Calculated,N/A,FixedPrice,false,2024-10-20 01:34:01,2024-11-20 02:34:01,Ginger's Clothes,http://stores.ebay.com/Gingers-Clothes,https://i.ebayimg.com/thumbs/images/g/9KkAAOSwIpxnKYXx/s-l140.jpg,https://i.ebayimg.com/00/s/MTYwMFgxNjAw/z/9KkAAOSwIpxnKYXx/$_1.JPG,https://i.ebayimg.com/00/s/MTYwMFgxNjAw/z/9KkAAOSwIpxnKYXx/$_3.JPG,https://www.ebay.com/itm/Peanuts-Snoopy-Holiday-KING-Sheets-Woodstock-Christmas-4-Pc-Set-White-Green-Red-/296763052303,EBAY-US
Christmas Holiday Throw Blanket Country Rustic Red Truck with Tree Design NWOP,156009503235,17.99,USD,New without tags,Blankets & Throws,morethancurtains,12961,98.6,false,Free,0.0,FixedPrice,false,2024-01-15 21:16:36,2024-11-15 21:16:36,More Than Curtains,http://stores.ebay.com/More-Than-Curtains,https://i.ebayimg.com/thumbs/images/g/x7oAAOSw-gpiRF6K/s-l140.jpg,https://i.ebayimg.com/00/s/MTQ0NFgxNDQ0/z/x7oAAOSw-gpiRF6K/$_1.JPG,https://i.ebayimg.com/00/s/MTQ0NFgxNDQ0/z/x7oAAOSw-gpiRF6K/$_3.JPG,https://www.ebay.com/itm/Christmas-Holiday-Throw-Blanket-Country-Rustic-Red-Truck-Tree-Design-NWOP-/156009503235,EBAY-US
PEANUTS Charlie Brown Christmas KING SHEETS SET Snoopy Woodstock Singing Carols,405327610333,59.49,USD,New with tags,Sheets,stokescosales,3520,98.8,true,Free,0.0,FixedPrice,false,2024-11-04 18:00:08,2024-12-04 18:00:08,Stokes Co Sales,http://stores.ebay.com/Stokes-Co-Sales,https://i.ebayimg.com/thumbs/images/g/HrcAAOSwxFNnKQtk/s-l140.jpg,https://i.ebayimg.com/00/s/MTYwMFgxNjAw/z/HrcAAOSwxFNnKQtk/$_1.JPG,https://i.ebayimg.com/00/s/MTYwMFgxNjAw/z/HrcAAOSwxFNnKQtk/$_3.JPG,https://www.ebay.com/itm/PEANUTS-Charlie-Brown-Christmas-KING-SHEETS-SET-Snoopy-Woodstock-Singing-Carols-/405327610333,EBAY-US
VICTORIA'S SECRET VS Sherpa Blanket&White Zip Fur Bag LOGO Pink Striped VS 2024,326328367516,44.95,USD,New with tags,Blankets & Throws,ganuushka,2181,100.0,true,Flat,7.99,FixedPrice,false,2024-11-05 18:11:44,2024-12-05 18:11:44,Strong Flower,http://stores.ebay.com/Strong-Flower,https://i.ebayimg.com/thumbs/images/g/YNEAAOSwJTtnKbCJ/s-l140.jpg,https://i.ebayimg.com/00/s/MTE3MVgxMzgz/z/YNEAAOSwJTtnKbCJ/$_1.JPG,https://i.ebayimg.com/00/s/MTE3MVgxMzgz/z/YNEAAOSwJTtnKbCJ/$_3.JPG,https://www.ebay.com/itm/VICTORIAS-SECRET-VS-Sherpa-Blanket-White-Zip-Fur-Bag-LOGO-Pink-Striped-VS-2024-/326328367516?var=0,EBAY-US
Woven Throw Blanket 35” X 67” Polyester Ultra Soft Warm Light Pink Fringed Edge,356230871434,6.95,USD,New with tags,Blankets & Throws,appalachianhillsliving,404,100.0,true,Flat,4.75,FixedPrice,false,2024-11-06 16:01:57,2024-12-06 16:01:57,Second Airy,http://stores.ebay.com/Second-Airy,https://i.ebayimg.com/thumbs/images/g/WoEAAOSw4CtjWCMv/s-l140.jpg,https://i.ebayimg.com/00/s/MTYwMFgxNjAw/z/WoEAAOSw4CtjWCMv/$_1.JPG,https://i.ebayimg.com/00/s/MTYwMFgxNjAw/z/WoEAAOSw4CtjWCMv/$_3.JPG,https://www.ebay.com/itm/Woven-Throw-Blanket-35-X-67-Polyester-Ultra-Soft-Warm-Light-Pink-Fringed-Edge-/356230871434,EBAY-US
"Christmas Deer Bedding Pillowcase Duvet Cover Set with Zipper (Queen, White Deer",146158378091,26.2,USD,New with tags,Duvet Covers & Sets,jabust-9,415,98.8,true,Free,0.0,FixedPrice,false,2024-11-04 17:13:27,2024-12-04 17:13:27,jabust-9,http://stores.ebay.com/jabust-9,https://i.ebayimg.com/thumbs/images/g/jJYAAOSwhdJnKQCI/s-l140.jpg,https://i.ebayimg.com/00/s/MTUwMFgxNTAw/z/jJYAAOSwhdJnKQCI/$_1.JPG,https://i.ebayimg.com/00/s/MTUwMFgxNTAw/z/jJYAAOSwhdJnKQCI/$_3.JPG,https://www.ebay.com/itm/Christmas-Deer-Bedding-Pillowcase-Duvet-Cover-Set-Zipper-Queen-White-Deer-/146158378091,EBAY-US
"Shrek Christmas Throw Blanket""not In Gumdrop Buttons"" 60""x 70"" Nwt",186741649844,42.0,USD,New with tags,Blankets & Throws,beautyhunts,4496,99.0,false,Free,0.0,FixedPrice,false,2024-10-22 01:34:59,2024-11-22 02:34:59,brina6651,http://stores.ebay.com/brina6651,https://i.ebayimg.com/thumbs/images/g/h0oAAOSw0V9nFwDy/s-l140.jpg,https://i.ebayimg.com/00/s/MTYwMFgxNjAw/z/h0oAAOSw0V9nFwDy/$_1.JPG,https://i.ebayimg.com/00/s/MTYwMFgxNjAw/z/h0oAAOSw0V9nFwDy/$_3.JPG,https://www.ebay.com/itm/Shrek-Christmas-Throw-Blanket-not-Gumdrop-Buttons-60-x-70-Nwt-/186741649844,EBAY-US
"Christmas Throw Blanket 50""x70” Green Dachshund Wiener Dogs Dog Sweater Sleigh",405318489566,32.29,USD,New with tags,Blankets & Throws,stokescosales,3506,98.8,true,Free,0.0,FixedPrice,false,2024-10-31 07:16:49,2024-11-30 08:16:49,Stokes Co Sales,http://stores.ebay.com/Stokes-Co-Sales,https://i.ebayimg.com/thumbs/images/g/t0AAAOSwrCBnISTd/s-l140.jpg,https://i.ebayimg.com/00/s/MTYwMFgxNjAw/z/t0AAAOSwrCBnISTd/$_1.JPG,https://i.ebayimg.com/00/s/MTYwMFgxNjAw/z/t0AAAOSwrCBnISTd/$_3.JPG,https://www.ebay.com/itm/Christmas-Throw-Blanket-50-x70-Green-Dachshund-Wiener-Dogs-Dog-Sweater-Sleigh-/405318489566,EBAY-US
LOT OF 2 LAMPOONS CHRISTMAS VACATION Pillow Cases 17.71 in x 17.71 in,126696283128,10.0,USD,New without tags,Pillowcases,brady611,3672,100.0,false,Free,0.0,FixedPrice,false,2024-09-28 15:58:09,2024-11-28 16:58:09,N/A,N/A,https://i.ebayimg.com/thumbs/images/g/2qYAAOSwrX9m-CaO/s-l140.jpg,https://i.ebayimg.com/00/s/NzgxWDc5NA==/z/2qYAAOSwrX9m-CaO/$_1.JPG,https://i.ebayimg.com/00/s/NzgxWDc5NA==/z/2qYAAOSwrX9m-CaO/$_3.JPG,https://www.ebay.com/itm/LOT-2-LAMPOONS-CHRISTMAS-VACATION-Pillow-Cases-17-71-x-17-71-/126696283128,EBAY-US
Holiday Disney Mickey Mouse Minnie Pluto Donald Christmas Tapestry Throw Blanket,256705138114,40.0,USD,Pre-owned,Blankets & Throws,concretegame,521,100.0,true,Calculated,N/A,FixedPrice,false,2024-11-06 14:33:24,2024-12-06 14:33:24,AmuseMint Market,http://stores.ebay.com/AmuseMint-Market,https://i.ebayimg.com/thumbs/images/g/Md4AAOSw1lpnK2Gt/s-l140.jpg,https://i.ebayimg.com/00/s/MTYwMFgxNjAw/z/Md4AAOSw1lpnK2Gt/$_1.JPG,https://i.ebayimg.com/00/s/MTYwMFgxNjAw/z/Md4AAOSw1lpnK2Gt/$_3.JPG,https://www.ebay.com/itm/Holiday-Disney-Mickey-Mouse-Minnie-Pluto-Donald-Christmas-Tapestry-Throw-Blanket-/256705138114,EBAY-US
Christmas Decorative Throw Blanket Green Christmas Santa Claus Throw Blanket ...,146164963336,33.04,USD,New with tags,Blankets & Throws,affordableamericaco,784,99.0,false,Free,0.0,FixedPrice,false,2024-11-06 14:59:39,2024-12-06 14:59:39,Homedrart12,http://stores.ebay.com/Homedrart12,https://i.ebayimg.com/thumbs/images/g/A0YAAOSwxK5nK4VT/s-l140.jpg,https://i.ebayimg.com/00/s/MTYwMFgxNjAw/z/A0YAAOSwxK5nK4VT/$_1.JPG,https://i.ebayimg.com/00/s/MTYwMFgxNjAw/z/A0YAAOSwxK5nK4VT/$_3.JPG,https://www.ebay.com/itm/Christmas-Decorative-Throw-Blanket-Green-Christmas-Santa-Claus-Throw-Blanket-/146164963336,EBAY-US
Christmas Throw Blanket Nativity Goodwin Weavers 100% Cotton USA Baby Jesus,276718958170,68.0,USD,Pre-owned,Blankets & Throws,dollidays,1828,100.0,true,Calculated,N/A,FixedPrice,false,2024-11-06 13:49:50,2024-12-06 13:49:50,Squirrel’s Bounty Marketplace,http://stores.ebay.com/Squirrel-s-Bounty-Marketplace,https://i.ebayimg.com/thumbs/images/g/kWYAAOSw6z5lJGFc/s-l140.jpg,https://i.ebayimg.com/00/s/MTI3NFgxNjAw/z/kWYAAOSw6z5lJGFc/$_1.JPG,https://i.ebayimg.com/00/s/MTI3NFgxNjAw/z/kWYAAOSw6z5lJGFc/$_3.JPG,https://www.ebay.com/itm/Christmas-Throw-Blanket-Nativity-Goodwin-Weavers-100-Cotton-USA-Baby-Jesus-/276718958170,EBAY-US
Pillowcase - Sexy Cute Men Christmas Elf Standard 28x19” Elves Eye Candy Canes,326328697688,17.99,USD,Pre-owned,Pillowcases,elenarose,805,99.5,true,Flat,5.2,FixedPrice,false,2024-11-06 01:35:19,2024-12-06 01:35:19,ElenaRose,http://stores.ebay.com/ElenaRose,https://i.ebayimg.com/thumbs/images/g/nyMAAOSwJ2ZmkIlT/s-l140.jpg,https://i.ebayimg.com/00/s/MTU1OVgxMjIw/z/nyMAAOSwJ2ZmkIlT/$_1.JPG,https://i.ebayimg.com/00/s/MTU1OVgxMjIw/z/nyMAAOSwJ2ZmkIlT/$_3.JPG,https://www.ebay.com/itm/Pillowcase-Sexy-Cute-Men-Christmas-Elf-Standard-28x19-Elves-Eye-Candy-Canes-/326328697688,EBAY-US
NWT NATIONAL LAMPOONS CHRISTMAS VACATION GRISWOLD FAMILY CLOUD THROW  60” X 70”,126759953815,49.99,USD,New with tags,Blankets & Throws,prodigywith3,5724,100.0,false,Free,0.0,FixedPrice,false,2024-11-05 01:50:48,2024-12-05 01:50:48,prodigywith3,http://stores.ebay.com/prodigywith3,https://i.ebayimg.com/thumbs/images/g/VUQAAOSw8l5nHZxJ/s-l140.jpg,https://i.ebayimg.com/00/s/MTU5OVgxMTk5/z/VUQAAOSw8l5nHZxJ/$_1.JPG,https://i.ebayimg.com/00/s/MTU5OVgxMTk5/z/VUQAAOSw8l5nHZxJ/$_3.JPG,https://www.ebay.com/itm/NWT-NATIONAL-LAMPOONS-CHRISTMAS-VACATION-GRISWOLD-FAMILY-CLOUD-THROW-60-X-70-/126759953815,EBAY-US
"2024 Buc-ee's ""Believe In The Magic Of Christmas"" Soft & Comfy 50in x 70in",256691000274,28.95,USD,New with tags,Blankets & Throws,justalittlerustic,2806,99.2,true,Free,0.0,FixedPrice,false,2024-10-26 22:49:03,2024-11-26 23:49:03,Just a Little Rustic,http://stores.ebay.com/Just-a-Little-Rustic,https://i.ebayimg.com/thumbs/images/g/rCMAAOSwO69nHXGc/s-l140.jpg,https://i.ebayimg.com/00/s/MTAzMVg2OTk=/z/rCMAAOSwO69nHXGc/$_1.JPG,https://i.ebayimg.com/00/s/MTAzMVg2OTk=/z/rCMAAOSwO69nHXGc/$_3.JPG,https://www.ebay.com/itm/2024-Buc-ees-Believe-Magic-Christmas-Soft-Comfy-50in-x-70in-/256691000274,EBAY-US
"Labrador Retriever Flannel Throw Blanket Gifts for Birthday Christmas 50""x60""",335606827889,20.37,USD,New without tags,Blankets & Throws,flowerin9,115,100.0,true,Free,0.0,FixedPrice,false,2024-10-06 15:21:11,2024-11-06 16:21:11,flowerin9,http://stores.ebay.com/flowerin9,https://i.ebayimg.com/thumbs/images/g/~qgAAOSwbqNnAqrP/s-l140.jpg,https://i.ebayimg.com/00/s/MTIwMFgxMjAw/z/~qgAAOSwbqNnAqrP/$_1.JPG,https://i.ebayimg.com/00/s/MTIwMFgxMjAw/z/~qgAAOSwbqNnAqrP/$_3.JPG,https://www.ebay.com/itm/Labrador-Retriever-Flannel-Throw-Blanket-Gifts-Birthday-Christmas-50-x60-/335606827889,EBAY-US
"NEW / SEALED Santa Jingleson Blue Fleece Throw 50"" x 60"" Macy's Holiday Cozy",387585951923,21.99,USD,New with tags,Blankets & Throws,ellabellabooksandmore,6334,100.0,true,Calculated,N/A,FixedPrice,false,2024-11-06 14:36:07,2024-12-06 14:36:07,ELLA BELLA BOOKS AND MORE,http://stores.ebay.com/ELLA-BELLA-BOOKS-AND-MORE,https://i.ebayimg.com/thumbs/images/g/9BcAAOSwI79nH9wQ/s-l140.jpg,https://i.ebayimg.com/00/s/ODc3WDUxNQ==/z/9BcAAOSwI79nH9wQ/$_1.JPG,https://i.ebayimg.com/00/s/ODc3WDUxNQ==/z/9BcAAOSwI79nH9wQ/$_3.JPG,https://www.ebay.com/itm/NEW-SEALED-Santa-Jingleson-Blue-Fleece-Throw-50-x-60-Macys-Holiday-Cozy-/387585951923,EBAY-US
Christmas Flower Red Festival Duvet Quilt Cover Bedding Set Queen Pillowcase,167062063931,2.78,USD,New with tags,Duvet Covers & Sets,xlsm298,120,92.9,false,Flat,7.99,FixedPrice,false,2024-11-03 02:59:05,2024-12-03 03:59:05,N/A,N/A,https://i.ebayimg.com/thumbs/images/g/fYAAAOSwqx5nJub3/s-l140.jpg,https://i.ebayimg.com/00/s/MTAwMFgxMDAw/z/fYAAAOSwqx5nJub3/$_1.JPG,https://i.ebayimg.com/00/s/MTAwMFgxMDAw/z/fYAAAOSwqx5nJub3/$_3.JPG,https://www.ebay.com/itm/Christmas-Flower-Red-Festival-Duvet-Quilt-Cover-Bedding-Set-Queen-Pillowcase-/167062063931?var=0,EBAY-US
LED Lighted Christmas Tree Snowflake Pillow Shams - Set of 2,196634806022,10.97,USD,New with tags,Pillow Shams,collections-etc,222137,97.0,true,Flat,3.99,FixedPrice,false,2024-09-14 04:10:07,2024-11-14 05:10:07,Collections Etc,http://stores.ebay.com/Collections-Etc,https://i.ebayimg.com/thumbs/images/g/5NQAAOSw6Z5m5Q2L/s-l140.jpg,https://i.ebayimg.com/00/s/MTYwMFgxNjAw/z/5NQAAOSw6Z5m5Q2L/$_1.JPG,https://i.ebayimg.com/00/s/MTYwMFgxNjAw/z/5NQAAOSw6Z5m5Q2L/$_3.JPG,https://www.ebay.com/itm/LED-Lighted-Christmas-Tree-Snowflake-Pillow-Shams-Set-2-/196634806022,EBAY-US
Kathy Ireland 100% Turkish Cotton Flannel Sheet Set,225865753266,30.99,USD,New with tags,Sheets,bedbathfashions,6947,98.4,false,Free,0.0,FixedPrice,false,2023-11-10 18:00:30,2024-11-10 18:00:30,Bed Bath Fashions,http://stores.ebay.com/Bed-Bath-Fashions,https://i.ebayimg.com/thumbs/images/g/Se4AAOSwbI5lTmz5/s-l140.jpg,https://i.ebayimg.com/00/s/MTYwMFgxNjAw/z/Se4AAOSwbI5lTmz5/$_1.JPG,https://i.ebayimg.com/00/s/MTYwMFgxNjAw/z/Se4AAOSwbI5lTmz5/$_3.JPG,https://www.ebay.com/itm/Kathy-Ireland-100-Turkish-Cotton-Flannel-Sheet-Set-/225865753266?var=524957170433,EBAY-US
Glitter Artificial Snow Christmas Iridescent Fake Snow Powder Filler Holograp...,256695731234,16.46,USD,New with tags,Blankets & Throws,arubhrinatnue,397,99.1,false,Free,0.0,FixedPrice,false,2024-10-30 15:54:22,2024-11-30 16:54:22,ChicNookstore,http://stores.ebay.com/ChicNookstore,https://i.ebayimg.com/thumbs/images/g/cLMAAOSwx7tnIle9/s-l140.jpg,https://i.ebayimg.com/00/s/MTYwMFgxNjAw/z/cLMAAOSwx7tnIle9/$_1.JPG,https://i.ebayimg.com/00/s/MTYwMFgxNjAw/z/cLMAAOSwx7tnIle9/$_3.JPG,https://www.ebay.com/itm/Glitter-Artificial-Snow-Christmas-Iridescent-Fake-Snow-Powder-Filler-Holograp-/256695731234,EBAY-US
"Christmas Pink Checkered Gingerbread  Feathered Knit Throw Blanket 50""x70"" New",126762224123,45.0,USD,New with tags,Blankets & Throws,serendipity535,448,96.5,false,Flat,10.0,FixedPrice,false,2024-11-06 06:39:58,2024-12-06 06:39:58,LazyDaisies13,http://stores.ebay.com/LazyDaisies13,https://i.ebayimg.com/thumbs/images/g/N7cAAOSwmu5nK1QT/s-l140.jpg,https://i.ebayimg.com/00/s/MTM2NlgxMDI0/z/N7cAAOSwmu5nK1QT/$_1.JPG,https://i.ebayimg.com/00/s/MTM2NlgxMDI0/z/N7cAAOSwmu5nK1QT/$_3.JPG,https://www.ebay.com/itm/Christmas-Pink-Checkered-Gingerbread-Feathered-Knit-Throw-Blanket-50-x70-New-/126762224123,EBAY-US
"Dr. Seuss The Grinch Christmas Oversized Plush Throw Blanket 60 x 70"" Tree",296765332855,31.14,USD,New with tags,Blankets & Throws,gingr12,4143,100.0,true,Calculated,N/A,FixedPrice,false,2024-10-21 03:36:56,2024-11-21 04:36:56,Ginger's Clothes,http://stores.ebay.com/Gingers-Clothes,https://i.ebayimg.com/thumbs/images/g/xTUAAOSwjiNnITdJ/s-l140.jpg,https://i.ebayimg.com/00/s/MTYwMFgxNjAw/z/xTUAAOSwjiNnITdJ/$_1.JPG,https://i.ebayimg.com/00/s/MTYwMFgxNjAw/z/xTUAAOSwjiNnITdJ/$_3.JPG,https://www.ebay.com/itm/Dr-Seuss-Grinch-Christmas-Oversized-Plush-Throw-Blanket-60-x-70-Tree-/296765332855,EBAY-US
Pottery Barn Nutcracker King Sheet Set Christmas Holiday Winter 4pc New,135306943231,179.0,USD,New with tags,Sheets,wildwonderfulbuys,27437,99.7,true,Flat,14.0,FixedPrice,false,2024-10-17 14:43:32,2024-11-17 15:43:32,WildWonderfulBuys,http://stores.ebay.com/WildWonderfulBuys,https://i.ebayimg.com/thumbs/images/g/eVgAAOSwbydjpwzi/s-l140.jpg,https://i.ebayimg.com/00/s/ODAwWDYzMQ==/z/eVgAAOSwbydjpwzi/$_1.JPG,https://i.ebayimg.com/00/s/ODAwWDYzMQ==/z/eVgAAOSwbydjpwzi/$_3.JPG,https://www.ebay.com/itm/Pottery-Barn-Nutcracker-King-Sheet-Set-Christmas-Holiday-Winter-4pc-New-/135306943231,EBAY-US
Rae Dunn Christmas Holiday Blessed Plaid Red White Black Bed Sheets Pick Size,176012017969,44.95,USD,New with tags,Sheets,jbr-emporium,739,99.7,true,Free,0.0,FixedPrice,false,2023-11-05 16:01:52,2024-12-05 16:01:52,JBR-Emporium,http://stores.ebay.com/JBR-Emporium,https://i.ebayimg.com/thumbs/images/g/MvYAAOSw5d5lR7wr/s-l140.jpg,https://i.ebayimg.com/00/s/ODcyWDExMzY=/z/MvYAAOSw5d5lR7wr/$_1.JPG,https://i.ebayimg.com/00/s/ODcyWDExMzY=/z/MvYAAOSw5d5lR7wr/$_3.JPG,https://www.ebay.com/itm/Rae-Dunn-Christmas-Holiday-Blessed-Plaid-Red-White-Black-Bed-Sheets-Pick-Size-/176012017969?var=0,EBAY-US
Disney MICKEY MOUSE Yuletide 3 Pc TWIN FLANNEL SHEET SET Christmas Bedding NEW!,305883659018,40.97,USD,New with tags,Sheets,koolkollections,10970,99.8,true,Free,0.0,FixedPrice,false,2024-11-04 04:05:17,2024-12-04 04:05:17,koolkollections,http://stores.ebay.com/koolkollections,https://i.ebayimg.com/thumbs/images/g/ADUAAOSwLutlWkBd/s-l140.jpg,https://i.ebayimg.com/00/s/MTYwMFgxNjAw/z/ADUAAOSwLutlWkBd/$_1.JPG,https://i.ebayimg.com/00/s/MTYwMFgxNjAw/z/ADUAAOSwLutlWkBd/$_3.JPG,https://www.ebay.com/itm/Disney-MICKEY-MOUSE-Yuletide-3-Pc-TWIN-FLANNEL-SHEET-SET-Christmas-Bedding-NEW-/305883659018,EBAY-US
Merry Christmas Throw Blanket Pink Ho Ho Xmas Holiday Party Blanket Cute Sant...,405330974791,29.21,USD,New with tags,Blankets & Throws,gavrli2023,1092,99.1,false,Free,0.0,FixedPrice,false,2024-11-06 08:53:53,2024-12-06 08:53:53,gavstore2012,http://stores.ebay.com/gavstore2012,https://i.ebayimg.com/thumbs/images/g/DdkAAOSwsz1nKy9l/s-l140.jpg,https://i.ebayimg.com/00/s/NTAwWDUwMA==/z/DdkAAOSwsz1nKy9l/$_1.JPG,https://i.ebayimg.com/00/s/NTAwWDUwMA==/z/DdkAAOSwsz1nKy9l/$_3.JPG,https://www.ebay.com/itm/Merry-Christmas-Throw-Blanket-Pink-Ho-Ho-Xmas-Holiday-Party-Blanket-Cute-Sant-/405330974791,EBAY-US
"3pcs Christmas Comforter Set, Xmas Red Reindeer Tree Snowflake Design, Soft M...",405330974961,67.26,USD,New with tags,Comforters & Sets,gavrli2023,1092,99.1,false,Free,0.0,FixedPrice,false,2024-11-06 08:54:01,2024-12-06 08:54:01,gavstore2012,http://stores.ebay.com/gavstore2012,https://i.ebayimg.com/thumbs/images/g/L0UAAOSwHeVnKy~D/s-l140.jpg,https://i.ebayimg.com/00/s/MTYwMFgxNjAw/z/L0UAAOSwHeVnKy~D/$_1.JPG,https://i.ebayimg.com/00/s/MTYwMFgxNjAw/z/L0UAAOSwHeVnKy~D/$_3.JPG,https://www.ebay.com/itm/3pcs-Christmas-Comforter-Set-Xmas-Red-Reindeer-Tree-Snowflake-Design-Soft-M-/405330974961,EBAY-US
"Christmas Afghan - White with Dark Green Wreaths & Red Tied Bows 80 X 50""",296797997915,14.95,USD,Pre-owned,Blankets & Throws,goodshape123,244,99.2,true,Calculated,N/A,FixedPrice,false,2024-11-06 01:36:51,2024-12-06 01:36:51,N/A,N/A,https://i.ebayimg.com/thumbs/images/g/5OsAAOSw1fpnKse6/s-l140.jpg,https://i.ebayimg.com/00/s/MTYwMFgxMjAw/z/5OsAAOSw1fpnKse6/$_1.JPG,https://i.ebayimg.com/00/s/MTYwMFgxMjAw/z/5OsAAOSw1fpnKse6/$_3.JPG,https://www.ebay.com/itm/Christmas-Afghan-White-Dark-Green-Wreaths-Red-Tied-Bows-80-X-50-/296797997915,EBAY-US
"Hot Coco Christmas Green,With Trees Snuggly Throw Blanket.NEW`50 x 60-FREE SHIP",404630405227,20.0,USD,New with tags,Blankets & Throws,chevycollector55,28333,99.9,true,Free,0.0,FixedPrice,false,2023-11-18 05:23:28,2024-11-18 05:23:28,chevycollector5513,http://stores.ebay.com/chevycollector5513,https://i.ebayimg.com/thumbs/images/g/A6MAAOSwVU9lWEhy/s-l140.jpg,https://i.ebayimg.com/00/s/MTE5NVgxNTU3/z/A6MAAOSwVU9lWEhy/$_1.JPG,https://i.ebayimg.com/00/s/MTE5NVgxNTU3/z/A6MAAOSwVU9lWEhy/$_3.JPG,https://www.ebay.com/itm/Hot-Coco-Christmas-Green-With-Trees-Snuggly-Throw-Blanket-NEW-50-x-60-FREE-SHIP-/404630405227,EBAY-US
"QUEEN Reversible PINK Nutcracker Plush Blanket 90”x90"" Christmas TikTok Viral",146151800641,74.99,USD,New with tags,Blankets & Throws,eleanor_rigby_1,343,100.0,true,Calculated,N/A,FixedPrice,false,2024-11-02 18:29:18,2024-12-02 19:29:18,N/A,N/A,https://i.ebayimg.com/thumbs/images/g/aOMAAOSwdlhnJm5I/s-l140.jpg,https://i.ebayimg.com/00/s/MTYwMFgxMjAw/z/aOMAAOSwdlhnJm5I/$_1.JPG,https://i.ebayimg.com/00/s/MTYwMFgxMjAw/z/aOMAAOSwdlhnJm5I/$_3.JPG,https://www.ebay.com/itm/QUEEN-Reversible-PINK-Nutcracker-Plush-Blanket-90-x90-Christmas-TikTok-Viral-/146151800641,EBAY-US
The Grinch Dr Seuss Christmas Holiday Plush Throw Blanket 50x70 Smiling Grinch,175955845139,34.95,USD,New with tags,Blankets & Throws,jbr-emporium,713,99.7,true,Free,0.0,FixedPrice,false,2023-10-11 01:40:56,2024-11-11 02:40:56,JBR-Emporium,http://stores.ebay.com/JBR-Emporium,https://i.ebayimg.com/thumbs/images/g/RxQAAOSwbmBlJfyq/s-l140.jpg,https://i.ebayimg.com/00/s/MTYwMFgxMDUz/z/RxQAAOSwbmBlJfyq/$_1.JPG,https://i.ebayimg.com/00/s/MTYwMFgxMDUz/z/RxQAAOSwbmBlJfyq/$_3.JPG,https://www.ebay.com/itm/Grinch-Dr-Seuss-Christmas-Holiday-Plush-Throw-Blanket-50x70-Smiling-Grinch-/175955845139,EBAY-US
"The Elf on the Shelf  Soft Throw Blanket 50""x60"" Christmas Lights Holidays",276716799963,29.99,USD,New with tags,Blankets & Throws,bgz128,1011,99.1,false,Calculated,N/A,FixedPrice,false,2024-11-05 03:51:26,2024-12-05 03:51:26,redsolemom,http://stores.ebay.com/redsolemom,https://i.ebayimg.com/thumbs/images/g/gdUAAOSwPIdlStlD/s-l140.jpg,https://i.ebayimg.com/00/s/MTYwMFgxMjAw/z/gdUAAOSwPIdlStlD/$_1.JPG,https://i.ebayimg.com/00/s/MTYwMFgxMjAw/z/gdUAAOSwPIdlStlD/$_3.JPG,https://www.ebay.com/itm/Elf-Shelf-Soft-Throw-Blanket-50-x60-Christmas-Lights-Holidays-/276716799963,EBAY-US
Merry Christmas Have A Magical Dream With Mickey And Minnie Quilt Bed Set,356174818845,67.5,USD,New with tags,Duvet Covers & Sets,theresa.noreen7286,2029,97.8,false,Flat,5.99,FixedPrice,false,2024-10-21 09:32:05,2024-11-21 10:32:05,Theresa Noreen,http://stores.ebay.com/Theresa-Noreen,https://i.ebayimg.com/thumbs/images/g/T4AAAOSwpVxnFh-S/s-l140.jpg,https://i.ebayimg.com/00/s/ODU1WDcwMA==/z/T4AAAOSwpVxnFh-S/$_1.JPG,https://i.ebayimg.com/00/s/ODU1WDcwMA==/z/T4AAAOSwpVxnFh-S/$_3.JPG,https://www.ebay.com/itm/Merry-Christmas-Have-Magical-Dream-Mickey-And-Minnie-Quilt-Bed-Set-/356174818845?var=0,EBAY-US
POTTERY BARN HERITAGE BLACK SANTA ORGANIC SHEET SET - FULL - HOLIDAY CHRISTMAS,256570211655,64.99,USD,New with tags,Sheets,zoescastle,2591,99.7,true,Flat,7.0,FixedPrice,false,2024-07-12 03:44:00,2024-11-12 04:44:00,Zoe's Castle,http://stores.ebay.com/Zoes-Castle,https://i.ebayimg.com/thumbs/images/g/hgcAAOSwU6pmkKY3/s-l140.jpg,https://i.ebayimg.com/00/s/MTYwMFgxNjAw/z/hgcAAOSwU6pmkKY3/$_1.JPG,https://i.ebayimg.com/00/s/MTYwMFgxNjAw/z/hgcAAOSwU6pmkKY3/$_3.JPG,https://www.ebay.com/itm/POTTERY-BARN-HERITAGE-BLACK-SANTA-ORGANIC-SHEET-SET-FULL-HOLIDAY-CHRISTMAS-/256570211655,EBAY-US
"MARTHA STEWART Holiday Dog  Collection, Various Options to Choose King",326283571205,57.0,USD,New with tags,Sheets,violetears,308,100.0,true,Free,0.0,FixedPrice,false,2024-09-26 04:34:45,2024-11-26 05:34:45,Violetears,http://stores.ebay.com/Violetears,https://i.ebayimg.com/thumbs/images/g/xeAAAOSwz3hmeULR/s-l140.jpg,https://i.ebayimg.com/00/s/OTE5WDEyMDA=/z/xeAAAOSwz3hmeULR/$_1.JPG,https://i.ebayimg.com/00/s/OTE5WDEyMDA=/z/xeAAAOSwz3hmeULR/$_3.JPG,https://www.ebay.com/itm/MARTHA-STEWART-Holiday-Dog-Collection-Various-Options-Choose-King-/326283571205,EBAY-US
Disney MICKEY MOUSE Yuletide 3 Pc FULL FLANNEL SHEET SET Christmas Bedding NEW!,305288170191,64.99,USD,New with tags,Sheets,koolkollections,10962,99.8,true,Free,0.0,FixedPrice,false,2023-11-26 19:31:00,2024-11-26 19:31:00,koolkollections,http://stores.ebay.com/koolkollections,https://i.ebayimg.com/thumbs/images/g/yxcAAOSwPbRlWkKg/s-l140.jpg,https://i.ebayimg.com/00/s/MTYwMFgxNjAw/z/yxcAAOSwPbRlWkKg/$_1.JPG,https://i.ebayimg.com/00/s/MTYwMFgxNjAw/z/yxcAAOSwPbRlWkKg/$_3.JPG,https://www.ebay.com/itm/Disney-MICKEY-MOUSE-Yuletide-3-Pc-FULL-FLANNEL-SHEET-SET-Christmas-Bedding-NEW-/305288170191,EBAY-US
Pottery Barn National Lampoon's Christmas Vacation Sheet Set Full NWT,256389566910,133.2,USD,New with tags,Sheets,foreversunny,10454,100.0,true,Flat,9.95,FixedPrice,false,2024-01-25 23:59:39,2024-11-25 23:59:39,foreversunny,http://stores.ebay.com/foreversunny,https://i.ebayimg.com/thumbs/images/g/GQIAAOSw-fRlsu~Z/s-l140.jpg,https://i.ebayimg.com/00/s/MTAwMFgxMDAw/z/GQIAAOSw-fRlsu~Z/$_1.JPG,https://i.ebayimg.com/00/s/MTAwMFgxMDAw/z/GQIAAOSw-fRlsu~Z/$_3.JPG,https://www.ebay.com/itm/Pottery-Barn-National-Lampoons-Christmas-Vacation-Sheet-Set-Full-NWT-/256389566910,EBAY-US
Hello Kitty Christmas Gingerbread Throw 46”x60”Blanket And Box,226374777726,28.99,USD,New with tags,Blankets & Throws,blackfocusst,952,100.0,true,Calculated,N/A,FixedPrice,false,2024-09-28 14:30:29,2024-11-28 15:30:29,N/A,N/A,https://i.ebayimg.com/thumbs/images/g/EFAAAOSwrsFm-A4Z/s-l140.jpg,https://i.ebayimg.com/00/s/NzM2WDczNg==/z/EFAAAOSwrsFm-A4Z/$_1.JPG,https://i.ebayimg.com/00/s/NzM2WDczNg==/z/EFAAAOSwrsFm-A4Z/$_3.JPG,https://www.ebay.com/itm/Hello-Kitty-Christmas-Gingerbread-Throw-46-x60-Blanket-And-Box-/226374777726,EBAY-US
Nordic North King Size Pillowcases Set (2) Snowflakes Holiday Winter Print,116382541091,20.0,USD,New without tags,Pillowcases,9ice33,2607,100.0,true,Flat,8.0,FixedPrice,false,2024-11-06 10:59:20,2024-12-06 10:59:20,9ice33,http://stores.ebay.com/9ice33,https://i.ebayimg.com/thumbs/images/g/zKQAAOSwTIpnK0v6/s-l140.jpg,https://i.ebayimg.com/00/s/NjI5WDkwMA==/z/zKQAAOSwTIpnK0v6/$_1.JPG,https://i.ebayimg.com/00/s/NjI5WDkwMA==/z/zKQAAOSwTIpnK0v6/$_3.JPG,https://www.ebay.com/itm/Nordic-North-King-Size-Pillowcases-Set-2-Snowflakes-Holiday-Winter-Print-/116382541091,EBAY-US
RALPH LAUREN KING Christmas Holiday Juniper Berries & Cedar Cotton Sheet Set NEW,116370979059,119.99,USD,New with tags,Sheets,thefinestcreations,965,99.8,true,Calculated,N/A,FixedPrice,false,2024-10-25 23:41:38,2024-11-26 00:41:38,The Finest Creations,http://stores.ebay.com/The-Finest-Creations,https://i.ebayimg.com/thumbs/images/g/qUIAAOSwB4BnHCvL/s-l140.jpg,https://i.ebayimg.com/00/s/MTI2MVgxNjAw/z/qUIAAOSwB4BnHCvL/$_1.JPG,https://i.ebayimg.com/00/s/MTI2MVgxNjAw/z/qUIAAOSwB4BnHCvL/$_3.JPG,https://www.ebay.com/itm/RALPH-LAUREN-KING-Christmas-Holiday-Juniper-Berries-Cedar-Cotton-Sheet-Set-NEW-/116370979059,EBAY-US
"Christmas Fake Snow Decor, 5.6oz Fluffy Indoor Cotton Artificial Snow Decorat...",335658215946,14.16,USD,New with tags,Blankets & Throws,adamlen401,1516,99.3,false,Free,0.0,FixedPrice,false,2024-11-06 07:58:34,2024-12-06 07:58:34,sellmore989,http://stores.ebay.com/sellmore989,https://i.ebayimg.com/thumbs/images/g/bu0AAOSwoshnKyLX/s-l140.jpg,https://i.ebayimg.com/00/s/MTYwMFgxNjAw/z/bu0AAOSwoshnKyLX/$_1.JPG,https://i.ebayimg.com/00/s/MTYwMFgxNjAw/z/bu0AAOSwoshnKyLX/$_3.JPG,https://www.ebay.com/itm/Christmas-Fake-Snow-Decor-5-6oz-Fluffy-Indoor-Cotton-Artificial-Snow-Decorat-/335658215946,EBAY-US
Cupcakes & Cashmere Queen Sheets Christmas Holiday Nutcracker Ballerina Mouse,156488953453,54.99,USD,New with tags,Sheets,calif*dreaming,1346,100.0,false,Calculated,N/A,FixedPrice,false,2024-11-01 18:58:32,2024-12-01 19:58:32,N/A,N/A,https://i.ebayimg.com/thumbs/images/g/XEwAAOSwRIBnJSVC/s-l140.jpg,https://i.ebayimg.com/00/s/MTYwMFgxNjAw/z/XEwAAOSwRIBnJSVC/$_1.JPG,https://i.ebayimg.com/00/s/MTYwMFgxNjAw/z/XEwAAOSwRIBnJSVC/$_3.JPG,https://www.ebay.com/itm/Cupcakes-Cashmere-Queen-Sheets-Christmas-Holiday-Nutcracker-Ballerina-Mouse-/156488953453,EBAY-US
NEW Winnie the Pooh and Friends Fall Leaves Autumn Plush Cloud Throw Blanket,226415528311,68.99,USD,New with tags,Blankets & Throws,blackfocusst,952,100.0,true,Free,0.0,FixedPrice,false,2024-10-24 12:40:11,2024-11-24 13:40:11,N/A,N/A,https://i.ebayimg.com/thumbs/images/g/ERMAAOSwTTlnAATK/s-l140.jpg,https://i.ebayimg.com/00/s/MTU5OVg2OTI=/z/ERMAAOSwTTlnAATK/$_1.JPG,https://i.ebayimg.com/00/s/MTU5OVg2OTI=/z/ERMAAOSwTTlnAATK/$_3.JPG,https://www.ebay.com/itm/NEW-Winnie-Pooh-and-Friends-Fall-Leaves-Autumn-Plush-Cloud-Throw-Blanket-/226415528311,EBAY-US
Holiday Cardinals on Branches Bed Sheet Set,326280201214,27.99,USD,New with tags,Pillow Shams,collections-etc,222138,97.0,true,Flat,6.99,FixedPrice,false,2024-09-23 04:16:51,2024-11-23 05:16:51,Collections Etc,http://stores.ebay.com/Collections-Etc,https://i.ebayimg.com/thumbs/images/g/~fQAAOSwevNm8OzM/s-l140.jpg,https://i.ebayimg.com/00/s/MTYwMFgxNjAw/z/~fQAAOSwevNm8OzM/$_1.JPG,https://i.ebayimg.com/00/s/MTYwMFgxNjAw/z/~fQAAOSwevNm8OzM/$_3.JPG,https://www.ebay.com/itm/Holiday-Cardinals-Branches-Bed-Sheet-Set-/326280201214?var=515405579989,EBAY-US
Katy Perry Albums Cover Poster Quilt Fleece Blanket,326329371501,32.99,USD,New with tags,Blankets & Throws,tuustar1,197,100.0,false,Flat,5.99,FixedPrice,false,2024-11-06 15:59:04,2024-12-06 15:59:04,N/A,N/A,https://i.ebayimg.com/thumbs/images/g/LCsAAOSwQXFnK5Ha/s-l140.jpg,https://i.ebayimg.com/00/s/NTY0WDU2NA==/z/LCsAAOSwQXFnK5Ha/$_1.JPG,https://i.ebayimg.com/00/s/NTY0WDU2NA==/z/LCsAAOSwQXFnK5Ha/$_3.JPG,https://www.ebay.com/itm/Katy-Perry-Albums-Cover-Poster-Quilt-Fleece-Blanket-/326329371501?var=515455323746,EBAY-US
Rock Concert Quilt Blanket 01308 Quilt Fleece Blanket,226436010158,32.99,USD,New with tags,Blankets & Throws,tuustar1,197,100.0,false,Flat,5.99,FixedPrice,false,2024-11-06 15:49:42,2024-12-06 15:49:42,N/A,N/A,https://i.ebayimg.com/thumbs/images/g/gQ0AAOSwqJ1nK49M/s-l140.jpg,https://i.ebayimg.com/00/s/NTY0WDU2NA==/z/gQ0AAOSwqJ1nK49M/$_1.JPG,https://i.ebayimg.com/00/s/NTY0WDU2NA==/z/gQ0AAOSwqJ1nK49M/$_3.JPG,https://www.ebay.com/itm/Rock-Concert-Quilt-Blanket-01308-Quilt-Fleece-Blanket-/226436010158?var=525624147494,EBAY-US
Luxury Velvet Super Soft Christmas Prints Fleece Blanket-Holiday Theme Home Déco,205087835335,19.59,USD,New with tags,Blankets & Throws,everythingstore24-7,0,0.0,false,Free,0.0,FixedPrice,false,2024-11-06 12:06:58,2024-12-06 12:06:58,N/A,N/A,https://i.ebayimg.com/thumbs/images/g/qyUAAOSwIyhnK1vF/s-l140.jpg,https://i.ebayimg.com/00/s/MTIzNlgxNTAw/z/qyUAAOSwIyhnK1vF/$_1.JPG,https://i.ebayimg.com/00/s/MTIzNlgxNTAw/z/qyUAAOSwIyhnK1vF/$_3.JPG,https://www.ebay.com/itm/Luxury-Velvet-Super-Soft-Christmas-Prints-Fleece-Blanket-Holiday-Theme-Home-Deco-/205087835335,EBAY-US
"Christmas Vacation Classic Movie Flannel Blanket, Family Xmas Tree Throw Blanket",405331916278,45.99,USD,New with tags,Blankets & Throws,dovydajaksta0,28,100.0,false,Free,0.0,FixedPrice,false,2024-11-06 16:00:35,2024-12-06 16:00:35,dovydajaksta0,http://stores.ebay.com/dovydajaksta0,https://i.ebayimg.com/thumbs/images/g/B4wAAOSwjsVnK5KG/s-l140.jpg,https://i.ebayimg.com/00/s/MTUwMFgxMzA5/z/B4wAAOSwjsVnK5KG/$_1.JPG,https://i.ebayimg.com/00/s/MTUwMFgxMzA5/z/B4wAAOSwjsVnK5KG/$_3.JPG,https://www.ebay.com/itm/Christmas-Vacation-Classic-Movie-Flannel-Blanket-Family-Xmas-Tree-Throw-Blanket-/405331916278,EBAY-US
"Peanuts Snoopy So Cute Christmas ,Peanuts Snoopy Fleece Blanket Mother Day Gift",326321235255,46.99,USD,New with tags,Blankets & Throws,tuustar1,197,100.0,false,Flat,5.99,FixedPrice,false,2024-10-30 16:12:38,2024-11-30 17:12:38,N/A,N/A,https://i.ebayimg.com/thumbs/images/g/wJsAAOSwWjhnIlpe/s-l140.jpg,https://i.ebayimg.com/00/s/NzIwWDcyMA==/z/wJsAAOSwWjhnIlpe/$_1.JPG,https://i.ebayimg.com/00/s/NzIwWDcyMA==/z/wJsAAOSwWjhnIlpe/$_3.JPG,https://www.ebay.com/itm/Peanuts-Snoopy-So-Cute-Christmas-Peanuts-Snoopy-Fleece-Blanket-Mother-Day-Gift-/326321235255?var=515447993626,EBAY-US
Christmas Gifts Home Decor Pillow Cover Pillowcase Cushion Cover Home Textiles,405161866246,3.71,USD,New with tags,Pillowcases,changu_3430,599,97.5,true,Free,0.0,FixedPrice,false,2024-08-12 15:56:11,2024-11-12 16:56:11,HappyYH,http://stores.ebay.com/HappyYH,https://i.ebayimg.com/thumbs/images/g/vR8AAOSwntZmujAj/s-l140.jpg,https://i.ebayimg.com/00/s/MTAwMFgxMDAw/z/vR8AAOSwntZmujAj/$_1.JPG,https://i.ebayimg.com/00/s/MTAwMFgxMDAw/z/vR8AAOSwntZmujAj/$_3.JPG,https://www.ebay.com/itm/Christmas-Gifts-Home-Decor-Pillow-Cover-Pillowcase-Cushion-Cover-Home-Textiles-/405161866246?var=0,EBAY-US
Vintage Christmas Pillows X 3,315926852071,155.0,USD,New with tags,Blankets & Throws,zosi_97,2,100.0,false,Calculated,N/A,FixedPrice,false,2024-11-06 06:47:22,2024-12-06 06:47:22,N/A,N/A,https://i.ebayimg.com/thumbs/images/g/dBYAAOSw~kNnKxCl/s-l140.jpg,https://i.ebayimg.com/00/s/MTYwMFgxMjAw/z/dBYAAOSw~kNnKxCl/$_1.JPG,https://i.ebayimg.com/00/s/MTYwMFgxMjAw/z/dBYAAOSw~kNnKxCl/$_3.JPG,https://www.ebay.com/itm/Vintage-Christmas-Pillows-X-3-/315926852071,EBAY-US
Vintage Christmas Pillows X 3,315926852804,155.0,USD,New with tags,Blankets & Throws,zosi_97,2,100.0,false,Calculated,N/A,FixedPrice,false,2024-11-06 06:48:08,2024-12-06 06:48:08,N/A,N/A,https://i.ebayimg.com/thumbs/images/g/ObEAAOSwMM5nKxEa/s-l140.jpg,https://i.ebayimg.com/00/s/MTYwMFgxMjAw/z/ObEAAOSwMM5nKxEa/$_1.JPG,https://i.ebayimg.com/00/s/MTYwMFgxMjAw/z/ObEAAOSwMM5nKxEa/$_3.JPG,https://www.ebay.com/itm/Vintage-Christmas-Pillows-X-3-/315926852804,EBAY-US
Cow Print Blanket Double-Sided Faux Fur Throw Blanket Warm Soft Fluffy Blanket,125427360252,17.99,USD,New with tags,Blankets & Throws,wangbinbnf,5770,99.4,true,Free,0.0,FixedPrice,false,2022-07-22 05:37:27,2024-11-22 06:37:27,Home Soft Things BNF,http://stores.ebay.com/Home-Soft-Things-BNF,https://i.ebayimg.com/thumbs/images/g/WKMAAOSwCptnDhFm/s-l140.jpg,https://i.ebayimg.com/00/s/MTUwMFgxNTAw/z/WKMAAOSwCptnDhFm/$_1.JPG,https://i.ebayimg.com/00/s/MTUwMFgxNTAw/z/WKMAAOSwCptnDhFm/$_3.JPG,https://www.ebay.com/itm/Cow-Print-Blanket-Double-Sided-Faux-Fur-Throw-Blanket-Warm-Soft-Fluffy-Blanket-/125427360252?var=427776660780,EBAY-US
