
Title,Item ID,Price,Currency,Condition,Category,Seller,Feedback Score,Positive Feedback %,Top Rated Seller,Shipping Type,Shipping Cost,Listing Type,Buy It Now Available,Start Time,End Time,Store Name,Store URL,Gallery URL,Large Image URL,Super Size Image URL,View Item URL,Marketplace
Color Street Nail Polish Strips ~ CHRISTMAS Holiday & New Year ~ various,395671505924,5.9,USD,New with box,Nail Polish,this_and_that_7071,337,99.4,false,Free,0.0,FixedPrice,false,2024-09-11 03:47:48,2024-11-11 04:47:48,N/A,N/A,https://i.ebayimg.com/thumbs/images/g/~ogAAOSw03tm4P6X/s-l140.jpg,https://i.ebayimg.com/00/s/MTA3NFgxMDgw/z/~ogAAOSw03tm4P6X/$_1.JPG,https://i.ebayimg.com/00/s/MTA3NFgxMDgw/z/~ogAAOSw03tm4P6X/$_3.JPG,https://www.ebay.com/itm/Color-Street-Nail-Polish-Strips-CHRISTMAS-Holiday-New-Year-various-/395671505924?var=664411362647,EBAY-US
Color Street - Holiday - Fall - Christmas - Winter  - FREE SHIPPING/TWOSIES !!!,387568177904,8.0,USD,New with box,Nail Polish,pheobesfinds,0,0.0,false,Free,0.0,FixedPrice,false,2024-11-01 20:23:56,2024-12-01 21:23:56,N/A,N/A,https://i.ebayimg.com/thumbs/images/g/kz8AAOSwOGNnJTWG/s-l140.jpg,https://i.ebayimg.com/00/s/MTA4MFgxMDgw/z/kz8AAOSwOGNnJTWG/$_1.JPG,https://i.ebayimg.com/00/s/MTA4MFgxMDgw/z/kz8AAOSwOGNnJTWG/$_3.JPG,https://www.ebay.com/itm/Color-Street-Holiday-Fall-Christmas-Winter-FREE-SHIPPING-TWOSIES-/387568177904?var=654803333563,EBAY-US
🎄☃️color STREET Polish Holiday Christmas Snowman Santa Current Retired🎅🏻❄️,256507898533,12.0,USD,New with box,Nail Polish,nails4dayz,2504,99.7,false,Free,0.0,FixedPrice,false,2024-05-10 22:02:08,2024-11-10 23:02:08,N/A,N/A,https://i.ebayimg.com/thumbs/images/g/kJMAAOSwIWpnF7Vz/s-l140.jpg,https://i.ebayimg.com/00/s/MTI0NFgxNjAw/z/kJMAAOSwIWpnF7Vz/$_1.JPG,https://i.ebayimg.com/00/s/MTI0NFgxNjAw/z/kJMAAOSwIWpnF7Vz/$_3.JPG,https://www.ebay.com/itm/color-STREET-Polish-Holiday-Christmas-Snowman-Santa-Current-Retired-/256507898533?var=557053769183,EBAY-US
New~Young Living CHRISTMAS SPIRIT Essential Oil Blend 5ml Sealed,286141777388,15.89,USD,New,Aromatherapy,joyfulheartenterprises,4940,98.2,true,Free,0.0,FixedPrice,false,2024-11-03 01:31:06,2024-12-03 02:31:06,stuffandsuchtoo2,http://stores.ebay.com/stuffandsuchtoo2,https://i.ebayimg.com/thumbs/images/g/~1QAAOSwdAxnJtIs/s-l140.jpg,https://i.ebayimg.com/00/s/MTYwMFg3Nzc=/z/~1QAAOSwdAxnJtIs/$_1.JPG,https://i.ebayimg.com/00/s/MTYwMFg3Nzc=/z/~1QAAOSwdAxnJtIs/$_3.JPG,https://www.ebay.com/itm/New-Young-Living-CHRISTMAS-SPIRIT-Essential-Oil-Blend-5ml-Sealed-/286141777388,EBAY-US
"Color Street Nail Polish: Holiday, Christmas, Winter Retired HTF designs glitter",176613778998,2.99,USD,New with box,Nail Polish,raincitybeauty,10,100.0,false,Flat,5.0,FixedPrice,false,2024-10-06 04:06:50,2024-12-06 05:06:50,N/A,N/A,https://i.ebayimg.com/thumbs/images/g/TjkAAOSwQmxm-b6m/s-l140.jpg,https://i.ebayimg.com/00/s/MTYwMFgxNjAw/z/TjkAAOSwQmxm-b6m/$_1.JPG,https://i.ebayimg.com/00/s/MTYwMFgxNjAw/z/TjkAAOSwQmxm-b6m/$_3.JPG,https://www.ebay.com/itm/Color-Street-Nail-Polish-Holiday-Christmas-Winter-Retired-HTF-designs-glitter-/176613778998?var=0,EBAY-US
Color Street Christmas~ JOLLY GOOD FELLOW ~ Accent Your Mani With Santa! 🎅,126751381639,4.68,USD,New with box,Nail Polish,allpolished11,879,100.0,true,Flat,0.69,FixedPrice,false,2024-10-31 02:32:08,2024-12-01 03:32:08,AllPolished11,http://stores.ebay.com/AllPolished11,https://i.ebayimg.com/thumbs/images/g/MJUAAOSwGLhnIuqC/s-l140.jpg,https://i.ebayimg.com/00/s/Njk4WDczOQ==/z/MJUAAOSwGLhnIuqC/$_1.JPG,https://i.ebayimg.com/00/s/Njk4WDczOQ==/z/MJUAAOSwGLhnIuqC/$_3.JPG,https://www.ebay.com/itm/Color-Street-Christmas-JOLLY-GOOD-FELLOW-Accent-Your-Mani-Santa-/126751381639,EBAY-US
5D Embossed Stereoscopic Christmas Snowflake Nail Art Stickers Self Adhesive NH8,374333637429,2.78,USD,New with box,Nail Art Tools,txbeautysupply,12732,98.5,true,Free,0.0,FixedPrice,false,2022-11-02 13:32:46,2024-12-02 14:32:46,TXBeautySupply,http://stores.ebay.com/TXBeautySupply,https://i.ebayimg.com/thumbs/images/g/014AAOSwzPZjYm7H/s-l140.jpg,https://i.ebayimg.com/00/s/ODM2WDgzOQ==/z/014AAOSwzPZjYm7H/$_1.JPG,https://i.ebayimg.com/00/s/ODM2WDgzOQ==/z/014AAOSwzPZjYm7H/$_3.JPG,https://www.ebay.com/itm/5D-Embossed-Stereoscopic-Christmas-Snowflake-Nail-Art-Stickers-Self-Adhesive-NH8-/374333637429?var=0,EBAY-US
Color Street ~ BAKING MEMORIES ~Christmas/Holiday *Accent Set* 🎄,126760098795,4.25,USD,New with box,Nail Polish,allpolished11,882,100.0,true,Flat,0.69,FixedPrice,false,2024-11-05 03:45:50,2024-12-05 03:45:50,AllPolished11,http://stores.ebay.com/AllPolished11,https://i.ebayimg.com/thumbs/images/g/figAAOSwJClnKZMr/s-l140.jpg,https://i.ebayimg.com/00/s/MTA5N1gxMTI1/z/figAAOSwJClnKZMr/$_1.JPG,https://i.ebayimg.com/00/s/MTA5N1gxMTI1/z/figAAOSwJClnKZMr/$_3.JPG,https://www.ebay.com/itm/Color-Street-BAKING-MEMORIES-Christmas-Holiday-Accent-Set-/126760098795,EBAY-US
"105 Sq. Ft. Christmas Wrapping Paper Bundle with Cut Lines, Grinch (3 Rolls 30 I",365216782642,24.04,USD,New,Ear Plugs,pakp_39,10,100.0,false,Free,0.0,FixedPrice,false,2024-11-06 16:05:30,2024-12-06 16:05:30,pakp_39,http://stores.ebay.com/pakp-39,https://i.ebayimg.com/thumbs/images/g/uFcAAOSwxz1nK5NS/s-l140.jpg,https://i.ebayimg.com/00/s/MTYwMFgxNjAw/z/uFcAAOSwxz1nK5NS/$_1.JPG,https://i.ebayimg.com/00/s/MTYwMFgxNjAw/z/uFcAAOSwxz1nK5NS/$_3.JPG,https://www.ebay.com/itm/105-Sq-Ft-Christmas-Wrapping-Paper-Bundle-Cut-Lines-Grinch-3-Rolls-30-/365216782642,EBAY-US
Christmas Nail Art Stickers Snowflake Santa Orinement Decals Self-Adhesive NS53,356019856609,2.95,USD,New with box,Nail Art Tools,txbeautysupply,12638,98.5,true,Free,0.0,FixedPrice,false,2024-09-06 19:17:49,2024-11-06 20:17:49,TXBeautySupply,http://stores.ebay.com/TXBeautySupply,https://i.ebayimg.com/thumbs/images/g/8sAAAOSw6RRm21Sl/s-l140.jpg,https://i.ebayimg.com/00/s/ODAwWDgwMA==/z/8sAAAOSw6RRm21Sl/$_1.JPG,https://i.ebayimg.com/00/s/ODAwWDgwMA==/z/8sAAAOSw6RRm21Sl/$_3.JPG,https://www.ebay.com/itm/Christmas-Nail-Art-Stickers-Snowflake-Santa-Orinement-Decals-Self-Adhesive-NS53-/356019856609?var=0,EBAY-US
*COLORSTREET NAILWRAPS/STRIPES,375740364676,10.99,USD,New with box,Nail Polish,yellowbutterflies45,1574,99.5,false,Free,0.0,FixedPrice,false,2024-10-25 20:00:16,2024-11-25 21:00:16,N/A,N/A,https://i.ebayimg.com/thumbs/images/g/2B8AAOSw5wtnIWhD/s-l140.jpg,https://i.ebayimg.com/00/s/MTA4MFgxMDgw/z/2B8AAOSw5wtnIWhD/$_1.JPG,https://i.ebayimg.com/00/s/MTA4MFgxMDgw/z/2B8AAOSw5wtnIWhD/$_3.JPG,https://www.ebay.com/itm/COLORSTREET-NAILWRAPS-STRIPES-/375740364676?var=644645429048,EBAY-US
CHRISTMAS~FAIRYTALE Bath & Body Works YOUR CHOICE~SHIPS FREE!!,126160865519,14.36,USD,New,Bath & Body Mixed Items,soccer-mom1,6239,100.0,true,Free,0.0,FixedPrice,false,2023-10-29 18:27:47,2024-11-29 19:27:47,Sunny Days Store,http://stores.ebay.com/Sunny-Days-Store,https://i.ebayimg.com/thumbs/images/g/IVoAAOSwmbtlaOZ7/s-l140.jpg,https://i.ebayimg.com/00/s/MTI5OFgxNjAw/z/IVoAAOSwmbtlaOZ7/$_1.JPG,https://i.ebayimg.com/00/s/MTI5OFgxNjAw/z/IVoAAOSwmbtlaOZ7/$_3.JPG,https://www.ebay.com/itm/CHRISTMAS-FAIRYTALE-Bath-Body-Works-YOUR-CHOICE-SHIPS-FREE-/126160865519?var=0,EBAY-US
☃️🎄HOLIDAYS Color Street Christmas Nail Polish Red Glitter FREE TWOSIE!🎅🏻❄️,285071386388,8.0,USD,New with box,Nail Polish,nailstripsforthemasses,1102,99.7,true,Free,0.0,FixedPrice,false,2022-12-10 22:43:17,2024-11-10 22:43:17,NAIL STRIPS FOR THE MASSES,http://stores.ebay.com/NAIL-STRIPS-FOR-THE-MASSES,https://i.ebayimg.com/thumbs/images/g/bDEAAOSwxp5lLeML/s-l140.jpg,https://i.ebayimg.com/00/s/MTE2NFgxMjc5/z/bDEAAOSwxp5lLeML/$_1.JPG,https://i.ebayimg.com/00/s/MTE2NFgxMjc5/z/bDEAAOSwxp5lLeML/$_3.JPG,https://www.ebay.com/itm/HOLIDAYS-Color-Street-Christmas-Nail-Polish-Red-Glitter-FREE-TWOSIE-/285071386388?var=586918425639,EBAY-US
🚀🎄HOLIDAY 2024 NEW COLoR STREeT NAIL POLISH STRIPS 🎁CHRISTMAS🎁 PRE ORDER🎅🏻,135305509946,2.49,USD,New with box,Nail Polish,indigo-feathers,664,100.0,false,Free,0.0,FixedPrice,false,2024-10-16 18:55:14,2024-11-16 19:55:14,Ranch Gals Collectibles and More,http://stores.ebay.com/Ranch-Gals-Collectibles-and-More,https://i.ebayimg.com/thumbs/images/g/FswAAOSwz2NnES5U/s-l140.jpg,https://i.ebayimg.com/00/s/MTA4MFgxMDgw/z/FswAAOSwz2NnES5U/$_1.JPG,https://i.ebayimg.com/00/s/MTA4MFgxMDgw/z/FswAAOSwz2NnES5U/$_3.JPG,https://www.ebay.com/itm/HOLIDAY-2024-NEW-COLoR-STREeT-NAIL-POLISH-STRIPS-CHRISTMAS-PRE-ORDER-/135305509946?var=0,EBAY-US
Color Street Nail Strips**CHRISTMAS** ***BUY MORE & SAVE!!!***,355192924889,4.0,USD,New with box,Nail Polish,*frenchie*mama*,1142,100.0,true,Free,0.0,FixedPrice,false,2023-11-14 05:11:05,2024-11-14 05:11:05,N/A,N/A,https://i.ebayimg.com/thumbs/images/g/kSgAAOSwlhFlXEzp/s-l140.jpg,https://i.ebayimg.com/00/s/MTAzNFgxMDQy/z/kSgAAOSwlhFlXEzp/$_1.JPG,https://i.ebayimg.com/00/s/MTAzNFgxMDQy/z/kSgAAOSwlhFlXEzp/$_3.JPG,https://www.ebay.com/itm/Color-Street-Nail-Strips-CHRISTMAS-BUY-MORE-SAVE-/355192924889?var=0,EBAY-US
Grinch Christmas Nail Art Stickers,286030690165,3.89,USD,New without box,Nail Art Tools,aclark24,1592,99.4,true,Free,0.0,FixedPrice,false,2024-08-26 14:39:38,2024-11-26 15:39:38,Aprils jewelry,http://stores.ebay.com/Aprils-jewelry,https://i.ebayimg.com/thumbs/images/g/tj8AAOSwgzRmzJMV/s-l140.jpg,https://i.ebayimg.com/00/s/OTg5WDY5Ng==/z/tj8AAOSwgzRmzJMV/$_1.JPG,https://i.ebayimg.com/00/s/OTg5WDY5Ng==/z/tj8AAOSwgzRmzJMV/$_3.JPG,https://www.ebay.com/itm/Grinch-Christmas-Nail-Art-Stickers-/286030690165,EBAY-US
Christmas Nail Strips Color Street,235324915751,2.5,USD,New with box,Nail Polish,linbr-8615,3,100.0,false,Flat,2.0,FixedPrice,false,2023-12-01 22:48:02,2024-12-01 22:48:02,N/A,N/A,https://i.ebayimg.com/thumbs/images/g/aIAAAOSwrY9laig7/s-l140.jpg,https://i.ebayimg.com/00/s/OTQ2WDE2MDA=/z/aIAAAOSwrY9laig7/$_1.JPG,https://i.ebayimg.com/00/s/OTQ2WDE2MDA=/z/aIAAAOSwrY9laig7/$_3.JPG,https://www.ebay.com/itm/Christmas-Nail-Strips-Color-Street-/235324915751?var=0,EBAY-US
Grinch Christmas Nail Art Stickers,286027487146,3.89,USD,New without box,Nail Art Tools,aclark24,1590,99.4,true,Free,0.0,FixedPrice,false,2024-08-24 12:29:30,2024-11-24 13:29:30,Aprils jewelry,http://stores.ebay.com/Aprils-jewelry,https://i.ebayimg.com/thumbs/images/g/N~sAAOSwZmFmydEd/s-l140.jpg,https://i.ebayimg.com/00/s/NzA0WDUyOQ==/z/N~sAAOSwZmFmydEd/$_1.JPG,https://i.ebayimg.com/00/s/NzA0WDUyOQ==/z/N~sAAOSwZmFmydEd/$_3.JPG,https://www.ebay.com/itm/Grinch-Christmas-Nail-Art-Stickers-/286027487146,EBAY-US
Christmas Nail Stickers Semi Cured Gel Nail Stickers UV Lamp Required Gel Wraps,405195920632,0.99,USD,New with box,2D Nail Art Design,dangda-71,2418,97.1,true,Free,0.0,FixedPrice,false,2024-08-28 13:15:49,2024-11-28 14:15:49,JIAOZHU&2022,http://stores.ebay.com/JIAOZHU-2022,https://i.ebayimg.com/thumbs/images/g/3S4AAOSwF-1mzyMD/s-l140.jpg,https://i.ebayimg.com/00/s/ODAwWDgwMA==/z/3S4AAOSwF-1mzyMD/$_1.JPG,https://i.ebayimg.com/00/s/ODAwWDgwMA==/z/3S4AAOSwF-1mzyMD/$_3.JPG,https://www.ebay.com/itm/Christmas-Nail-Stickers-Semi-Cured-Gel-Nail-Stickers-UV-Lamp-Required-Gel-Wraps-/405195920632?var=675293727888,EBAY-US
Color Street Nail Polish Strips - CHRISTMAS HOLIDAY & WINTER *FREE SHIPPING,295176439817,8.0,USD,New with box,Nail Polish,delightyoursenses,12020,99.7,false,Free,0.0,FixedPrice,false,2022-08-22 21:57:39,2024-11-22 22:57:39,Delight Your Senses,http://stores.ebay.com/Delight-Your-Senses,https://i.ebayimg.com/thumbs/images/g/HxoAAOSwetdjA-W2/s-l140.jpg,https://i.ebayimg.com/00/s/Njk5WDEwMDU=/z/HxoAAOSwetdjA-W2/$_1.JPG,https://i.ebayimg.com/00/s/Njk5WDEwMDU=/z/HxoAAOSwetdjA-W2/$_3.JPG,https://www.ebay.com/itm/Color-Street-Nail-Polish-Strips-CHRISTMAS-HOLIDAY-WINTER-FREE-SHIPPING-/295176439817?var=593392098063,EBAY-US
"Color Street Nail Polish Strips, Wrap It Up, Christmas, New in Box, READ!!!",176583512036,6.85,USD,New with box,Nail Polish,mine-to-yours,638,100.0,true,Free,0.0,FixedPrice,false,2024-09-18 21:30:26,2024-11-18 22:30:26,N/A,N/A,https://i.ebayimg.com/thumbs/images/g/DvIAAOSw4ZZm60Te/s-l140.jpg,https://i.ebayimg.com/00/s/MTA1NVgxMDc4/z/DvIAAOSw4ZZm60Te/$_1.JPG,https://i.ebayimg.com/00/s/MTA1NVgxMDc4/z/DvIAAOSw4ZZm60Te/$_3.JPG,https://www.ebay.com/itm/Color-Street-Nail-Polish-Strips-Wrap-Up-Christmas-New-Box-READ-/176583512036,EBAY-US
