
Title,Item ID,Price,Currency,Condition,Category,Seller,Feedback Score,Positive Feedback %,Top Rated Seller,Shipping Type,Shipping Cost,Listing Type,Buy It Now Available,Start Time,End Time,Store Name,Store URL,Gallery URL,Large Image URL,Super Size Image URL,View Item URL,Marketplace
CHRISTMAS WREATH Door Greeting. Original WATERCOLOR PAINTING & ETCHING. Signed,365216741725,15.0,USD,N/A,Art Prints,gallerystars,3908,100.0,true,Free,0.0,FixedPrice,false,2024-11-06 15:28:50,2024-12-06 15:28:50,Gallery Stars,http://stores.ebay.com/Gallery-Stars,https://i.ebayimg.com/thumbs/images/g/bx4AAOSwenJl6fE1/s-l140.jpg,https://i.ebayimg.com/00/s/MTYwMFgxMTEy/z/bx4AAOSwenJl6fE1/$_1.JPG,https://i.ebayimg.com/00/s/MTYwMFgxMTEy/z/bx4AAOSwenJl6fE1/$_3.JPG,https://www.ebay.com/itm/CHRISTMAS-WREATH-Door-Greeting-Original-WATERCOLOR-PAINTING-ETCHING-Signed-/365216741725,EBAY-US
Two Abstract Christmas Trees Painting Framed 9 X 12 each,186766189956,30.0,USD,New,Paintings,artist4hire,0,0.0,false,Free,0.0,FixedPrice,false,2024-11-06 13:32:00,2024-12-06 13:32:00,N/A,N/A,https://i.ebayimg.com/thumbs/images/g/mf0AAOSwNAZnK29K/s-l140.jpg,https://i.ebayimg.com/00/s/MTE3OVgxNjAw/z/mf0AAOSwNAZnK29K/$_1.JPG,https://i.ebayimg.com/00/s/MTE3OVgxNjAw/z/mf0AAOSwNAZnK29K/$_3.JPG,https://www.ebay.com/itm/Two-Abstract-Christmas-Trees-Painting-Framed-9-X-12-each-/186766189956,EBAY-US
Framed Jewelry Art Christmas Tree OOAK Handmade  Vintage Costume Rhinestones 431,226436022139,88.88,USD,N/A,Mixed Media Art & Collage Art,mrsmcgowan81,1535,100.0,true,Free,0.0,FixedPrice,false,2024-11-06 16:01:47,2024-12-06 16:01:47,boobugs,http://stores.ebay.com/boobugs,https://i.ebayimg.com/thumbs/images/g/~vcAAOSw3BNnK5GQ/s-l140.jpg,https://i.ebayimg.com/00/s/MTYwMFgxMjcz/z/~vcAAOSw3BNnK5GQ/$_1.JPG,https://i.ebayimg.com/00/s/MTYwMFgxMjcz/z/~vcAAOSw3BNnK5GQ/$_3.JPG,https://www.ebay.com/itm/Framed-Jewelry-Art-Christmas-Tree-OOAK-Handmade-Vintage-Costume-Rhinestones-431-/226436022139,EBAY-US
"Christmas Morn, Vintage Maxfield Parrish BLANK Christmas Card , Parrish Blue",196765821540,4.99,USD,Used,Art Prints,calendarart,5968,100.0,true,Flat,3.99,FixedPrice,false,2024-10-31 03:28:14,2024-12-01 04:28:14,The Calendar Art Man Vintage Prints,http://stores.ebay.com/The-Calendar-Art-Man-Vintage-Prints,https://i.ebayimg.com/thumbs/images/g/wsMAAOSwralnGq9K/s-l140.jpg,https://i.ebayimg.com/00/s/MTM0NlgxNjAw/z/wsMAAOSwralnGq9K/$_1.JPG,https://i.ebayimg.com/00/s/MTM0NlgxNjAw/z/wsMAAOSwralnGq9K/$_3.JPG,https://www.ebay.com/itm/Christmas-Morn-Vintage-Maxfield-Parrish-BLANK-Christmas-Card-Parrish-Blue-/196765821540,EBAY-US
O Christmas Tree - Sasquatch Bigfoot Art Print Hunting Fishing Cabin Wall Decor,286092828222,9.95,USD,New,Art Prints,applecreekgeneralstore319,10265,99.6,false,FlatDomesticCalculatedInternational,3.99,FixedPrice,false,2024-10-05 00:38:11,2024-12-05 01:38:11,Apple Creek Outlet,http://stores.ebay.com/Apple-Creek-Outlet,https://i.ebayimg.com/thumbs/images/g/IF4AAOSwWx5nAIk9/s-l140.jpg,https://i.ebayimg.com/00/s/MTYwMFgxNjAw/z/IF4AAOSwWx5nAIk9/$_1.JPG,https://i.ebayimg.com/00/s/MTYwMFgxNjAw/z/IF4AAOSwWx5nAIk9/$_3.JPG,https://www.ebay.com/itm/O-Christmas-Tree-Sasquatch-Bigfoot-Art-Print-Hunting-Fishing-Cabin-Wall-Decor-/286092828222,EBAY-US
Christmas Vacation One Sheet Movie Poster 24x36 Inch,264625726660,13.49,USD,New,Art Posters,theblacklightzone,17396,99.9,true,Free,0.0,FixedPrice,false,2020-02-06 21:30:41,2024-11-06 21:30:41,The Blacklight Zone,http://stores.ebay.com/The-Blacklight-Zone,https://i.ebayimg.com/thumbs/images/g/qbkAAOSwPbdePIVd/s-l140.jpg,https://i.ebayimg.com/00/s/NTAwWDMzNA==/z/qbkAAOSwPbdePIVd/$_1.JPG,https://i.ebayimg.com/00/s/NTAwWDMzNA==/z/qbkAAOSwPbdePIVd/$_3.JPG,https://www.ebay.com/itm/Christmas-Vacation-One-Sheet-Movie-Poster-24x36-Inch-/264625726660,EBAY-US
Jesus Manger Santa kneeling Christmas Holiday wall Art poster painting print,286131254272,9.99,USD,New,Art Prints,mossandmagics,144,100.0,false,Calculated,N/A,FixedPrice,false,2024-10-27 23:50:04,2024-11-28 00:50:04,MossAndMagics,http://stores.ebay.com/MossAndMagics,https://i.ebayimg.com/thumbs/images/g/IFEAAOSwC51nHtDY/s-l140.jpg,https://i.ebayimg.com/00/s/MTA4MVgxMDk0/z/IFEAAOSwC51nHtDY/$_1.JPG,https://i.ebayimg.com/00/s/MTA4MVgxMDk0/z/IFEAAOSwC51nHtDY/$_3.JPG,https://www.ebay.com/itm/Jesus-Manger-Santa-kneeling-Christmas-Holiday-wall-Art-poster-painting-print-/286131254272?var=588243318017,EBAY-US
FIT SANTA - 4 PACK CHRISTMAS CARD LOT Homoerotic Postcards LGBTQ Gay 4x6 3288,315925052277,19.5,USD,New,Art Prints,gaye.eye,30,100.0,true,Free,0.0,FixedPrice,false,2024-11-05 16:44:21,2024-12-05 16:44:21,Gaye.Eye,http://stores.ebay.com/Gaye-Eye,https://i.ebayimg.com/thumbs/images/g/W~cAAOSwa4Vmpj8b/s-l140.jpg,https://i.ebayimg.com/00/s/MTYwMFgxMDk0/z/W~cAAOSwa4Vmpj8b/$_1.JPG,https://i.ebayimg.com/00/s/MTYwMFgxMDk0/z/W~cAAOSwa4Vmpj8b/$_3.JPG,https://www.ebay.com/itm/FIT-SANTA-4-PACK-CHRISTMAS-CARD-LOT-Homoerotic-Postcards-LGBTQ-Gay-4x6-3288-/315925052277,EBAY-US
Christmas Fairy Drawing,375769463775,6.0,GBP,New,Art Drawings,picturediary,755,100.0,false,Flat,N/A,Auction,false,2024-11-06 09:16:27,2024-11-13 09:16:27,N/A,N/A,https://i.ebayimg.com/thumbs/images/g/yDUAAOSwFmBnKzO7/s-l140.jpg,https://i.ebayimg.com/00/s/MTYwMFgxMjAw/z/yDUAAOSwFmBnKzO7/$_1.JPG,https://i.ebayimg.com/00/s/MTYwMFgxMjAw/z/yDUAAOSwFmBnKzO7/$_3.JPG,https://www.ebay.com/itm/Christmas-Fairy-Drawing-/375769463775,EBAY-US
Christmas Fairy Drawing,375769471578,6.0,GBP,New,Art Drawings,picturediary,755,100.0,false,Flat,N/A,Auction,false,2024-11-06 09:21:30,2024-11-13 09:21:30,N/A,N/A,https://i.ebayimg.com/thumbs/images/g/~k4AAOSwO~VnKzTx/s-l140.jpg,https://i.ebayimg.com/00/s/MTYwMFgxMjAw/z/~k4AAOSwO~VnKzTx/$_1.JPG,https://i.ebayimg.com/00/s/MTYwMFgxMjAw/z/~k4AAOSwO~VnKzTx/$_3.JPG,https://www.ebay.com/itm/Christmas-Fairy-Drawing-/375769471578,EBAY-US
Christmas Fairy Drawing,375769481050,6.0,GBP,New,Art Drawings,picturediary,755,100.0,false,Flat,N/A,Auction,false,2024-11-06 09:29:13,2024-11-13 09:29:13,N/A,N/A,https://i.ebayimg.com/thumbs/images/g/v3wAAOSwdYNnKzbD/s-l140.jpg,https://i.ebayimg.com/00/s/MTYwMFgxMjAw/z/v3wAAOSwdYNnKzbD/$_1.JPG,https://i.ebayimg.com/00/s/MTYwMFgxMjAw/z/v3wAAOSwdYNnKzbD/$_3.JPG,https://www.ebay.com/itm/Christmas-Fairy-Drawing-/375769481050,EBAY-US
Christmas Fairy Drawing,375769486255,6.0,GBP,New,Art Drawings,picturediary,755,100.0,false,Flat,N/A,Auction,false,2024-11-06 09:31:15,2024-11-13 09:31:15,N/A,N/A,https://i.ebayimg.com/thumbs/images/g/GpMAAOSw4VhnKzc~/s-l140.jpg,https://i.ebayimg.com/00/s/MTYwMFgxMjAw/z/GpMAAOSw4VhnKzc~/$_1.JPG,https://i.ebayimg.com/00/s/MTYwMFgxMjAw/z/GpMAAOSw4VhnKzc~/$_3.JPG,https://www.ebay.com/itm/Christmas-Fairy-Drawing-/375769486255,EBAY-US
Christmas Fairy Drawing,375769487934,6.0,GBP,New,Art Drawings,picturediary,755,100.0,false,Flat,N/A,Auction,false,2024-11-06 09:33:36,2024-11-13 09:33:36,N/A,N/A,https://i.ebayimg.com/thumbs/images/g/gREAAOSwe8pnKze7/s-l140.jpg,https://i.ebayimg.com/00/s/MTYwMFgxMjAw/z/gREAAOSwe8pnKze7/$_1.JPG,https://i.ebayimg.com/00/s/MTYwMFgxMjAw/z/gREAAOSwe8pnKze7/$_3.JPG,https://www.ebay.com/itm/Christmas-Fairy-Drawing-/375769487934,EBAY-US
"Ramon Santiago, Santa Claus, Christmas, St. Nick. Rare Hand-Signed Art Print, Ex",356230840068,229.0,USD,Used,Art Prints,poster-art,2962,100.0,false,Flat,6.95,FixedPrice,false,2024-11-06 15:50:46,2024-12-06 15:50:46,Poster Art,http://stores.ebay.com/Poster-Art,https://i.ebayimg.com/thumbs/images/g/JsIAAOSw9cxlAzCU/s-l140.jpg,https://i.ebayimg.com/00/s/MTYwMFgxMjAw/z/JsIAAOSw9cxlAzCU/$_1.JPG,https://i.ebayimg.com/00/s/MTYwMFgxMjAw/z/JsIAAOSw9cxlAzCU/$_3.JPG,https://www.ebay.com/itm/Ramon-Santiago-Santa-Claus-Christmas-St-Nick-Rare-Hand-Signed-Art-Print-Ex-/356230840068,EBAY-US
Antique Santa Claus and Reindeer Painting Giclee Print on Fine Art Paper,156242713391,32.99,USD,New,Art Prints,annaprintsco,271,100.0,true,Free,0.0,FixedPrice,false,2024-06-12 07:00:00,2024-11-12 08:00:00,AnnaPrintsCo,http://stores.ebay.com/AnnaPrintsCo,https://i.ebayimg.com/thumbs/images/g/mCUAAOSwcRxmX41U/s-l140.jpg,https://i.ebayimg.com/00/s/MTIwMFgxNTAw/z/mCUAAOSwcRxmX41U/$_1.JPG,https://i.ebayimg.com/00/s/MTIwMFgxNTAw/z/mCUAAOSwcRxmX41U/$_3.JPG,https://www.ebay.com/itm/Antique-Santa-Claus-and-Reindeer-Painting-Giclee-Print-Fine-Art-Paper-/156242713391?var=0,EBAY-US
"4x6""  Skull Christmas Tree Skeleton Eerie Scary Old School Guns Strange Weird",126531402999,10.0,USD,New,Art Prints,papermaddogscar,2480,99.6,true,Free,0.0,FixedPrice,false,2024-06-15 22:35:05,2024-11-15 23:35:05,PaperMadDogScar,http://stores.ebay.com/PaperMadDogScar,https://i.ebayimg.com/thumbs/images/g/0f4AAOSwqyxmCUZc/s-l140.jpg,N/A,N/A,https://www.ebay.com/itm/4x6-Skull-Christmas-Tree-Skeleton-Eerie-Scary-Old-School-Guns-Strange-Weird-/126531402999,EBAY-US
"Black Christmas Poster 27""x40""",372666887721,32.95,USD,New,Art Posters,the-poster-depot-24-7,14340,99.1,true,Flat,10.95,FixedPrice,false,2019-05-08 23:12:58,2024-11-09 00:12:58,The Poster Depot,http://stores.ebay.com/The-Poster-Depot,https://i.ebayimg.com/thumbs/images/g/-pcAAOSw0AFc02J8/s-l140.jpg,https://i.ebayimg.com/00/s/NTA1WDMzNw==/z/-pcAAOSw0AFc02J8/$_1.JPG,https://i.ebayimg.com/00/s/NTA1WDMzNw==/z/-pcAAOSw0AFc02J8/$_3.JPG,https://www.ebay.com/itm/Black-Christmas-Poster-27-x40-/372666887721,EBAY-US
Christmas Reindeer Oil Painting Picture Printed on Canvas- Fun Artwork Prints,166521887900,8.16,USD,New,Art Prints,spring-art-777,2828,100.0,true,Free,0.0,FixedPrice,false,2023-12-27 03:53:31,2024-11-27 03:53:31,Spring Art Gallery,http://stores.ebay.com/Spring-Art-Gallery,https://i.ebayimg.com/thumbs/images/g/O~MAAOSwUeVli59M/s-l140.jpg,https://i.ebayimg.com/00/s/Njg3WDk1Ng==/z/O~MAAOSwUeVli59M/$_1.JPG,https://i.ebayimg.com/00/s/Njg3WDk1Ng==/z/O~MAAOSwUeVli59M/$_3.JPG,https://www.ebay.com/itm/Christmas-Reindeer-Oil-Painting-Picture-Printed-Canvas-Fun-Artwork-Prints-/166521887900?var=0,EBAY-US
A Christmas Story Ralphie Movie Poster 24x36,264624560916,13.49,USD,New,Art Posters,theblacklightzone,17405,99.9,true,Free,0.0,FixedPrice,false,2020-02-05 19:50:17,2024-12-05 19:50:17,The Blacklight Zone,http://stores.ebay.com/The-Blacklight-Zone,https://i.ebayimg.com/thumbs/images/g/byYAAOSwHLFeOxxo/s-l140.jpg,https://i.ebayimg.com/00/s/NTAwWDMzMw==/z/byYAAOSwHLFeOxxo/$_1.JPG,https://i.ebayimg.com/00/s/NTAwWDMzMw==/z/byYAAOSwHLFeOxxo/$_3.JPG,https://www.ebay.com/itm/Christmas-Story-Ralphie-Movie-Poster-24x36-/264624560916,EBAY-US
1900 Merry Christmas Santa Poster Reproduction Giclee Print on Fine Art Paper,156242713757,14.99,USD,New,Art Prints,annaprintsco,271,100.0,true,Free,0.0,FixedPrice,false,2024-06-12 21:52:30,2024-11-12 22:52:30,AnnaPrintsCo,http://stores.ebay.com/AnnaPrintsCo,https://i.ebayimg.com/thumbs/images/g/ZSYAAOSwnztmX58E/s-l140.jpg,https://i.ebayimg.com/00/s/MTUwMFgxMjAw/z/ZSYAAOSwnztmX58E/$_1.JPG,https://i.ebayimg.com/00/s/MTUwMFgxMjAw/z/ZSYAAOSwnztmX58E/$_3.JPG,https://www.ebay.com/itm/1900-Merry-Christmas-Santa-Poster-Reproduction-Giclee-Print-Fine-Art-Paper-/156242713757?var=0,EBAY-US
CHRISTMAS VACATION - ONE SHEET MOVIE POSTER - 24x36 - 241354,123435298609,12.95,USD,New,Art Posters,starcitybooks,257934,99.1,false,Free,0.0,FixedPrice,false,2018-10-18 13:42:48,2024-11-18 14:42:48,Star City Books & Collectibles,http://stores.ebay.com/Star-City-Books-Collectibles,https://i.ebayimg.com/thumbs/images/g/h-8AAOSwZdRbyI3G/s-l140.jpg,https://i.ebayimg.com/00/s/MTIwMFg4MDA=/z/h-8AAOSwZdRbyI3G/$_1.JPG,https://i.ebayimg.com/00/s/MTIwMFg4MDA=/z/h-8AAOSwZdRbyI3G/$_3.JPG,https://www.ebay.com/itm/CHRISTMAS-VACATION-ONE-SHEET-MOVIE-POSTER-24x36-241354-/123435298609,EBAY-US
ACEO PRINT OF PAINTING RYTA BLACK CAT MICE CHRISTMAS TREE GIFT FOLK ART WREATH,392278027930,7.49,USD,New,Paintings,rytaray,11674,100.0,false,Free,0.0,FixedPrice,false,2019-04-16 11:44:27,2024-11-16 12:44:27,rytaray,http://stores.ebay.com/rytaray,https://i.ebayimg.com/thumbs/images/g/34MAAOSwWLBaLXfN/s-l140.jpg,https://i.ebayimg.com/00/s/NzA2WDUwMA==/z/34MAAOSwWLBaLXfN/$_1.JPG,https://i.ebayimg.com/00/s/NzA2WDUwMA==/z/34MAAOSwWLBaLXfN/$_3.JPG,https://www.ebay.com/itm/ACEO-PRINT-PAINTING-RYTA-BLACK-CAT-MICE-CHRISTMAS-TREE-GIFT-FOLK-ART-WREATH-/392278027930,EBAY-US
1926 South Shore Line Vintage Christmas Travel Poster - 16x24,285846920513,13.95,USD,New,Art Posters,posters_past,2344,99.6,true,Flat,5.95,FixedPrice,false,2024-05-06 15:50:22,2024-11-06 16:50:22,PostersPast,http://stores.ebay.com/PostersPast,https://i.ebayimg.com/thumbs/images/g/8xQAAOSw-11mOPw0/s-l140.jpg,https://i.ebayimg.com/00/s/MTYwMFgxMTIw/z/8xQAAOSw-11mOPw0/$_1.JPG,https://i.ebayimg.com/00/s/MTYwMFgxMTIw/z/8xQAAOSw-11mOPw0/$_3.JPG,https://www.ebay.com/itm/1926-South-Shore-Line-Vintage-Christmas-Travel-Poster-16x24-/285846920513,EBAY-US
Christmas Fairy Drawing,375769342267,6.0,GBP,New,Art Drawings,picturediary,755,100.0,false,Flat,N/A,Auction,false,2024-11-06 08:17:14,2024-11-13 08:17:14,N/A,N/A,https://i.ebayimg.com/thumbs/images/g/Up4AAOSw0xFnKyWs/s-l140.jpg,https://i.ebayimg.com/00/s/MTYwMFgxMjAw/z/Up4AAOSw0xFnKyWs/$_1.JPG,https://i.ebayimg.com/00/s/MTYwMFgxMjAw/z/Up4AAOSw0xFnKyWs/$_3.JPG,https://www.ebay.com/itm/Christmas-Fairy-Drawing-/375769342267,EBAY-US
Christmas Fairy Drawing,375769370842,6.0,GBP,New,Art Drawings,picturediary,755,100.0,false,Flat,N/A,Auction,false,2024-11-06 08:31:44,2024-11-13 08:31:44,N/A,N/A,https://i.ebayimg.com/thumbs/images/g/-QEAAOSwk1xnKykm/s-l140.jpg,https://i.ebayimg.com/00/s/MTYwMFgxMjAw/z/-QEAAOSwk1xnKykm/$_1.JPG,https://i.ebayimg.com/00/s/MTYwMFgxMjAw/z/-QEAAOSwk1xnKykm/$_3.JPG,https://www.ebay.com/itm/Christmas-Fairy-Drawing-/375769370842,EBAY-US
Christmas Fairy Drawing,375769375842,6.0,GBP,New,Art Drawings,picturediary,755,100.0,false,Flat,N/A,Auction,false,2024-11-06 08:36:08,2024-11-13 08:36:08,N/A,N/A,https://i.ebayimg.com/thumbs/images/g/J-AAAOSw8Y5nKypD/s-l140.jpg,https://i.ebayimg.com/00/s/MTYwMFgxMjAw/z/J-AAAOSw8Y5nKypD/$_1.JPG,https://i.ebayimg.com/00/s/MTYwMFgxMjAw/z/J-AAAOSw8Y5nKypD/$_3.JPG,https://www.ebay.com/itm/Christmas-Fairy-Drawing-/375769375842,EBAY-US
Christmas Fairy Drawing,375769384069,6.0,GBP,New,Art Drawings,picturediary,755,100.0,false,Flat,N/A,Auction,false,2024-11-06 08:39:42,2024-11-13 08:39:42,N/A,N/A,https://i.ebayimg.com/thumbs/images/g/E44AAOSwaAdnKyse/s-l140.jpg,https://i.ebayimg.com/00/s/MTYwMFgxMjAw/z/E44AAOSwaAdnKyse/$_1.JPG,https://i.ebayimg.com/00/s/MTYwMFgxMjAw/z/E44AAOSwaAdnKyse/$_3.JPG,https://www.ebay.com/itm/Christmas-Fairy-Drawing-/375769384069,EBAY-US
Christmas Fairy Drawing,375769388677,6.0,GBP,New,Art Drawings,picturediary,755,100.0,false,Flat,N/A,Auction,false,2024-11-06 08:41:56,2024-11-13 08:41:56,N/A,N/A,https://i.ebayimg.com/thumbs/images/g/0pwAAOSwQhJnKyur/s-l140.jpg,https://i.ebayimg.com/00/s/MTYwMFgxMjAw/z/0pwAAOSwQhJnKyur/$_1.JPG,https://i.ebayimg.com/00/s/MTYwMFgxMjAw/z/0pwAAOSwQhJnKyur/$_3.JPG,https://www.ebay.com/itm/Christmas-Fairy-Drawing-/375769388677,EBAY-US
Christmas Fairy Drawing,375769390335,6.0,GBP,New,Art Drawings,picturediary,755,100.0,false,Flat,N/A,Auction,false,2024-11-06 08:43:27,2024-11-13 08:43:27,N/A,N/A,https://i.ebayimg.com/thumbs/images/g/JSkAAOSwgmZnKywQ/s-l140.jpg,https://i.ebayimg.com/00/s/MTYwMFgxMjAw/z/JSkAAOSwgmZnKywQ/$_1.JPG,https://i.ebayimg.com/00/s/MTYwMFgxMjAw/z/JSkAAOSwgmZnKywQ/$_3.JPG,https://www.ebay.com/itm/Christmas-Fairy-Drawing-/375769390335,EBAY-US
Christmas Fairy Drawing,375769396629,6.0,GBP,New,Art Drawings,picturediary,755,100.0,false,Flat,N/A,Auction,false,2024-11-06 08:46:59,2024-11-13 08:46:59,N/A,N/A,https://i.ebayimg.com/thumbs/images/g/Wu4AAOSwBttnKyzX/s-l140.jpg,https://i.ebayimg.com/00/s/MTYwMFgxMjAw/z/Wu4AAOSwBttnKyzX/$_1.JPG,https://i.ebayimg.com/00/s/MTYwMFgxMjAw/z/Wu4AAOSwBttnKyzX/$_3.JPG,https://www.ebay.com/itm/Christmas-Fairy-Drawing-/375769396629,EBAY-US
Christmas Fairy Drawing,375769397726,6.0,GBP,New,Art Drawings,picturediary,755,100.0,false,Flat,N/A,Auction,false,2024-11-06 08:48:37,2024-11-13 08:48:37,N/A,N/A,https://i.ebayimg.com/thumbs/images/g/DxkAAOSwda1nKy28/s-l140.jpg,https://i.ebayimg.com/00/s/MTYwMFgxMjAw/z/DxkAAOSwda1nKy28/$_1.JPG,https://i.ebayimg.com/00/s/MTYwMFgxMjAw/z/DxkAAOSwda1nKy28/$_3.JPG,https://www.ebay.com/itm/Christmas-Fairy-Drawing-/375769397726,EBAY-US
Christmas Fairy Drawing,375769406710,6.0,GBP,New,Art Drawings,picturediary,755,100.0,false,Flat,N/A,Auction,false,2024-11-06 08:52:44,2024-11-13 08:52:44,N/A,N/A,https://i.ebayimg.com/thumbs/images/g/gVAAAOSwhYFnKy4s/s-l140.jpg,https://i.ebayimg.com/00/s/MTYwMFgxMjAw/z/gVAAAOSwhYFnKy4s/$_1.JPG,https://i.ebayimg.com/00/s/MTYwMFgxMjAw/z/gVAAAOSwhYFnKy4s/$_3.JPG,https://www.ebay.com/itm/Christmas-Fairy-Drawing-/375769406710,EBAY-US
Christmas Fairy Drawing,375769411002,6.0,GBP,New,Art Drawings,picturediary,755,100.0,false,Flat,N/A,Auction,false,2024-11-06 08:54:47,2024-11-13 08:54:47,N/A,N/A,https://i.ebayimg.com/thumbs/images/g/1x0AAOSw4-lnKy6t/s-l140.jpg,https://i.ebayimg.com/00/s/MTYwMFgxMjAw/z/1x0AAOSw4-lnKy6t/$_1.JPG,https://i.ebayimg.com/00/s/MTYwMFgxMjAw/z/1x0AAOSw4-lnKy6t/$_3.JPG,https://www.ebay.com/itm/Christmas-Fairy-Drawing-/375769411002,EBAY-US
Christmas Fairy Drawing,375769414380,6.0,GBP,New,Art Drawings,picturediary,755,100.0,false,Flat,N/A,Auction,false,2024-11-06 08:56:23,2024-11-13 08:56:23,N/A,N/A,https://i.ebayimg.com/thumbs/images/g/c7gAAOSwEmxnKy8S/s-l140.jpg,https://i.ebayimg.com/00/s/MTYwMFgxMjAw/z/c7gAAOSwEmxnKy8S/$_1.JPG,https://i.ebayimg.com/00/s/MTYwMFgxMjAw/z/c7gAAOSwEmxnKy8S/$_3.JPG,https://www.ebay.com/itm/Christmas-Fairy-Drawing-/375769414380,EBAY-US
Christmas Fairy Drawing,375769417189,6.0,GBP,New,Art Drawings,picturediary,755,100.0,false,Flat,N/A,Auction,false,2024-11-06 08:58:21,2024-11-13 08:58:21,N/A,N/A,https://i.ebayimg.com/thumbs/images/g/0oYAAOSwTIVnKy97/s-l140.jpg,https://i.ebayimg.com/00/s/MTYwMFgxMjAw/z/0oYAAOSwTIVnKy97/$_1.JPG,https://i.ebayimg.com/00/s/MTYwMFgxMjAw/z/0oYAAOSwTIVnKy97/$_3.JPG,https://www.ebay.com/itm/Christmas-Fairy-Drawing-/375769417189,EBAY-US
1950s Woolworth's Vintage Christmas Shopping Poster - Santa Claus - 24x36,372155046107,25.95,USD,New,Art Posters,artscape_galleries,33823,99.6,true,Flat,5.95,FixedPrice,false,2017-12-02 07:32:50,2024-12-02 07:32:50,Artscape Galleries,http://stores.ebay.com/Artscape-Galleries,https://i.ebayimg.com/thumbs/images/g/ZlYAAOSwdYhmBv56/s-l140.jpg,https://i.ebayimg.com/00/s/MTAwMFg3MDA=/z/ZlYAAOSwdYhmBv56/$_1.JPG,https://i.ebayimg.com/00/s/MTAwMFg3MDA=/z/ZlYAAOSwdYhmBv56/$_3.JPG,https://www.ebay.com/itm/1950s-Woolworths-Vintage-Christmas-Shopping-Poster-Santa-Claus-24x36-/372155046107,EBAY-US
Vintage 1992 Norman Rockwell Main Street Stockbridge Framed Canvas Art Print,286148268072,94.99,USD,Used,Art Prints,oldiesbutgoodies73,222,100.0,true,Flat,14.99,FixedPrice,false,2024-11-06 15:48:39,2024-12-06 15:48:39,N/A,N/A,https://i.ebayimg.com/thumbs/images/g/dg8AAOSwTIpnK4yp/s-l140.jpg,https://i.ebayimg.com/00/s/MTIwMFgxNjAw/z/dg8AAOSwTIpnK4yp/$_1.JPG,https://i.ebayimg.com/00/s/MTIwMFgxNjAw/z/dg8AAOSwTIpnK4yp/$_3.JPG,https://www.ebay.com/itm/Vintage-1992-Norman-Rockwell-Main-Street-Stockbridge-Framed-Canvas-Art-Print-/286148268072,EBAY-US
Digital Image Picture Photo Pic Wallpaper Background Christmas Fun Park 107,235639490054,0.99,USD,New,Art Photographs,wholesaleexchange,952,99.4,false,Free,0.0,FixedPrice,false,2024-07-05 06:19:29,2024-12-05 07:19:29,N/A,N/A,https://i.ebayimg.com/thumbs/images/g/HSYAAOSwmExmh5BM/s-l140.jpg,https://i.ebayimg.com/00/s/OTAwWDYwMA==/z/HSYAAOSwmExmh5BM/$_1.JPG,https://i.ebayimg.com/00/s/OTAwWDYwMA==/z/HSYAAOSwmExmh5BM/$_3.JPG,https://www.ebay.com/itm/Digital-Image-Picture-Photo-Pic-Wallpaper-Background-Christmas-Fun-Park-107-/235639490054,EBAY-US
PRINT ACEO Art Card Cardinal Bird Christmas Tree Gnome Santa Limited Edition,387574091589,7.49,USD,New,Art Prints,true-colors,48,100.0,false,Free,0.0,FixedPrice,false,2024-11-03 05:35:41,2024-12-03 06:35:41,N/A,N/A,https://i.ebayimg.com/thumbs/images/g/PLEAAOSw6nNnJwtx/s-l140.jpg,https://i.ebayimg.com/00/s/NjAwWDQzMA==/z/PLEAAOSw6nNnJwtx/$_1.JPG,https://i.ebayimg.com/00/s/NjAwWDQzMA==/z/PLEAAOSw6nNnJwtx/$_3.JPG,https://www.ebay.com/itm/PRINT-ACEO-Art-Card-Cardinal-Bird-Christmas-Tree-Gnome-Santa-Limited-Edition-/387574091589,EBAY-US
"4x6"" Krampus Santa Strange Child Christmas Winter Unusual Fun Vintage Vibe",126740988436,10.0,USD,New,Art Prints,papermaddogscar,2496,99.6,true,Free,0.0,FixedPrice,false,2024-10-24 22:39:11,2024-11-24 23:39:11,PaperMadDogScar,http://stores.ebay.com/PaperMadDogScar,https://i.ebayimg.com/thumbs/images/g/8CYAAOSw~4xnF9ul/s-l140.jpg,N/A,N/A,https://www.ebay.com/itm/4x6-Krampus-Santa-Strange-Child-Christmas-Winter-Unusual-Fun-Vintage-Vibe-/126740988436,EBAY-US
2Pcs Glitter Christmas Snowflake Tree Socks Stickers Self Adhesive Winter Crafts,354974581241,2.95,USD,New,Other Art,txbeautysupply,12650,98.5,true,Free,0.0,FixedPrice,false,2023-08-11 22:53:53,2024-11-11 23:53:53,TXBeautySupply,http://stores.ebay.com/TXBeautySupply,https://i.ebayimg.com/thumbs/images/g/~3IAAOSwurVk1rsk/s-l140.jpg,https://i.ebayimg.com/00/s/Nzc5WDc5MQ==/z/~3IAAOSwurVk1rsk/$_1.JPG,https://i.ebayimg.com/00/s/Nzc5WDc5MQ==/z/~3IAAOSwurVk1rsk/$_3.JPG,https://www.ebay.com/itm/2Pcs-Glitter-Christmas-Snowflake-Tree-Socks-Stickers-Self-Adhesive-Winter-Crafts-/354974581241,EBAY-US
THE NIGHTMARE BEFORE CHRISTMAS $2 US Bill Pop Art HAND-SIGNED by Rency / Banksy,265434993181,26.0,USD,New,Mixed Media Art & Collage Art,rencyart,1403,100.0,true,Free,0.0,FixedPrice,false,2021-12-03 23:08:49,2024-12-03 23:08:49,rencyart,http://stores.ebay.com/rencyart,https://i.ebayimg.com/thumbs/images/g/sWMAAOSwfgFhnAO4/s-l140.jpg,https://i.ebayimg.com/00/s/MTYwMFgxNjAw/z/sWMAAOSwfgFhnAO4/$_1.JPG,https://i.ebayimg.com/00/s/MTYwMFgxNjAw/z/sWMAAOSwfgFhnAO4/$_3.JPG,https://www.ebay.com/itm/NIGHTMARE-BEFORE-CHRISTMAS-2-US-Bill-Pop-Art-HAND-SIGNED-Rency-Banksy-/265434993181,EBAY-US
PRINT ACEO Art Card Snow Christmas Tree Winter Limited Edition,387546280547,7.49,USD,New,Art Prints,true-colors,48,100.0,false,Free,0.0,FixedPrice,false,2024-10-27 15:01:03,2024-11-27 16:01:03,N/A,N/A,https://i.ebayimg.com/thumbs/images/g/YbwAAOSwO1JnHlWF/s-l140.jpg,https://i.ebayimg.com/00/s/ODAwWDU3Mw==/z/YbwAAOSwO1JnHlWF/$_1.JPG,https://i.ebayimg.com/00/s/ODAwWDU3Mw==/z/YbwAAOSwO1JnHlWF/$_3.JPG,https://www.ebay.com/itm/PRINT-ACEO-Art-Card-Snow-Christmas-Tree-Winter-Limited-Edition-/387546280547,EBAY-US
Christmas Village Classic Christmas Canvas Art Poster Wall Art Picture Print,405293496982,15.0,USD,New,Art Posters,xianyouxiuzhim-0,2,100.0,false,Free,0.0,FixedPrice,false,2024-10-18 03:16:39,2024-11-18 04:16:39,xianyouxiuzhim-0,http://stores.ebay.com/xianyouxiuzhim-0,https://i.ebayimg.com/thumbs/images/g/~~8AAOSwDeZnEdL-/s-l140.jpg,https://i.ebayimg.com/00/s/MTYwMFgxNjAw/z/~~8AAOSwDeZnEdL-/$_1.JPG,https://i.ebayimg.com/00/s/MTYwMFgxNjAw/z/~~8AAOSwDeZnEdL-/$_3.JPG,https://www.ebay.com/itm/Christmas-Village-Classic-Christmas-Canvas-Art-Poster-Wall-Art-Picture-Print-/405293496982?var=0,EBAY-US
Billy-String US 2024 Tour Oct 31 Nov 1 Baltimore MD Unframe Poster,404905171699,13.99,USD,New,Art Posters,nirankatsan_0,28,100.0,false,Flat,5.98,FixedPrice,false,2024-04-06 09:00:17,2024-12-06 10:00:17,N/A,N/A,https://i.ebayimg.com/thumbs/images/g/c4kAAOSw7OpnKD4Z/s-l140.jpg,https://i.ebayimg.com/00/s/Nzk0WDc5NA==/z/c4kAAOSw7OpnKD4Z/$_1.JPG,https://i.ebayimg.com/00/s/Nzk0WDc5NA==/z/c4kAAOSw7OpnKD4Z/$_3.JPG,https://www.ebay.com/itm/Billy-String-US-2024-Tour-Oct-31-Nov-1-Baltimore-MD-Unframe-Poster-/404905171699?var=675513298084,EBAY-US
"Cute Dog in Santa Hat Art Print, Christmas Pet Portrait, Holiday Wall Art Decor",146140508140,0.99,USD,New,Art Prints,yoonovaai,23,100.0,false,Free,0.0,FixedPrice,false,2024-10-30 00:52:17,2024-11-30 01:52:17,N/A,N/A,https://i.ebayimg.com/thumbs/images/g/a9kAAOSwwZdnIYDf/s-l140.jpg,https://i.ebayimg.com/00/s/MTYwMFgxNjAw/z/a9kAAOSwwZdnIYDf/$_1.JPG,https://i.ebayimg.com/00/s/MTYwMFgxNjAw/z/a9kAAOSwwZdnIYDf/$_3.JPG,https://www.ebay.com/itm/Cute-Dog-Santa-Hat-Art-Print-Christmas-Pet-Portrait-Holiday-Wall-Art-Decor-/146140508140,EBAY-US
4x6 Vintage Color illustration Portrait Art Print Santa Claus #20,156484613229,5.95,USD,New,Art Prints,vintage_flash,234,99.1,true,Free,0.0,FixedPrice,false,2024-10-30 07:52:03,2024-11-30 08:52:03,Vintage_Flash,http://stores.ebay.com/Vintage-Flash,https://i.ebayimg.com/thumbs/images/g/QoMAAOSwFHZnIeU2/s-l140.jpg,https://i.ebayimg.com/00/s/MTYwMFgxMDY3/z/QoMAAOSwFHZnIeU2/$_1.JPG,https://i.ebayimg.com/00/s/MTYwMFgxMDY3/z/QoMAAOSwFHZnIeU2/$_3.JPG,https://www.ebay.com/itm/4x6-Vintage-Color-illustration-Portrait-Art-Print-Santa-Claus-20-/156484613229,EBAY-US
Christmas Ornaments Framed Poster - Vintage Artwork Print,395873853420,29.0,USD,New,Other Art,theologein_atelier,5,100.0,false,Free,0.0,FixedPrice,false,2024-11-06 13:08:12,2024-12-06 13:08:12,N/A,N/A,https://i.ebayimg.com/thumbs/images/g/npEAAOSwsXVnK2ot/s-l140.jpg,https://i.ebayimg.com/00/s/MTAwMFgxMDAw/z/npEAAOSwsXVnK2ot/$_1.JPG,https://i.ebayimg.com/00/s/MTAwMFgxMDAw/z/npEAAOSwsXVnK2ot/$_3.JPG,https://www.ebay.com/itm/Christmas-Ornaments-Framed-Poster-Vintage-Artwork-Print-/395873853420?var=664555074032,EBAY-US
Christmas Fairy Drawing,375754444463,3.0,GBP,New,Art Drawings,picturediary,755,100.0,false,Flat,N/A,Auction,false,2024-10-31 09:29:48,2024-11-07 09:29:48,N/A,N/A,https://i.ebayimg.com/thumbs/images/g/d5cAAOSwrMdnI03X/s-l140.jpg,https://i.ebayimg.com/00/s/MTYwMFgxMjAw/z/d5cAAOSwrMdnI03X/$_1.JPG,https://i.ebayimg.com/00/s/MTYwMFgxMjAw/z/d5cAAOSwrMdnI03X/$_3.JPG,https://www.ebay.com/itm/Christmas-Fairy-Drawing-/375754444463,EBAY-US
"Howard Finster's Illustrated  ""Night Before Christmas "" Book",325853897017,19.99,USD,N/A,Other Art,finster500,851,100.0,false,Free,0.0,FixedPrice,false,2023-10-19 18:21:48,2024-11-19 19:21:48,N/A,N/A,https://i.ebayimg.com/thumbs/images/g/uaoAAOSwwLBjseat/s-l140.jpg,https://i.ebayimg.com/00/s/MTYwMFgxMjQ2/z/uaoAAOSwwLBjseat/$_1.JPG,https://i.ebayimg.com/00/s/MTYwMFgxMjQ2/z/uaoAAOSwwLBjseat/$_3.JPG,https://www.ebay.com/itm/Howard-Finsters-Illustrated-Night-Before-Christmas-Book-/325853897017,EBAY-US
Christmas Fairy Drawing,375755039593,3.0,GBP,New,Art Drawings,picturediary,755,100.0,false,Flat,N/A,Auction,false,2024-10-31 15:14:31,2024-11-07 15:14:31,N/A,N/A,https://i.ebayimg.com/thumbs/images/g/fXUAAOSw02RnI57Q/s-l140.jpg,https://i.ebayimg.com/00/s/MTYwMFgxMjAw/z/fXUAAOSw02RnI57Q/$_1.JPG,https://i.ebayimg.com/00/s/MTYwMFgxMjAw/z/fXUAAOSw02RnI57Q/$_3.JPG,https://www.ebay.com/itm/Christmas-Fairy-Drawing-/375755039593,EBAY-US
Christmas Fairy Drawing,375755037534,3.0,GBP,New,Art Drawings,picturediary,755,100.0,false,Flat,N/A,Auction,false,2024-10-31 15:12:33,2024-11-07 15:12:33,N/A,N/A,https://i.ebayimg.com/thumbs/images/g/ZpwAAOSwgFxnI55a/s-l140.jpg,https://i.ebayimg.com/00/s/MTYwMFgxMjAw/z/ZpwAAOSwgFxnI55a/$_1.JPG,https://i.ebayimg.com/00/s/MTYwMFgxMjAw/z/ZpwAAOSwgFxnI55a/$_3.JPG,https://www.ebay.com/itm/Christmas-Fairy-Drawing-/375755037534,EBAY-US
Christmas Fairy Drawing,375755035430,3.0,GBP,New,Art Drawings,picturediary,755,100.0,false,Flat,N/A,Auction,false,2024-10-31 15:11:06,2024-11-07 15:11:06,N/A,N/A,https://i.ebayimg.com/thumbs/images/g/aCMAAOSwmO1nI54D/s-l140.jpg,https://i.ebayimg.com/00/s/MTYwMFgxMjAw/z/aCMAAOSwmO1nI54D/$_1.JPG,https://i.ebayimg.com/00/s/MTYwMFgxMjAw/z/aCMAAOSwmO1nI54D/$_3.JPG,https://www.ebay.com/itm/Christmas-Fairy-Drawing-/375755035430,EBAY-US
Ramon Santiago “Santa Claus” Hand-Signed & Dated 2001 small Art Print Excellent!,356230859124,99.0,USD,Used,Art Prints,poster-art,2962,100.0,false,Flat,7.7,FixedPrice,false,2024-11-06 15:58:09,2024-12-06 15:58:09,Poster Art,http://stores.ebay.com/Poster-Art,https://i.ebayimg.com/thumbs/images/g/rlcAAOSw1QxkF66v/s-l140.jpg,https://i.ebayimg.com/00/s/MTYwMFgxMjAw/z/rlcAAOSw1QxkF66v/$_1.JPG,https://i.ebayimg.com/00/s/MTYwMFgxMjAw/z/rlcAAOSw1QxkF66v/$_3.JPG,https://www.ebay.com/itm/Ramon-Santiago-Santa-Claus-Hand-Signed-Dated-2001-small-Art-Print-Excellent-/356230859124,EBAY-US
Merry Christmas - 1926 South Shore Line Vintage Travel Poster Print - 20x30,285846920391,18.95,USD,New,Art Posters,posters_past,2344,99.6,true,Flat,5.95,FixedPrice,false,2024-05-06 15:50:19,2024-11-06 16:50:19,PostersPast,http://stores.ebay.com/PostersPast,https://i.ebayimg.com/thumbs/images/g/8xQAAOSw-11mOPw0/s-l140.jpg,https://i.ebayimg.com/00/s/MTYwMFgxMTIw/z/8xQAAOSw-11mOPw0/$_1.JPG,https://i.ebayimg.com/00/s/MTYwMFgxMTIw/z/8xQAAOSw-11mOPw0/$_3.JPG,https://www.ebay.com/itm/Merry-Christmas-1926-South-Shore-Line-Vintage-Travel-Poster-Print-20x30-/285846920391,EBAY-US
PRINT ACEO Art Card Christmas Winter Snowman Limited Edition,387387932694,7.49,USD,New,Art Prints,true-colors,48,100.0,false,Free,0.0,FixedPrice,false,2024-09-14 14:49:47,2024-11-14 15:49:47,N/A,N/A,https://i.ebayimg.com/thumbs/images/g/9ZQAAOSwVDtm5aHJ/s-l140.jpg,https://i.ebayimg.com/00/s/ODAwWDU3Mw==/z/9ZQAAOSwVDtm5aHJ/$_1.JPG,https://i.ebayimg.com/00/s/ODAwWDU3Mw==/z/9ZQAAOSwVDtm5aHJ/$_3.JPG,https://www.ebay.com/itm/PRINT-ACEO-Art-Card-Christmas-Winter-Snowman-Limited-Edition-/387387932694,EBAY-US
Give War Bonds - Liberty and Peace - Christmas - WW2 Poster,305587245619,10.99,USD,New,Art Posters,lostislandtc,1782,99.9,true,Flat,5.99,FixedPrice,false,2024-05-26 19:27:36,2024-11-26 20:27:36,Lost Island Trading Company,http://stores.ebay.com/Lost-Island-Trading-Company,https://i.ebayimg.com/thumbs/images/g/hOYAAOSw~-hmU40j/s-l140.jpg,https://i.ebayimg.com/00/s/ODg3WDU5OQ==/z/hOYAAOSw~-hmU40j/$_1.JPG,https://i.ebayimg.com/00/s/ODg3WDU5OQ==/z/hOYAAOSw~-hmU40j/$_3.JPG,https://www.ebay.com/itm/Give-War-Bonds-Liberty-and-Peace-Christmas-WW2-Poster-/305587245619?var=604501960348,EBAY-US
PRINT ACEO Art Card Christmas Winter Snowman Limited Edition,387518176738,7.49,USD,New,Art Prints,true-colors,46,100.0,false,Free,0.0,FixedPrice,false,2024-10-21 14:48:20,2024-11-21 15:48:20,N/A,N/A,https://i.ebayimg.com/thumbs/images/g/r58AAOSwJfZnFmmX/s-l140.jpg,https://i.ebayimg.com/00/s/ODAwWDU3Mw==/z/r58AAOSwJfZnFmmX/$_1.JPG,https://i.ebayimg.com/00/s/ODAwWDU3Mw==/z/r58AAOSwJfZnFmmX/$_3.JPG,https://www.ebay.com/itm/PRINT-ACEO-Art-Card-Christmas-Winter-Snowman-Limited-Edition-/387518176738,EBAY-US
"Children watching Santa Kiss Mommy,  Christmas",255828366526,16.95,USD,N/A,Art Prints,clearwaterdelphinium,10821,99.2,false,Flat,5.0,FixedPrice,false,2022-11-15 03:51:17,2024-11-15 03:51:17,THEOLDFASHIONEDWAY,http://stores.ebay.com/THEOLDFASHIONEDWAY,https://i.ebayimg.com/thumbs/images/g/qjMAAOSwQiBZvvJJ/s-l140.jpg,https://i.ebayimg.com/00/s/MTAwMFg3NDQ=/z/qjMAAOSwQiBZvvJJ/$_1.JPG,https://i.ebayimg.com/00/s/MTAwMFg3NDQ=/z/qjMAAOSwQiBZvvJJ/$_3.JPG,https://www.ebay.com/itm/Children-watching-Santa-Kiss-Mommy-Christmas-/255828366526,EBAY-US
Santa Oil painting Printed on canvas Christmas Special Gifts Home Wall Art Decor,164524954696,8.16,USD,New,Art Prints,spring-art-777,2829,100.0,true,Free,0.0,FixedPrice,false,2020-11-20 03:21:14,2024-11-20 03:21:14,Spring Art Gallery,http://stores.ebay.com/Spring-Art-Gallery,https://i.ebayimg.com/thumbs/images/g/dUwAAOSw78Bla-5Z/s-l140.jpg,https://i.ebayimg.com/00/s/OTg3WDcxMA==/z/dUwAAOSw78Bla-5Z/$_1.JPG,https://i.ebayimg.com/00/s/OTg3WDcxMA==/z/dUwAAOSw78Bla-5Z/$_3.JPG,https://www.ebay.com/itm/Santa-Oil-painting-Printed-canvas-Christmas-Special-Gifts-Home-Wall-Art-Decor-/164524954696?var=0,EBAY-US
PRINT ACEO Art Card Snow Christmas Santa Claus Winter Limited Edition,387517942849,7.49,USD,New,Art Prints,true-colors,46,100.0,false,Free,0.0,FixedPrice,false,2024-10-21 13:21:56,2024-11-21 14:21:56,N/A,N/A,https://i.ebayimg.com/thumbs/images/g/ZokAAOSwbGRnFlVa/s-l140.jpg,https://i.ebayimg.com/00/s/ODAwWDU3Mw==/z/ZokAAOSwbGRnFlVa/$_1.JPG,https://i.ebayimg.com/00/s/ODAwWDU3Mw==/z/ZokAAOSwbGRnFlVa/$_3.JPG,https://www.ebay.com/itm/PRINT-ACEO-Art-Card-Snow-Christmas-Santa-Claus-Winter-Limited-Edition-/387517942849,EBAY-US
"Norman Rockwell print ""FREEDOM FROM WANT"" Thanksgiving Christmas dinner 11x14""",145324669953,6.97,USD,New,Art Prints,commonwealthpicker,14129,99.8,true,Flat,3.99,FixedPrice,false,2023-09-25 21:11:49,2024-11-25 22:11:49,Commonwealth Picker,http://stores.ebay.com/Commonwealth-Picker,https://i.ebayimg.com/thumbs/images/g/L9wAAOSwjXlfdPlJ/s-l140.jpg,https://i.ebayimg.com/00/s/MTYwMFgxNjAw/z/L9wAAOSwjXlfdPlJ/$_1.JPG,https://i.ebayimg.com/00/s/MTYwMFgxNjAw/z/L9wAAOSwjXlfdPlJ/$_3.JPG,https://www.ebay.com/itm/Norman-Rockwell-print-FREEDOM-WANT-Thanksgiving-Christmas-dinner-11x14-/145324669953,EBAY-US
ACEO Print  The 1st Day of Christmas  A Partridge in a Pear Tree,266530005627,7.49,USD,New,Art Prints,paintingsandtextiles,417,100.0,false,Calculated,N/A,FixedPrice,false,2023-11-24 17:44:40,2024-11-24 17:44:40,Regina's Art,http://stores.ebay.com/Reginas-Art,https://i.ebayimg.com/thumbs/images/g/hJ8AAOSwEONlXkK0/s-l140.jpg,https://i.ebayimg.com/00/s/MTYwMFgxMTIz/z/hJ8AAOSwEONlXkK0/$_1.JPG,https://i.ebayimg.com/00/s/MTYwMFgxMTIz/z/hJ8AAOSwEONlXkK0/$_3.JPG,https://www.ebay.com/itm/ACEO-Print-1st-Day-Christmas-Partridge-Pear-Tree-/266530005627,EBAY-US
"5x7"" Vintage Vibe Santa Claus Poses Christmas Tree Nostalgic Charm XMAS",126709366099,13.0,USD,New,Art Prints,papermaddogscar,2480,99.6,true,Free,0.0,FixedPrice,false,2024-10-06 17:20:50,2024-11-06 18:20:50,PaperMadDogScar,http://stores.ebay.com/PaperMadDogScar,https://i.ebayimg.com/thumbs/images/g/iZsAAOSwNWFmnDr5/s-l140.jpg,N/A,N/A,https://www.ebay.com/itm/5x7-Vintage-Vibe-Santa-Claus-Poses-Christmas-Tree-Nostalgic-Charm-XMAS-/126709366099,EBAY-US
NICK CHUBB REPRINT 8X10 PHOTO AUTOGRAPHED SIGNED CHRISTMAS MAN CAVE GIFT BROWNS,326129663727,9.95,USD,N/A,Art Prints,mondoduke,2373,99.5,false,Flat,5.0,FixedPrice,false,2024-05-16 22:05:17,2024-11-16 23:05:17,mondoduke,http://stores.ebay.com/mondoduke,https://i.ebayimg.com/thumbs/images/g/fwwAAOSwTOZmRoL0/s-l140.jpg,https://i.ebayimg.com/00/s/OTYwWDc2OQ==/z/fwwAAOSwTOZmRoL0/$_1.JPG,https://i.ebayimg.com/00/s/OTYwWDc2OQ==/z/fwwAAOSwTOZmRoL0/$_3.JPG,https://www.ebay.com/itm/NICK-CHUBB-REPRINT-8X10-PHOTO-AUTOGRAPHED-SIGNED-CHRISTMAS-MAN-CAVE-GIFT-BROWNS-/326129663727,EBAY-US
8x10 print OF PAINTING CHRISTMAS HALLOWEEN RYTA KRAMPUS SALEM BLACK CAT WITCH 🍁,394328649291,11.99,USD,New,Paintings,rytaray,11664,100.0,false,Flat,6.5,FixedPrice,false,2022-11-10 16:32:23,2024-11-10 16:32:23,rytaray,http://stores.ebay.com/rytaray,https://i.ebayimg.com/thumbs/images/g/uf8AAOSwLQRhhFL3/s-l140.jpg,https://i.ebayimg.com/00/s/Nzk5WDEwMDM=/z/uf8AAOSwLQRhhFL3/$_1.JPG,https://i.ebayimg.com/00/s/Nzk5WDEwMDM=/z/uf8AAOSwLQRhhFL3/$_3.JPG,https://www.ebay.com/itm/8x10-print-PAINTING-CHRISTMAS-HALLOWEEN-RYTA-KRAMPUS-SALEM-BLACK-CAT-WITCH-/394328649291,EBAY-US
"ELEGANT CAT ART PRINT, Victorian, Cottagecore Decor, Animal Portrait Poster E591",375758708390,7.5,USD,New,Art Prints,my-best-store,13569,100.0,true,Flat,5.95,FixedPrice,false,2024-11-02 02:31:17,2024-12-02 03:31:17,my-best-store-arts,http://stores.ebay.com/my-best-store-arts,https://i.ebayimg.com/thumbs/images/g/qaIAAOSwfUBnJO6n/s-l140.jpg,https://i.ebayimg.com/00/s/ODAwWDU0Nw==/z/qaIAAOSwfUBnJO6n/$_1.JPG,https://i.ebayimg.com/00/s/ODAwWDU0Nw==/z/qaIAAOSwfUBnJO6n/$_3.JPG,https://www.ebay.com/itm/ELEGANT-CAT-ART-PRINT-Victorian-Cottagecore-Decor-Animal-Portrait-Poster-E591-/375758708390?var=644650534113,EBAY-US
JINGLE CRUISE CHRISTMAS DISNEY WORLD - POSTER - BUY ANY 2 GET ANY 1 FREE!!,163676755149,11.75,USD,New,Art Posters,relative_pirate,10306,99.5,true,Free,0.0,FixedPrice,false,2019-05-04 20:10:36,2024-12-04 21:10:36,Just Stuff Posters,http://stores.ebay.com/Just-Stuff-Posters,https://i.ebayimg.com/thumbs/images/g/dqYAAOSwo9Firqjw/s-l140.jpg,https://i.ebayimg.com/00/s/MTAwMFg2Njc=/z/dqYAAOSwo9Firqjw/$_1.JPG,https://i.ebayimg.com/00/s/MTAwMFg2Njc=/z/dqYAAOSwo9Firqjw/$_3.JPG,https://www.ebay.com/itm/JINGLE-CRUISE-CHRISTMAS-DISNEY-WORLD-POSTER-BUY-ANY-2-GET-ANY-1-FREE-/163676755149?var=0,EBAY-US
Christmas Deer Diamond Painting Kits For Adults Diamond Art Kits For Kids 5D DIY,395726679377,15.99,USD,New,Paintings,*prime-finds*,124,100.0,false,Free,0.0,FixedPrice,false,2024-09-25 21:13:07,2024-11-25 22:13:07,PRİME FİNDS,http://stores.ebay.com/PR-ME-F-NDS,https://i.ebayimg.com/thumbs/images/g/zHoAAOSwWQ1m9Hzq/s-l140.jpg,https://i.ebayimg.com/00/s/MTQ5OFgxNTAw/z/zHoAAOSwWQ1m9Hzq/$_1.JPG,https://i.ebayimg.com/00/s/MTQ5OFgxNTAw/z/zHoAAOSwWQ1m9Hzq/$_3.JPG,https://www.ebay.com/itm/Christmas-Deer-Diamond-Painting-Kits-Adults-Diamond-Art-Kits-Kids-5D-DIY-/395726679377,EBAY-US
"2.5 x 3.5 inches, ACEO watercolor  by PJ, title: cats Christmas list",126762913580,3.5,USD,New,Paintings,hearingheaven3759,1420,100.0,false,Free,0.0,AuctionWithBIN,true,2024-11-06 13:46:33,2024-11-11 13:46:33,Hearingheaven,http://stores.ebay.com/Hearingheaven,https://i.ebayimg.com/thumbs/images/g/7lMAAOSwBYVnK3MA/s-l140.jpg,https://i.ebayimg.com/00/s/MTYwMFgxMjAw/z/7lMAAOSwBYVnK3MA/$_1.JPG,https://i.ebayimg.com/00/s/MTYwMFgxMjAw/z/7lMAAOSwBYVnK3MA/$_3.JPG,https://www.ebay.com/itm/2-5-x-3-5-inches-ACEO-watercolor-PJ-title-cats-Christmas-list-/126762913580,EBAY-US
BRAD DOURIF REPRINT PHOTO 8X10 SIGNED AUTOGRAPHED CHRISTMAS MAN CAVE GIFT,135075075309,9.49,USD,N/A,Art Prints,flipflopnation2020,1992,100.0,false,Flat,5.0,FixedPrice,false,2024-05-25 14:44:26,2024-11-25 15:44:26,flipflopnation722,http://stores.ebay.com/flipflopnation722,https://i.ebayimg.com/thumbs/images/g/is8AAOSw74NmUfkv/s-l140.jpg,https://i.ebayimg.com/00/s/MTI4NFgxNjAw/z/is8AAOSw74NmUfkv/$_1.JPG,https://i.ebayimg.com/00/s/MTI4NFgxNjAw/z/is8AAOSw74NmUfkv/$_3.JPG,https://www.ebay.com/itm/BRAD-DOURIF-REPRINT-PHOTO-8X10-SIGNED-AUTOGRAPHED-CHRISTMAS-MAN-CAVE-GIFT-/135075075309,EBAY-US
Christmas House Decorating Yard Trees  Lights by Edna Eicke,256694453613,17.95,USD,N/A,Art Prints,clearwaterdelphinium,10828,99.2,false,Flat,5.0,FixedPrice,false,2024-10-29 14:09:11,2024-11-29 15:09:11,THEOLDFASHIONEDWAY,http://stores.ebay.com/THEOLDFASHIONEDWAY,https://i.ebayimg.com/thumbs/images/g/BHcAAOSw9ixjoRda/s-l140.jpg,https://i.ebayimg.com/00/s/MTA2MFg3OTI=/z/BHcAAOSw9ixjoRda/$_1.JPG,https://i.ebayimg.com/00/s/MTA2MFg3OTI=/z/BHcAAOSw9ixjoRda/$_3.JPG,https://www.ebay.com/itm/Christmas-House-Decorating-Yard-Trees-Lights-Edna-Eicke-/256694453613,EBAY-US
"CHRISTMAS VACATION - MOVIE POSTER 11""X17"" OR 12""X18"" BUY ANY 2 GET ANY 1 FREE!!",166890737820,11.75,USD,New,Art Posters,relative_pirate,10297,99.5,true,Free,0.0,FixedPrice,false,2024-07-28 17:24:32,2024-11-28 18:24:32,Just Stuff Posters,http://stores.ebay.com/Just-Stuff-Posters,https://i.ebayimg.com/thumbs/images/g/P-8AAOSwM3tjaT8N/s-l140.jpg,https://i.ebayimg.com/00/s/MTAwMFg2Njc=/z/P-8AAOSwM3tjaT8N/$_1.JPG,https://i.ebayimg.com/00/s/MTAwMFg2Njc=/z/P-8AAOSwM3tjaT8N/$_3.JPG,https://www.ebay.com/itm/CHRISTMAS-VACATION-MOVIE-POSTER-11-X17-12-X18-BUY-ANY-2-GET-ANY-1-FREE-/166890737820?var=0,EBAY-US
Santa in Workshop Building Toys Christmas Time,373741798235,15.95,USD,N/A,Art Prints,clearwaterdelphinium,10835,99.2,false,Flat,5.0,FixedPrice,false,2021-10-01 16:18:21,2024-12-01 17:18:21,THEOLDFASHIONEDWAY,http://stores.ebay.com/THEOLDFASHIONEDWAY,https://i.ebayimg.com/thumbs/images/g/ptYAAOSwXLpZ0Zta/s-l140.jpg,https://i.ebayimg.com/00/s/MTAxMlg3OTI=/z/ptYAAOSwXLpZ0Zta/$_1.JPG,https://i.ebayimg.com/00/s/MTAxMlg3OTI=/z/ptYAAOSwXLpZ0Zta/$_3.JPG,https://www.ebay.com/itm/Santa-Workshop-Building-Toys-Christmas-Time-/373741798235,EBAY-US
Deer in a Winter Landscape Antique Painting Giclee Print on Fine Art Paper,156242713188,14.99,USD,New,Art Prints,annaprintsco,271,100.0,true,Free,0.0,FixedPrice,false,2024-06-12 07:00:00,2024-11-12 08:00:00,AnnaPrintsCo,http://stores.ebay.com/AnnaPrintsCo,https://i.ebayimg.com/thumbs/images/g/PgAAAOSwF79mX6B9/s-l140.jpg,https://i.ebayimg.com/00/s/MTUwMFgxMjAw/z/PgAAAOSwF79mX6B9/$_1.JPG,https://i.ebayimg.com/00/s/MTUwMFgxMjAw/z/PgAAAOSwF79mX6B9/$_3.JPG,https://www.ebay.com/itm/Deer-Winter-Landscape-Antique-Painting-Giclee-Print-Fine-Art-Paper-/156242713188?var=0,EBAY-US
JENNA FISCHER REPRINT PHOTO 8X10 SIGNED AUTOGRAPHED CHRISTMAS MAN CAVE GIFT,134885362508,9.49,USD,N/A,Art Prints,flipflopnation2020,1992,100.0,false,Flat,5.0,FixedPrice,false,2024-01-10 03:38:07,2024-11-10 03:38:07,flipflopnation722,http://stores.ebay.com/flipflopnation722,https://i.ebayimg.com/thumbs/images/g/3HgAAOSwYQplnhEF/s-l140.jpg,https://i.ebayimg.com/00/s/NzYxWDk2MA==/z/3HgAAOSwYQplnhEF/$_1.JPG,https://i.ebayimg.com/00/s/NzYxWDk2MA==/z/3HgAAOSwYQplnhEF/$_3.JPG,https://www.ebay.com/itm/JENNA-FISCHER-REPRINT-PHOTO-8X10-SIGNED-AUTOGRAPHED-CHRISTMAS-MAN-CAVE-GIFT-/134885362508,EBAY-US
"Cyndi Lauper Girl Just Wanna Have Fun Farewell 2024 Poster, Custom Date and City",356140739364,11.88,USD,New,Art Posters,sampathr_22,68,100.0,false,Flat,5.99,FixedPrice,false,2024-10-12 08:37:50,2024-11-12 09:37:50,N/A,N/A,https://i.ebayimg.com/thumbs/images/g/boEAAOSwXVlnCjU0/s-l140.jpg,https://i.ebayimg.com/00/s/MTM4NlgxNjAw/z/boEAAOSwXVlnCjU0/$_1.JPG,https://i.ebayimg.com/00/s/MTM4NlgxNjAw/z/boEAAOSwXVlnCjU0/$_3.JPG,https://www.ebay.com/itm/Cyndi-Lauper-Girl-Just-Wanna-Have-Fun-Farewell-2024-Poster-Custom-Date-and-City-/356140739364?var=625159061107,EBAY-US
"5x7""  Santa Claus & Bunnies Festive joy with two adorable rabbits",126531125503,13.0,USD,New,Art Prints,papermaddogscar,2480,99.6,true,Free,0.0,FixedPrice,false,2024-06-15 17:19:24,2024-11-15 18:19:24,PaperMadDogScar,http://stores.ebay.com/PaperMadDogScar,https://i.ebayimg.com/thumbs/images/g/OBgAAOSw-vFldFTy/s-l140.jpg,N/A,N/A,https://www.ebay.com/itm/5x7-Santa-Claus-Bunnies-Festive-joy-two-adorable-rabbits-/126531125503,EBAY-US
ACEO Print 8th Day of Christmas Eight Maids A Milking,266530013293,7.49,USD,New,Art Prints,paintingsandtextiles,417,100.0,false,Calculated,N/A,FixedPrice,false,2023-11-24 17:52:01,2024-11-24 17:52:01,Regina's Art,http://stores.ebay.com/Reginas-Art,https://i.ebayimg.com/thumbs/images/g/CXEAAOSw-YdlYMQt/s-l140.jpg,https://i.ebayimg.com/00/s/NzUwWDEwNTI=/z/CXEAAOSw-YdlYMQt/$_1.JPG,https://i.ebayimg.com/00/s/NzUwWDEwNTI=/z/CXEAAOSw-YdlYMQt/$_3.JPG,https://www.ebay.com/itm/ACEO-Print-8th-Day-Christmas-Eight-Maids-Milking-/266530013293,EBAY-US
Family around  tree Silent Christmas Night by Viggo Johanson,374321098002,16.95,USD,N/A,Art Prints,clearwaterdelphinium,10826,99.2,false,Flat,5.0,FixedPrice,false,2022-10-25 15:44:20,2024-11-25 16:44:20,THEOLDFASHIONEDWAY,http://stores.ebay.com/THEOLDFASHIONEDWAY,https://i.ebayimg.com/thumbs/images/g/rlAAAOSw4PxZ~jLz/s-l140.jpg,https://i.ebayimg.com/00/s/NzA2WDkwMA==/z/rlAAAOSw4PxZ~jLz/$_1.JPG,https://i.ebayimg.com/00/s/NzA2WDkwMA==/z/rlAAAOSw4PxZ~jLz/$_3.JPG,https://www.ebay.com/itm/Family-around-tree-Silent-Christmas-Night-Viggo-Johanson-/374321098002,EBAY-US
"Black & White Scotch Whisky ""Happy Christmas"" Vintage Drink Advertising Poster",184985697005,24.99,USD,New,Art Posters,paris1903poster,1037,100.0,false,Free,0.0,FixedPrice,false,2021-08-06 17:43:50,2024-11-06 18:43:50,Paris1903Poster,http://stores.ebay.com/Paris1903Poster,https://i.ebayimg.com/thumbs/images/g/bU8AAOSwiX1hDXRd/s-l140.jpg,https://i.ebayimg.com/00/s/MTA1NVg3MjA=/z/bU8AAOSwiX1hDXRd/$_1.JPG,https://i.ebayimg.com/00/s/MTA1NVg3MjA=/z/bU8AAOSwiX1hDXRd/$_3.JPG,https://www.ebay.com/itm/Black-White-Scotch-Whisky-Happy-Christmas-Vintage-Drink-Advertising-Poster-/184985697005?var=0,EBAY-US
"Santa read lists and Eves, and Toys and Reindeer  Christmas  by Geo Hinke",375760117489,17.95,USD,N/A,Art Prints,clearwaterdelphinium,10837,99.2,false,Flat,5.0,FixedPrice,false,2024-11-02 17:01:39,2024-12-02 18:01:39,THEOLDFASHIONEDWAY,http://stores.ebay.com/THEOLDFASHIONEDWAY,https://i.ebayimg.com/thumbs/images/g/gEEAAOSw8H1nJlqW/s-l140.jpg,https://i.ebayimg.com/00/s/MTAxN1gxNjAw/z/gEEAAOSw8H1nJlqW/$_1.JPG,https://i.ebayimg.com/00/s/MTAxN1gxNjAw/z/gEEAAOSw8H1nJlqW/$_3.JPG,https://www.ebay.com/itm/Santa-read-lists-and-Eves-and-Toys-and-Reindeer-Christmas-Geo-Hinke-/375760117489,EBAY-US
Ramon Santiago “SANTA CLAUS” Hand-Signed & Dated 2000 small Art Print Excellent!,267054775532,99.0,USD,Used,Art Prints,poster-art,2962,100.0,false,Flat,6.95,FixedPrice,false,2024-11-06 16:00:07,2024-12-06 16:00:07,Poster Art,http://stores.ebay.com/Poster-Art,https://i.ebayimg.com/thumbs/images/g/b64AAOSw--NmO2rM/s-l140.jpg,https://i.ebayimg.com/00/s/MTYwMFgxMjAw/z/b64AAOSw--NmO2rM/$_1.JPG,https://i.ebayimg.com/00/s/MTYwMFgxMjAw/z/b64AAOSw--NmO2rM/$_3.JPG,https://www.ebay.com/itm/Ramon-Santiago-SANTA-CLAUS-Hand-Signed-Dated-2000-small-Art-Print-Excellent-/267054775532,EBAY-US
Vintage CHRISTMAS SANTA POSTER Marjorie M Cooper Large 36” x 76” Store Sized,167057268700,99.99,USD,Used,Art Posters,yovi_shoppe,730,99.6,true,Calculated,N/A,Auction,false,2024-10-31 18:32:08,2024-11-07 19:32:08,Ye Olde Varied Interests Shoppe,http://stores.ebay.com/Ye-Olde-Varied-Interests-Shoppe,https://i.ebayimg.com/thumbs/images/g/ZbgAAOSw2LZnI8r0/s-l140.jpg,https://i.ebayimg.com/00/s/MTYwMFg4MzY=/z/ZbgAAOSw2LZnI8r0/$_1.JPG,https://i.ebayimg.com/00/s/MTYwMFg4MzY=/z/ZbgAAOSw2LZnI8r0/$_3.JPG,https://www.ebay.com/itm/Vintage-CHRISTMAS-SANTA-POSTER-Marjorie-M-Cooper-Large-36-x-76-Store-Sized-/167057268700,EBAY-US
The Beatles 8th December Concert Vintage Unframed Poster,404546891440,12.99,USD,New,Art Posters,nirankatsan_0,26,100.0,false,Flat,5.98,FixedPrice,false,2023-10-13 08:03:47,2024-11-13 09:03:47,N/A,N/A,https://i.ebayimg.com/thumbs/images/g/ffkAAOSwI-RlKPlb/s-l140.jpg,https://i.ebayimg.com/00/s/Njc4WDc5NA==/z/ffkAAOSwI-RlKPlb/$_1.JPG,https://i.ebayimg.com/00/s/Njc4WDc5NA==/z/ffkAAOSwI-RlKPlb/$_3.JPG,https://www.ebay.com/itm/Beatles-8th-December-Concert-Vintage-Unframed-Poster-/404546891440?var=0,EBAY-US
Jack Skellington Dictionary Art Print Book Picture Nightmare before Christmas,321709068799,6.38,USD,N/A,Art Prints,blackcatz_artprints,10534,100.0,false,Free,0.0,FixedPrice,false,2015-03-28 16:00:04,2024-11-28 17:00:04,blackcatz_artprints,http://stores.ebay.com/blackcatz-artprints,https://i.ebayimg.com/thumbs/images/g/gRUAAOSwDNdVlYkE/s-l140.jpg,https://i.ebayimg.com/00/s/MTYwMFgxMjgw/z/gRUAAOSwDNdVlYkE/$_1.JPG,https://i.ebayimg.com/00/s/MTYwMFgxMjgw/z/gRUAAOSwDNdVlYkE/$_3.JPG,https://www.ebay.com/itm/Jack-Skellington-Dictionary-Art-Print-Book-Picture-Nightmare-before-Christmas-/321709068799,EBAY-US
ACEO Print The 12th Day of Christmas Twelve Drummers Drumming,266530100615,7.49,USD,New,Art Prints,paintingsandtextiles,417,100.0,false,Calculated,N/A,FixedPrice,false,2023-11-24 18:58:48,2024-11-24 18:58:48,Regina's Art,http://stores.ebay.com/Reginas-Art,https://i.ebayimg.com/thumbs/images/g/y0gAAOSwTnZlYNxO/s-l140.jpg,https://i.ebayimg.com/00/s/NzUwWDEwNTI=/z/y0gAAOSwTnZlYNxO/$_1.JPG,https://i.ebayimg.com/00/s/NzUwWDEwNTI=/z/y0gAAOSwTnZlYNxO/$_3.JPG,https://www.ebay.com/itm/ACEO-Print-12th-Day-Christmas-Twelve-Drummers-Drumming-/266530100615,EBAY-US
Original Acrylics Bumble Bee Painted on Rock  by Janet Hufnagle Stone  Christmas,305889869546,12.99,USD,New,Paintings,janethufnagle,743,100.0,false,Free,0.0,FixedPrice,false,2024-11-06 13:39:23,2024-12-06 13:39:23,Janet Hufnagle,http://stores.ebay.com/Janet-Hufnagle,https://i.ebayimg.com/thumbs/images/g/iYoAAOSwpFpnK2~T/s-l140.jpg,https://i.ebayimg.com/00/s/NzIxWDczNg==/z/iYoAAOSwpFpnK2~T/$_1.JPG,https://i.ebayimg.com/00/s/NzIxWDczNg==/z/iYoAAOSwpFpnK2~T/$_3.JPG,https://www.ebay.com/itm/Original-Acrylics-Bumble-Bee-Painted-Rock-Janet-Hufnagle-Stone-Christmas-/305889869546,EBAY-US
"Winter Reflections, Beautiful Vintage William Thompson 5x7 Landscape Print",196716373885,7.99,USD,Used,Art Prints,calendarart,5982,100.0,true,FlatDomesticCalculatedInternational,4.99,FixedPrice,false,2024-10-14 22:00:01,2024-11-14 23:00:01,The Calendar Art Man Vintage Prints,http://stores.ebay.com/The-Calendar-Art-Man-Vintage-Prints,https://i.ebayimg.com/thumbs/images/g/q2AAAOSwwYVnCTgc/s-l140.jpg,https://i.ebayimg.com/00/s/MTYwMFgxMTkx/z/q2AAAOSwwYVnCTgc/$_1.JPG,https://i.ebayimg.com/00/s/MTYwMFgxMTkx/z/q2AAAOSwwYVnCTgc/$_3.JPG,https://www.ebay.com/itm/Winter-Reflections-Beautiful-Vintage-William-Thompson-5x7-Landscape-Print-/196716373885,EBAY-US
1989 National Lampoon's Christmas Vacation Print Clark Griswold Eddie 🎄🎅🎄,224624802281,3.47,USD,New,Art Posters,cwstradingcards,33205,98.2,false,Free,0.0,FixedPrice,false,2021-09-26 21:51:41,2024-11-26 22:51:41,charliewharliestradingcards,http://stores.ebay.com/charliewharliestradingcards,https://i.ebayimg.com/thumbs/images/g/GtsAAOSwEbthUOtJ/s-l140.jpg,https://i.ebayimg.com/00/s/MTEzMFg4NDc=/z/GtsAAOSwEbthUOtJ/$_1.JPG,https://i.ebayimg.com/00/s/MTEzMFg4NDc=/z/GtsAAOSwEbthUOtJ/$_3.JPG,https://www.ebay.com/itm/1989-National-Lampoons-Christmas-Vacation-Print-Clark-Griswold-Eddie-/224624802281,EBAY-US
Christmas House 1 by EDNA EICKE,256694453603,17.95,USD,New,Art Prints,clearwaterdelphinium,10828,99.2,false,Flat,5.0,FixedPrice,false,2024-10-29 14:09:10,2024-11-29 15:09:10,THEOLDFASHIONEDWAY,http://stores.ebay.com/THEOLDFASHIONEDWAY,https://i.ebayimg.com/thumbs/images/g/ZnUAAOSwqAtjcwEU/s-l140.jpg,https://i.ebayimg.com/00/s/MTA3NFg3OTI=/z/ZnUAAOSwqAtjcwEU/$_1.JPG,https://i.ebayimg.com/00/s/MTA3NFg3OTI=/z/ZnUAAOSwqAtjcwEU/$_3.JPG,https://www.ebay.com/itm/Christmas-House-1-EDNA-EICKE-/256694453603,EBAY-US
Christmas Jewelry Art Picture,405330652914,135.0,USD,New,Mixed Media Art & Collage Art,alco_1030,85,100.0,false,Free,0.0,FixedPrice,false,2024-11-06 06:03:51,2024-12-06 06:03:51,N/A,N/A,https://i.ebayimg.com/thumbs/images/g/PjkAAOSwC9hnKwSO/s-l140.jpg,https://i.ebayimg.com/00/s/ODkyWDcyMQ==/z/PjkAAOSwC9hnKwSO/$_1.JPG,https://i.ebayimg.com/00/s/ODkyWDcyMQ==/z/PjkAAOSwC9hnKwSO/$_3.JPG,https://www.ebay.com/itm/Christmas-Jewelry-Art-Picture-/405330652914,EBAY-US
Vintage Pin-up Girls Trimming the Christmas Tree - Vintage Art Print,121837990152,10.0,USD,New,Art Prints,timedetective,6255,97.4,true,Flat,4.5,FixedPrice,false,2015-12-11 14:41:45,2024-11-11 14:41:45,The Time Detective Gallery,http://stores.ebay.com/The-Time-Detective-Gallery,https://i.ebayimg.com/thumbs/images/g/JZUAAOSwcOFWauA2/s-l140.jpg,https://i.ebayimg.com/00/s/MTYwMFgxMjM0/z/JZUAAOSwcOFWauA2/$_1.JPG,https://i.ebayimg.com/00/s/MTYwMFgxMjM0/z/JZUAAOSwcOFWauA2/$_3.JPG,https://www.ebay.com/itm/Vintage-Pin-up-Girls-Trimming-Christmas-Tree-Vintage-Art-Print-/121837990152,EBAY-US
Santa And Friends Guinness Time Christmas Time Vintage Poster Print Retro Style,256501270643,20.12,USD,New,Art Posters,vintageposterprints,2245,99.3,false,Free,0.0,FixedPrice,false,2024-05-05 13:58:07,2024-12-05 14:58:07,Charm City Posters,http://stores.ebay.com/Charm-City-Posters,https://i.ebayimg.com/thumbs/images/g/bsIAAOSwjchdhXkR/s-l140.jpg,https://i.ebayimg.com/00/s/MTYwMFgxMDMx/z/bsIAAOSwjchdhXkR/$_1.JPG,https://i.ebayimg.com/00/s/MTYwMFgxMDMx/z/bsIAAOSwjchdhXkR/$_3.JPG,https://www.ebay.com/itm/Santa-And-Friends-Guinness-Time-Christmas-Time-Vintage-Poster-Print-Retro-Style-/256501270643?var=0,EBAY-US
JERRY GARCIA grateful dead CHRISTMAS CARD with envelope 2015 poster print Z,363912479922,2.99,USD,N/A,Art Prints,geecue,72953,99.5,false,Flat,4.95,FixedPrice,false,2022-07-17 21:09:52,2024-11-17 22:09:52,Geecue's CDs Records and Band Merch,http://stores.ebay.com/Geecues-CDs-Records-and-Band-Merch,https://i.ebayimg.com/thumbs/images/g/-jsAAOSwLQVi1Hmr/s-l140.jpg,https://i.ebayimg.com/00/s/MTIwMFgxNTk5/z/-jsAAOSwLQVi1Hmr/$_1.JPG,https://i.ebayimg.com/00/s/MTIwMFgxNTk5/z/-jsAAOSwLQVi1Hmr/$_3.JPG,https://www.ebay.com/itm/JERRY-GARCIA-grateful-dead-CHRISTMAS-CARD-envelope-2015-poster-print-Z-/363912479922,EBAY-US
Christmas Tree Framed Poster - Vintage Artwork Print (2),395873857568,29.0,USD,New,Other Art,theologein_atelier,5,100.0,false,Free,0.0,FixedPrice,false,2024-11-06 13:10:10,2024-12-06 13:10:10,N/A,N/A,https://i.ebayimg.com/thumbs/images/g/M-kAAOSwTUJnK2qe/s-l140.jpg,https://i.ebayimg.com/00/s/MTAwMFgxMDAw/z/M-kAAOSwTUJnK2qe/$_1.JPG,https://i.ebayimg.com/00/s/MTAwMFgxMDAw/z/M-kAAOSwTUJnK2qe/$_3.JPG,https://www.ebay.com/itm/Christmas-Tree-Framed-Poster-Vintage-Artwork-Print-2-/395873857568?var=0,EBAY-US
Nightmare Before Christmas Jack and Sally drinking coffee Vintage  art print,285634280732,5.99,USD,New,Art Prints,mossandmagics,148,100.0,false,Calculated,N/A,FixedPrice,false,2024-01-02 09:23:00,2024-12-02 09:23:00,MossAndMagics,http://stores.ebay.com/MossAndMagics,https://i.ebayimg.com/thumbs/images/g/0TEAAOSwOsZlk9XV/s-l140.jpg,https://i.ebayimg.com/00/s/NTcwWDU3MA==/z/0TEAAOSwOsZlk9XV/$_1.JPG,https://i.ebayimg.com/00/s/NTcwWDU3MA==/z/0TEAAOSwOsZlk9XV/$_3.JPG,https://www.ebay.com/itm/Nightmare-Before-Christmas-Jack-and-Sally-drinking-coffee-Vintage-art-print-/285634280732,EBAY-US
"4x6""  Krampus Evil Santa Christmas Weird Festive Scary Unusual Creepy XMAS",126531415148,10.0,USD,New,Art Prints,papermaddogscar,2480,99.6,true,Free,0.0,FixedPrice,false,2024-06-15 22:50:12,2024-11-15 23:50:12,PaperMadDogScar,http://stores.ebay.com/PaperMadDogScar,https://i.ebayimg.com/thumbs/images/g/5-sAAOSwLmpmHuLw/s-l140.jpg,N/A,N/A,https://www.ebay.com/itm/4x6-Krampus-Evil-Santa-Christmas-Weird-Festive-Scary-Unusual-Creepy-XMAS-/126531415148,EBAY-US
Abstract Art Drawings with colored pencils (Print) Others Sold Series Are B&W080,395862837584,0.01,USD,New,Art Drawings,kbp859,1,100.0,false,Flat,0.65,AuctionWithBIN,true,2024-11-03 15:59:44,2024-11-10 15:59:44,N/A,N/A,https://i.ebayimg.com/thumbs/images/g/57AAAOSwFfVnAXH5/s-l140.jpg,https://i.ebayimg.com/00/s/MTMxN1g5OTQ=/z/57AAAOSwFfVnAXH5/$_1.JPG,https://i.ebayimg.com/00/s/MTMxN1g5OTQ=/z/57AAAOSwFfVnAXH5/$_3.JPG,https://www.ebay.com/itm/Abstract-Art-Drawings-colored-pencils-Print-Others-Sold-Series-B-W080-/395862837584,EBAY-US
"Charles M. Russell , Christmas Party at the Ranch",255880929095,16.95,USD,N/A,Art Prints,clearwaterdelphinium,10821,99.2,false,Flat,5.0,FixedPrice,false,2022-12-16 00:30:49,2024-11-16 00:30:49,THEOLDFASHIONEDWAY,http://stores.ebay.com/THEOLDFASHIONEDWAY,https://i.ebayimg.com/thumbs/images/g/45wAAOSwXqpd2uL-/s-l140.jpg,https://i.ebayimg.com/00/s/NjMzWDEwMDA=/z/45wAAOSwXqpd2uL-/$_1.JPG,https://i.ebayimg.com/00/s/NjMzWDEwMDA=/z/45wAAOSwXqpd2uL-/$_3.JPG,https://www.ebay.com/itm/Charles-M-Russell-Christmas-Party-Ranch-/255880929095,EBAY-US
ACEO Print The 11th Day of Christmas Eleven Pipers Piping,266530100311,7.49,USD,New,Art Prints,paintingsandtextiles,417,100.0,false,Calculated,N/A,FixedPrice,false,2023-11-24 18:58:25,2024-11-24 18:58:25,Regina's Art,http://stores.ebay.com/Reginas-Art,https://i.ebayimg.com/thumbs/images/g/glcAAOSwmv5lYNss/s-l140.jpg,https://i.ebayimg.com/00/s/NzUwWDEwNTI=/z/glcAAOSwmv5lYNss/$_1.JPG,https://i.ebayimg.com/00/s/NzUwWDEwNTI=/z/glcAAOSwmv5lYNss/$_3.JPG,https://www.ebay.com/itm/ACEO-Print-11th-Day-Christmas-Eleven-Pipers-Piping-/266530100311,EBAY-US
"ACEO Print ""The 3rd Day of Christmas Three French Hens""",266844747115,7.49,USD,New,Art Prints,paintingsandtextiles,418,100.0,false,Free,0.0,FixedPrice,false,2024-06-04 17:42:32,2024-12-04 18:42:32,Regina's Art,http://stores.ebay.com/Reginas-Art,https://i.ebayimg.com/thumbs/images/g/VAIAAOSwkv9lX3Fq/s-l140.jpg,https://i.ebayimg.com/00/s/MTA1M1g3NDk=/z/VAIAAOSwkv9lX3Fq/$_1.JPG,https://i.ebayimg.com/00/s/MTA1M1g3NDk=/z/VAIAAOSwkv9lX3Fq/$_3.JPG,https://www.ebay.com/itm/ACEO-Print-The-3rd-Day-Christmas-Three-French-Hens-/266844747115,EBAY-US
Digital Image Art Pic Card Merry Christmas Wallpaper Desktop Background Decor,387399948377,0.99,USD,New,Art Photographs,irtikho_95,89,99.1,false,Free,0.0,FixedPrice,false,2024-09-18 13:30:16,2024-11-18 14:30:16,N/A,N/A,https://i.ebayimg.com/thumbs/images/g/t-AAAOSwzWdm6tSS/s-l140.jpg,https://i.ebayimg.com/00/s/MTAyNFgxMDI0/z/t-AAAOSwzWdm6tSS/$_1.JPG,https://i.ebayimg.com/00/s/MTAyNFgxMDI0/z/t-AAAOSwzWdm6tSS/$_3.JPG,https://www.ebay.com/itm/Digital-Image-Art-Pic-Card-Merry-Christmas-Wallpaper-Desktop-Background-Decor-/387399948377,EBAY-US
Hot Manga Beautiful Girl Christmas Anime Art Print Wall Scroll Poster Decor,314477391603,10.99,USD,New,Art Posters,goodok101,324,98.7,true,Free,0.0,FixedPrice,false,2023-03-22 01:40:15,2024-11-22 02:40:15,goodok101,http://stores.ebay.com/goodok101,https://i.ebayimg.com/thumbs/images/g/iJAAAOSwTo9kGlx2/s-l140.jpg,https://i.ebayimg.com/00/s/ODAwWDgwMA==/z/iJAAAOSwTo9kGlx2/$_1.JPG,https://i.ebayimg.com/00/s/ODAwWDgwMA==/z/iJAAAOSwTo9kGlx2/$_3.JPG,https://www.ebay.com/itm/Hot-Manga-Beautiful-Girl-Christmas-Anime-Art-Print-Wall-Scroll-Poster-Decor-/314477391603?var=0,EBAY-US
"Norman Rockwell Thanksgiving Christmas travel print: ""UNION STATION, CHICAGO""",203060051274,4.99,USD,N/A,Art Prints,cg-20,8117,99.1,false,Flat,3.95,FixedPrice,false,2020-07-27 19:49:36,2024-11-27 20:49:36,Norman Rockwell Prints,http://stores.ebay.com/Norman-Rockwell-Prints,https://i.ebayimg.com/thumbs/images/g/xCEAAOSwg3FUdy8j/s-l140.jpg,https://i.ebayimg.com/00/s/MTYwMFgxMTYx/z/xCEAAOSwg3FUdy8j/$_1.JPG,https://i.ebayimg.com/00/s/MTYwMFgxMTYx/z/xCEAAOSwg3FUdy8j/$_3.JPG,https://www.ebay.com/itm/Norman-Rockwell-Thanksgiving-Christmas-travel-print-UNION-STATION-CHICAGO-/203060051274,EBAY-US
CHRISTMAS CAROUSEL MERMAID NOTE CARDS from Original Watercolors by Grimshaw,373820392850,7.5,USD,N/A,Other Art,camillioncreations,3149,100.0,false,Flat,5.0,FixedPrice,false,2021-12-09 00:37:27,2024-11-09 00:37:27,Camillion Creations Art Gallery,http://stores.ebay.com/Camillion-Creations-Art-Gallery,https://i.ebayimg.com/thumbs/images/g/wrgAAOSwUrZhsU-d/s-l140.jpg,https://i.ebayimg.com/00/s/MTAwMFgxMTA3/z/wrgAAOSwUrZhsU-d/$_1.JPG,https://i.ebayimg.com/00/s/MTAwMFgxMTA3/z/wrgAAOSwUrZhsU-d/$_3.JPG,https://www.ebay.com/itm/CHRISTMAS-CAROUSEL-MERMAID-NOTE-CARDS-Original-Watercolors-Grimshaw-/373820392850,EBAY-US
"Jeff-Lynne's ELO Signature FINAL 2024 Poster, Custom Date and City Tour",356133191671,11.88,USD,New,Art Posters,sampathr_22,78,100.0,false,Flat,5.99,FixedPrice,false,2024-10-10 07:37:32,2024-11-10 08:37:32,N/A,N/A,https://i.ebayimg.com/thumbs/images/g/UzwAAOSwUhlnB4QX/s-l140.jpg,https://i.ebayimg.com/00/s/MTMwMFgxNTAw/z/UzwAAOSwUhlnB4QX/$_1.JPG,https://i.ebayimg.com/00/s/MTMwMFgxNTAw/z/UzwAAOSwUhlnB4QX/$_3.JPG,https://www.ebay.com/itm/Jeff-Lynnes-ELO-Signature-FINAL-2024-Poster-Custom-Date-and-City-Tour-/356133191671?var=0,EBAY-US
"Opeth North American Tour 2024 Poster, 2025 Tour Poster, Custom Date and City",356209107509,11.88,USD,New,Art Posters,sampathr_22,79,100.0,false,Flat,5.99,FixedPrice,false,2024-10-31 07:37:48,2024-11-30 08:37:48,N/A,N/A,https://i.ebayimg.com/thumbs/images/g/dLIAAOSw8K9nIzOj/s-l140.jpg,https://i.ebayimg.com/00/s/MTM4NlgxNjAw/z/dLIAAOSw8K9nIzOj/$_1.JPG,https://i.ebayimg.com/00/s/MTM4NlgxNjAw/z/dLIAAOSw8K9nIzOj/$_3.JPG,https://www.ebay.com/itm/Opeth-North-American-Tour-2024-Poster-2025-Tour-Poster-Custom-Date-and-City-/356209107509?var=625209629642,EBAY-US
VINCENT PRICE REPRINT PHOTO 8X10 SIGNED AUTOGRAPHED CHRISTMAS MAN CAVE GIFT,135130487473,9.49,USD,N/A,Art Prints,flipflopnation2020,1992,100.0,false,Flat,5.0,FixedPrice,false,2024-07-03 00:21:29,2024-12-03 01:21:29,flipflopnation722,http://stores.ebay.com/flipflopnation722,https://i.ebayimg.com/thumbs/images/g/M~8AAOSwXl1mhJl2/s-l140.jpg,https://i.ebayimg.com/00/s/MTQ0OVgxMTc5/z/M~8AAOSwXl1mhJl2/$_1.JPG,https://i.ebayimg.com/00/s/MTQ0OVgxMTc5/z/M~8AAOSwXl1mhJl2/$_3.JPG,https://www.ebay.com/itm/VINCENT-PRICE-REPRINT-PHOTO-8X10-SIGNED-AUTOGRAPHED-CHRISTMAS-MAN-CAVE-GIFT-/135130487473,EBAY-US
"Vtg. 1990's Donald Zolan Framed Lithograph Prints in 5 x 7"" Gold Frames",276658598678,12.59,USD,Used,Art Prints,mojorrific,19380,99.9,true,Calculated,N/A,FixedPrice,false,2024-09-26 17:44:25,2024-11-26 18:44:25,Ace Surplus Store,http://stores.ebay.com/Ace-Surplus-Store,https://i.ebayimg.com/thumbs/images/g/nj8AAOSwmeNmn-GP/s-l140.jpg,https://i.ebayimg.com/00/s/MTYwMFgxMjAw/z/nj8AAOSwmeNmn-GP/$_1.JPG,https://i.ebayimg.com/00/s/MTYwMFgxMjAw/z/nj8AAOSwmeNmn-GP/$_3.JPG,https://www.ebay.com/itm/Vtg-1990s-Donald-Zolan-Framed-Lithograph-Prints-5-x-7-Gold-Frames-/276658598678?var=2560089795262,EBAY-US
Handmade wood Christmas tree ornaments holiday Reindeer Christmas Decoration,135329278117,10.0,USD,New,Paintings,annasheveleva,240,100.0,false,Flat,10.0,FixedPrice,false,2024-10-29 13:49:27,2024-11-29 14:49:27,AnnaShevelevaArt,http://stores.ebay.com/AnnaShevelevaArt,https://i.ebayimg.com/thumbs/images/g/jzAAAOSw6yRnIOfN/s-l140.jpg,https://i.ebayimg.com/00/s/MTYwMFgxMzcw/z/jzAAAOSw6yRnIOfN/$_1.JPG,https://i.ebayimg.com/00/s/MTYwMFgxMzcw/z/jzAAAOSw6yRnIOfN/$_3.JPG,https://www.ebay.com/itm/Handmade-wood-Christmas-tree-ornaments-holiday-Reindeer-Christmas-Decoration-/135329278117,EBAY-US
"Sally Ballpoint Pen Print, Nightmare Before Christmas Art Poster",175529274039,10.99,USD,New,Art Prints,cody.james.by.cody,188,100.0,true,Free,0.0,FixedPrice,false,2022-12-12 02:12:20,2024-11-12 02:12:20,Cody James by Cody,http://stores.ebay.com/Cody-James-by-Cody,https://i.ebayimg.com/thumbs/images/g/gJQAAOSwd2Bjlo3l/s-l140.jpg,https://i.ebayimg.com/00/s/MTYwMFgxNjAw/z/gJQAAOSwd2Bjlo3l/$_1.JPG,https://i.ebayimg.com/00/s/MTYwMFgxNjAw/z/gJQAAOSwd2Bjlo3l/$_3.JPG,https://www.ebay.com/itm/Sally-Ballpoint-Pen-Print-Nightmare-Before-Christmas-Art-Poster-/175529274039?var=474861654425,EBAY-US
PRINT ACEO Art Card Cardinal Bird Christmas Tree Gnome Santa Limited Edition,387574093021,7.49,USD,New,Art Prints,true-colors,48,100.0,false,Free,0.0,FixedPrice,false,2024-11-03 05:37:02,2024-12-03 06:37:02,N/A,N/A,https://i.ebayimg.com/thumbs/images/g/q3IAAOSwtIZnJwvZ/s-l140.jpg,https://i.ebayimg.com/00/s/NjAwWDQzMA==/z/q3IAAOSwtIZnJwvZ/$_1.JPG,https://i.ebayimg.com/00/s/NjAwWDQzMA==/z/q3IAAOSwtIZnJwvZ/$_3.JPG,https://www.ebay.com/itm/PRINT-ACEO-Art-Card-Cardinal-Bird-Christmas-Tree-Gnome-Santa-Limited-Edition-/387574093021,EBAY-US
Abstract Art Drawings with colored pencils (Print) Others Sold Series Are B&W112,395863132553,0.01,USD,New,Art Drawings,kbp859,1,100.0,false,Flat,0.65,AuctionWithBIN,true,2024-11-03 17:31:32,2024-11-10 17:31:32,N/A,N/A,https://i.ebayimg.com/thumbs/images/g/gOgAAOSwR8xnAXxI/s-l140.jpg,https://i.ebayimg.com/00/s/OTYwWDQ4MA==/z/gOgAAOSwR8xnAXxI/$_1.JPG,https://i.ebayimg.com/00/s/OTYwWDQ4MA==/z/gOgAAOSwR8xnAXxI/$_3.JPG,https://www.ebay.com/itm/Abstract-Art-Drawings-colored-pencils-Print-Others-Sold-Series-B-W112-/395863132553,EBAY-US
Peacock Silver Coin Ideal Xmas Gift for Some one  who has Everything Perfect UK,365208285363,5.99,GBP,N/A,Commemorative,anddownthewaterfall,34670,99.7,false,Flat,7.79,Auction,false,2024-11-03 20:20:00,2024-11-10 20:20:00,clickhere4uniquefunbargains,http://stores.ebay.com/clickhere4uniquefunbargains,https://i.ebayimg.com/thumbs/images/g/aBsAAOSw5gtm2uq7/s-l140.jpg,https://i.ebayimg.com/00/s/MTAwMFgxMDAw/z/aBsAAOSw5gtm2uq7/$_1.JPG,https://i.ebayimg.com/00/s/MTAwMFgxMDAw/z/aBsAAOSw5gtm2uq7/$_3.JPG,https://www.ebay.com/itm/Peacock-Silver-Coin-Ideal-Xmas-Gift-Some-one-has-Everything-Perfect-UK-/365208285363,EBAY-US
ACEO ART Sri Lanka Original Acrylic Miniature Christmas LANDSCAPE PAINTING,315928196691,25.0,USD,New,Paintings,mashisa_43,2,100.0,false,Free,0.0,Auction,false,2024-11-06 15:55:41,2024-11-13 15:55:41,N/A,N/A,https://i.ebayimg.com/thumbs/images/g/l8sAAOSwd7VnK40F/s-l140.jpg,https://i.ebayimg.com/00/s/NTAwWDUwMA==/z/l8sAAOSwd7VnK40F/$_1.JPG,https://i.ebayimg.com/00/s/NTAwWDUwMA==/z/l8sAAOSwd7VnK40F/$_3.JPG,https://www.ebay.com/itm/ACEO-ART-Sri-Lanka-Original-Acrylic-Miniature-Christmas-LANDSCAPE-PAINTING-/315928196691,EBAY-US
"Santa Claus Winter Scene Art Print,Christmas Home Wall Art Vintage Decor Canvas",167069136648,11.77,USD,New,Art Prints,spring-art-777,2829,100.0,true,Free,0.0,Auction,false,2024-11-06 13:39:04,2024-11-13 13:39:04,Spring Art Gallery,http://stores.ebay.com/Spring-Art-Gallery,https://i.ebayimg.com/thumbs/images/g/f0MAAOSwW-BnK3F2/s-l140.jpg,https://i.ebayimg.com/00/s/MTIwMFgxNDQ3/z/f0MAAOSwW-BnK3F2/$_1.JPG,https://i.ebayimg.com/00/s/MTIwMFgxNDQ3/z/f0MAAOSwW-BnK3F2/$_3.JPG,https://www.ebay.com/itm/Santa-Claus-Winter-Scene-Art-Print-Christmas-Home-Wall-Art-Vintage-Decor-Canvas-/167069136648,EBAY-US
NAOMI SCOTT SIGNED AUTOGRAPHED 8X10 REPRINT PHOTO MAN CAVE CHRISTMAS GIFT,224679148383,9.99,USD,N/A,Art Prints,cactusjoker99,644,100.0,false,Flat,5.0,FixedPrice,false,2021-11-06 12:57:05,2024-12-06 13:57:05,FIFTH JOKER,http://stores.ebay.com/FIFTH-JOKER,https://i.ebayimg.com/thumbs/images/g/y7sAAOSwDNlhhnuZ/s-l140.jpg,https://i.ebayimg.com/00/s/MTYwMFgxMjc5/z/y7sAAOSwDNlhhnuZ/$_1.JPG,https://i.ebayimg.com/00/s/MTYwMFgxMjc5/z/y7sAAOSwDNlhhnuZ/$_3.JPG,https://www.ebay.com/itm/NAOMI-SCOTT-SIGNED-AUTOGRAPHED-8X10-REPRINT-PHOTO-MAN-CAVE-CHRISTMAS-GIFT-/224679148383,EBAY-US
Home Alone 2 Lost In New York Retro Kevin McCallister Newspaper Christmas Poster,386916604319,27.95,USD,New,Art Posters,ngu-9451,97,100.0,false,Flat,9.98,FixedPrice,false,2024-04-09 02:39:56,2024-11-09 03:39:56,N/A,N/A,https://i.ebayimg.com/thumbs/images/g/mHsAAOSwcmBmFKmH/s-l140.jpg,https://i.ebayimg.com/00/s/ODk2WDY3NQ==/z/mHsAAOSwcmBmFKmH/$_1.JPG,https://i.ebayimg.com/00/s/ODk2WDY3NQ==/z/mHsAAOSwcmBmFKmH/$_3.JPG,https://www.ebay.com/itm/Home-Alone-2-Lost-New-York-Retro-Kevin-McCallister-Newspaper-Christmas-Poster-/386916604319?var=654178498431,EBAY-US
ARIEL WINTER #1 SIGNED AUTOGRAPHED 8X10 REPRINT PHOTO MAN CAVE CHRISTMAS GIFT,225782231640,9.99,USD,N/A,Art Prints,cactusjoker99,643,100.0,false,Flat,5.0,FixedPrice,false,2023-09-20 20:10:23,2024-11-20 21:10:23,FIFTH JOKER,http://stores.ebay.com/FIFTH-JOKER,https://i.ebayimg.com/thumbs/images/g/6HEAAOSwJQxlC1Gf/s-l140.jpg,https://i.ebayimg.com/00/s/MTYwMFgxMjU0/z/6HEAAOSwJQxlC1Gf/$_1.JPG,https://i.ebayimg.com/00/s/MTYwMFgxMjU0/z/6HEAAOSwJQxlC1Gf/$_3.JPG,https://www.ebay.com/itm/ARIEL-WINTER-1-SIGNED-AUTOGRAPHED-8X10-REPRINT-PHOTO-MAN-CAVE-CHRISTMAS-GIFT-/225782231640,EBAY-US
KIM BASINGER SIGNED AUTOGRAPHED 8X10 REPRINT PHOTO MAN CAVE CHRISTMAS GIFT,224697977190,9.99,USD,N/A,Art Prints,cactusjoker99,643,100.0,false,Flat,5.0,FixedPrice,false,2021-11-17 23:33:38,2024-11-17 23:33:38,FIFTH JOKER,http://stores.ebay.com/FIFTH-JOKER,https://i.ebayimg.com/thumbs/images/g/f2gAAOSwG~NhlZFI/s-l140.jpg,https://i.ebayimg.com/00/s/MTM3MFgxMDkz/z/f2gAAOSwG~NhlZFI/$_1.JPG,https://i.ebayimg.com/00/s/MTM3MFgxMDkz/z/f2gAAOSwG~NhlZFI/$_3.JPG,https://www.ebay.com/itm/KIM-BASINGER-SIGNED-AUTOGRAPHED-8X10-REPRINT-PHOTO-MAN-CAVE-CHRISTMAS-GIFT-/224697977190,EBAY-US
Christmas Nativity Wreath.  Lois Bulow Osborne Hand Cut Papercut 2008 Original.,235819154598,46.0,GBP,Used,Mixed Media Art & Collage Art,jennytudorpics,4080,100.0,false,Flat,62.41,FixedPrice,false,2024-11-06 10:49:54,2024-12-06 10:49:54,Jenny Tudor Pictures,http://stores.ebay.com/Jenny-Tudor-Pictures,https://i.ebayimg.com/thumbs/images/g/A6gAAOSwscRlOAgt/s-l140.jpg,https://i.ebayimg.com/00/s/MTU1MFgxMjAw/z/A6gAAOSwscRlOAgt/$_1.JPG,https://i.ebayimg.com/00/s/MTU1MFgxMjAw/z/A6gAAOSwscRlOAgt/$_3.JPG,https://www.ebay.com/itm/Christmas-Nativity-Wreath-Lois-Bulow-Osborne-Hand-Cut-Papercut-2008-Original-/235819154598,EBAY-US
"Festive Feline – 8x10 Watercolor Cat Art Print, Christmas Holiday Decor",267040858583,18.25,USD,New,Art Prints,ddundon,163,100.0,false,Free,0.0,FixedPrice,false,2024-10-25 16:03:36,2024-11-25 17:03:36,Silent Reflections Art,http://stores.ebay.com/Silent-Reflections-Art,https://i.ebayimg.com/thumbs/images/g/olQAAOSwlxlnG8D2/s-l140.jpg,https://i.ebayimg.com/00/s/MTAwMFg4MDA=/z/olQAAOSwlxlnG8D2/$_1.JPG,https://i.ebayimg.com/00/s/MTAwMFg4MDA=/z/olQAAOSwlxlnG8D2/$_3.JPG,https://www.ebay.com/itm/Festive-Feline-8x10-Watercolor-Cat-Art-Print-Christmas-Holiday-Decor-/267040858583,EBAY-US
"WITCHY BARN OWL ART PRINT, Bird Fantasy, Night Animal Decor Gothic Poster D022",235627485554,9.07,USD,New,Art Prints,my-best-store,13569,100.0,true,Flat,5.95,FixedPrice,false,2024-06-27 17:37:30,2024-11-27 18:37:30,my-best-store-arts,http://stores.ebay.com/my-best-store-arts,https://i.ebayimg.com/thumbs/images/g/7-oAAOSwMvpm8tpI/s-l140.jpg,https://i.ebayimg.com/00/s/NDAwWDYwMA==/z/7-oAAOSwMvpm8tpI/$_1.JPG,https://i.ebayimg.com/00/s/NDAwWDYwMA==/z/7-oAAOSwMvpm8tpI/$_3.JPG,https://www.ebay.com/itm/WITCHY-BARN-OWL-ART-PRINT-Bird-Fantasy-Night-Animal-Decor-Gothic-Poster-D022-/235627485554?var=535890832731,EBAY-US
