
Title,Item ID,Price,Currency,Condition,Category,Seller,Feedback Score,Positive Feedback %,Top Rated Seller,Shipping Type,Shipping Cost,Listing Type,Buy It Now Available,Start Time,End Time,Store Name,Store URL,Gallery URL,Large Image URL,Super Size Image URL,View Item URL,Marketplace
Car Christmas Decor Sticker Santa Snowman Reindeer Rear Wiper Windshield Decal,135348393610,8.27,USD,New,Decals & Vinyls,gorgelars_auto,0,0.0,false,Free,0.0,FixedPrice,false,2024-11-06 08:53:18,2024-12-06 08:53:18,N/A,N/A,https://i.ebayimg.com/thumbs/images/g/wJ8AAOSwKSdnKyxN/s-l140.jpg,https://i.ebayimg.com/00/s/MTYwMFgxNjAw/z/wJ8AAOSwKSdnKyxN/$_1.JPG,https://i.ebayimg.com/00/s/MTYwMFgxNjAw/z/wJ8AAOSwKSdnKyxN/$_3.JPG,https://www.ebay.com/itm/Car-Christmas-Decor-Sticker-Santa-Snowman-Reindeer-Rear-Wiper-Windshield-Decal-/135348393610?var=0,EBAY-US
Rechargeable Finger Gesture Light Car Window Sign Hand Light Remote Xmas Gift,286103971381,11.99,USD,New,Light Bulbs & LEDs,missgao_shop,8245,100.0,false,Free,0.0,FixedPrice,false,2024-10-12 08:09:08,2024-11-12 09:09:08,MISSGAOSHOP,http://stores.ebay.com/MISSGAOSHOP,https://i.ebayimg.com/thumbs/images/g/FecAAOSwZj9nCi51/s-l140.jpg,https://i.ebayimg.com/00/s/MTYwMFgxNjAw/z/FecAAOSwZj9nCi51/$_1.JPG,https://i.ebayimg.com/00/s/MTYwMFgxNjAw/z/FecAAOSwZj9nCi51/$_3.JPG,https://www.ebay.com/itm/Rechargeable-Finger-Gesture-Light-Car-Window-Sign-Hand-Light-Remote-Xmas-Gift-/286103971381?var=588214163315,EBAY-US
Christmas Car Decals Stickers Cute Santa Claus & Reindeer Design Decor  for Car,375733033999,2.78,USD,New,Decals & Vinyls,arifa2021-277,551,93.4,false,Free,0.0,FixedPrice,false,2024-10-22 18:07:39,2024-11-22 19:07:39,Washington Mart,http://stores.ebay.com/Washington-Mart,https://i.ebayimg.com/thumbs/images/g/olYAAOSw4ehnF2UZ/s-l140.jpg,https://i.ebayimg.com/00/s/MTYwMFgxNjAw/z/olYAAOSw4ehnF2UZ/$_1.JPG,https://i.ebayimg.com/00/s/MTYwMFgxNjAw/z/olYAAOSw4ehnF2UZ/$_3.JPG,https://www.ebay.com/itm/Christmas-Car-Decals-Stickers-Cute-Santa-Claus-Reindeer-Design-Decor-Car-/375733033999,EBAY-US
Nantucket Pewter Figural Antique Santa Claus Christmas Tree Ornament,186760865537,9.99,USD,Used,Ornaments,metalwizard,7595,99.7,true,Flat,6.0,FixedPrice,false,2024-11-03 12:43:10,2024-12-03 12:43:10,metalwizard,http://stores.ebay.com/metalwizard,https://i.ebayimg.com/thumbs/images/g/WGoAAOSwAmlnJ22z/s-l140.jpg,https://i.ebayimg.com/00/s/MTIwMFgxNjAw/z/WGoAAOSwAmlnJ22z/$_1.JPG,https://i.ebayimg.com/00/s/MTIwMFgxNjAw/z/WGoAAOSwAmlnJ22z/$_3.JPG,https://www.ebay.com/itm/Nantucket-Pewter-Figural-Antique-Santa-Claus-Christmas-Tree-Ornament-/186760865537,EBAY-US
Official BMW Merchandise! Lot of 12 items! LOOK!!! Great Christmas gift!,167064410119,65.0,USD,New,BMW,stufftosell2002,390,100.0,true,Calculated,N/A,Auction,false,2024-11-04 05:06:49,2024-11-11 05:06:49,N/A,N/A,https://i.ebayimg.com/thumbs/images/g/f2QAAOSw1plnKFS8/s-l140.jpg,https://i.ebayimg.com/00/s/MTYwMFgxNjAw/z/f2QAAOSw1plnKFS8/$_1.JPG,https://i.ebayimg.com/00/s/MTYwMFgxNjAw/z/f2QAAOSw1plnKFS8/$_3.JPG,https://www.ebay.com/itm/Official-BMW-Merchandise-Lot-12-items-LOOK-Great-Christmas-gift-/167064410119,EBAY-US
Christmas Car Wreath With LED Lights Premium Quality with 12-V Plug In Merry Chr,365034876339,25.0,USD,New,Body Moldings & Trims,cozyspaces,65,100.0,false,Free,0.0,FixedPrice,false,2024-07-27 22:26:44,2024-11-27 23:26:44,Cozy Spaces Styles and Goods,http://stores.ebay.com/Cozy-Spaces-Styles-and-Goods,https://i.ebayimg.com/thumbs/images/g/7sIAAOSwaDVmpXMg/s-l140.jpg,https://i.ebayimg.com/00/s/MTYwMFgxMjAz/z/7sIAAOSwaDVmpXMg/$_1.JPG,https://i.ebayimg.com/00/s/MTYwMFgxMjAz/z/7sIAAOSwaDVmpXMg/$_3.JPG,https://www.ebay.com/itm/Christmas-Car-Wreath-LED-Lights-Premium-Quality-12-V-Plug-Merry-Chr-/365034876339,EBAY-US
NEW BATH AND BODY WORKS CAR FRAGRANCE REFILL MIX & MATCH Lots of Scents,196443482974,3.5,USD,New with tags,Other Automotive Accessories & Merchandise,laflakagordita,1283,92.9,false,Flat,5.0,FixedPrice,false,2024-06-14 02:40:35,2024-11-14 03:40:35,N/A,N/A,https://i.ebayimg.com/thumbs/images/g/3toAAOSwBvtmbSWp/s-l140.jpg,https://i.ebayimg.com/00/s/MzY3WDMwNg==/z/3toAAOSwBvtmbSWp/$_1.JPG,https://i.ebayimg.com/00/s/MzY3WDMwNg==/z/3toAAOSwBvtmbSWp/$_3.JPG,https://www.ebay.com/itm/NEW-BATH-AND-BODY-WORKS-CAR-FRAGRANCE-REFILL-MIX-MATCH-Lots-Scents-/196443482974?var=496243614799,EBAY-US
Guardian Bell CHRISTMAS TREE Motorcycle Biker Harley Gremlin Luck Hanger,205052807277,13.0,USD,New,"Other Motorcycle Maintenance, Stands & Towing",collectibles_unlimited,6440,99.7,true,Free,0.0,FixedPrice,false,2024-10-20 03:58:54,2024-11-20 04:58:54,Collectibles Unlimited,http://stores.ebay.com/Collectibles-Unlimited,https://i.ebayimg.com/thumbs/images/g/vsEAAOSwIUFlo00S/s-l140.jpg,https://i.ebayimg.com/00/s/MTYwMFgxNjAw/z/vsEAAOSwIUFlo00S/$_1.JPG,https://i.ebayimg.com/00/s/MTYwMFgxNjAw/z/vsEAAOSwIUFlo00S/$_3.JPG,https://www.ebay.com/itm/Guardian-Bell-CHRISTMAS-TREE-Motorcycle-Biker-Harley-Gremlin-Luck-Hanger-/205052807277,EBAY-US
Christmas Grinch Laminated Car Magnet,146024040537,8.95,USD,New,Decals & Vinyls,phillysports6768,811,100.0,false,Free,0.0,FixedPrice,false,2024-09-13 13:11:28,2024-11-13 14:11:28,Philly sports shop,http://stores.ebay.com/Philly-sports-shop,https://i.ebayimg.com/thumbs/images/g/hOwAAOSwSIxm5DlE/s-l140.jpg,https://i.ebayimg.com/00/s/NTAwWDUwMQ==/z/hOwAAOSwSIxm5DlE/$_1.JPG,https://i.ebayimg.com/00/s/NTAwWDUwMQ==/z/hOwAAOSwSIxm5DlE/$_3.JPG,https://www.ebay.com/itm/Christmas-Grinch-Laminated-Car-Magnet-/146024040537,EBAY-US
100x Xmas Fir Tree Clip Fits GM Ford Chrysler 1605396 11146 *OE Quality,222532697491,10.49,USD,New,Body Moldings & Trims,buyautosupply,9047,99.7,true,Free,0.0,FixedPrice,false,2017-06-02 14:27:12,2024-12-02 15:27:12,Buy Auto Supply,http://stores.ebay.com/Buy-Auto-Supply,https://i.ebayimg.com/thumbs/images/g/0iYAAOSww9xZDkNw/s-l140.jpg,https://i.ebayimg.com/00/s/NjA0WDY0OA==/z/0iYAAOSww9xZDkNw/$_1.JPG,https://i.ebayimg.com/00/s/NjA0WDY0OA==/z/0iYAAOSww9xZDkNw/$_3.JPG,https://www.ebay.com/itm/100x-Xmas-Fir-Tree-Clip-Fits-GM-Ford-Chrysler-1605396-11146-OE-Quality-/222532697491,EBAY-US
ON SALE!! Christmas Santa Claus Costume Velvet Motorcycle Helmet Cover Hat Cap,256341193133,9.99,USD,New with tags,Motorcycle & Powersport Helmets,one-stop-shop-store,81350,97.8,true,Free,0.0,FixedPrice,false,2023-12-13 19:01:01,2024-11-13 19:01:01,Cosplay-Party,http://stores.ebay.com/Cosplay-Party,https://i.ebayimg.com/thumbs/images/g/BFgAAOSwuSRjYCF0/s-l140.jpg,https://i.ebayimg.com/00/s/MTQ0N1gxNTAw/z/BFgAAOSwuSRjYCF0/$_1.JPG,https://i.ebayimg.com/00/s/MTQ0N1gxNTAw/z/BFgAAOSwuSRjYCF0/$_3.JPG,https://www.ebay.com/itm/SALE-Christmas-Santa-Claus-Costume-Velvet-Motorcycle-Helmet-Cover-Hat-Cap-/256341193133,EBAY-US
Finger Gesture Light LED Car Back Window Sign Hand Light with Remote Xmas Gift,225945427602,17.99,USD,New,Light Bulbs & LEDs,autoclub_363,7599,99.4,true,Free,0.0,FixedPrice,false,2024-01-05 07:34:20,2024-12-05 07:34:20,autoclub_363,http://stores.ebay.com/autoclub-363,https://i.ebayimg.com/thumbs/images/g/xHUAAOSwDP5ll7C~/s-l140.jpg,https://i.ebayimg.com/00/s/MTAwMFgxMDAw/z/xHUAAOSwDP5ll7C~/$_1.JPG,https://i.ebayimg.com/00/s/MTAwMFgxMDAw/z/xHUAAOSwDP5ll7C~/$_3.JPG,https://www.ebay.com/itm/Finger-Gesture-Light-LED-Car-Back-Window-Sign-Hand-Light-Remote-Xmas-Gift-/225945427602?var=0,EBAY-US
Santa Claus Hat Car Headrest Cover Soft Christmas Decor 2 per Pack 12 in x 12 in,126750432766,8.95,USD,New,Seat Covers,keithlisa2009,8938,99.8,true,Free,0.0,FixedPrice,false,2024-10-30 14:11:59,2024-11-30 15:11:59,keithlisa2009,http://stores.ebay.com/keithlisa2009,https://i.ebayimg.com/thumbs/images/g/~~0AAOSwKv5li1R0/s-l140.jpg,https://i.ebayimg.com/00/s/MTEwMVgxMzA4/z/~~0AAOSwKv5li1R0/$_1.JPG,https://i.ebayimg.com/00/s/MTEwMVgxMzA4/z/~~0AAOSwKv5li1R0/$_3.JPG,https://www.ebay.com/itm/Santa-Claus-Hat-Car-Headrest-Cover-Soft-Christmas-Decor-2-per-Pack-12-x-12-/126750432766,EBAY-US
MICTUNING RGB LED Strip Under Car Tube Underglow Underbody System Neon Light Kit,115060354948,27.89,USD,New,Car Lighting,mictuning2011,13194,99.3,true,Free,0.0,FixedPrice,false,2021-10-23 15:20:37,2024-11-23 16:20:37,mictuning2011,http://stores.ebay.com/mictuning2011,https://i.ebayimg.com/thumbs/images/g/PjkAAOSwEdxgZaT5/s-l140.jpg,https://i.ebayimg.com/00/s/MTYwMFgxNjAw/z/PjkAAOSwEdxgZaT5/$_1.JPG,https://i.ebayimg.com/00/s/MTYwMFgxNjAw/z/PjkAAOSwEdxgZaT5/$_3.JPG,https://www.ebay.com/itm/MICTUNING-RGB-LED-Strip-Under-Car-Tube-Underglow-Underbody-System-Neon-Light-Kit-/115060354948,EBAY-US
Christmas Ornament Grinch Truck Window Decor Sticker Car Xmas New Year Decals,167056002613,7.99,USD,New,Decals & Vinyls,dylcompany,4,80.0,false,Free,0.0,FixedPrice,false,2024-10-31 03:02:06,2024-12-01 04:02:06,dylcompany,http://stores.ebay.com/dylcompany,https://i.ebayimg.com/thumbs/images/g/CFMAAOSwaohlP8dx/s-l140.jpg,N/A,N/A,https://www.ebay.com/itm/Christmas-Ornament-Grinch-Truck-Window-Decor-Sticker-Car-Xmas-New-Year-Decals-/167056002613?var=0,EBAY-US
"Snap On Tools Dixxon Christmas Stocking Plaid 20""",267049577142,29.99,USD,Used,Other Automotive Hand Tools,dlkocher73,3976,99.7,false,Flat,5.99,FixedPrice,false,2024-11-02 02:15:39,2024-12-02 03:15:39,N/A,N/A,https://i.ebayimg.com/thumbs/images/g/dSIAAOSw46NnJYsI/s-l140.jpg,https://i.ebayimg.com/00/s/MTM3MVg5NzI=/z/dSIAAOSw46NnJYsI/$_1.JPG,https://i.ebayimg.com/00/s/MTM3MVg5NzI=/z/dSIAAOSw46NnJYsI/$_3.JPG,https://www.ebay.com/itm/Snap-Tools-Dixxon-Christmas-Stocking-Plaid-20-/267049577142,EBAY-US
Merry Christmas Grinch Decal  ~  Vinyl Car Wall Sticker - Small to XLarge,266156978444,4.02,USD,New,Decals & Vinyls,oagfx23,2210,98.8,true,Free,0.0,FixedPrice,false,2023-03-03 18:01:58,2024-12-03 18:01:58,OAGFX,http://stores.ebay.com/OAGFX,https://i.ebayimg.com/thumbs/images/g/1rEAAOSwi6NkAjYM/s-l140.jpg,https://i.ebayimg.com/00/s/MTE0MFg5MTk=/z/1rEAAOSwi6NkAjYM/$_1.JPG,https://i.ebayimg.com/00/s/MTE0MFg5MTk=/z/1rEAAOSwi6NkAjYM/$_3.JPG,https://www.ebay.com/itm/Merry-Christmas-Grinch-Decal-Vinyl-Car-Wall-Sticker-Small-XLarge-/266156978444?var=0,EBAY-US
Vintage Christmas Is The Answer Jesus Saves One Way Metal License Plate,156475341718,45.0,USD,Used,License Plates & Frames,legendaryace34,14967,100.0,true,Flat,9.95,FixedPrice,false,2024-10-24 22:11:56,2024-11-24 23:11:56,legendaryace,http://stores.ebay.com/legendaryace,https://i.ebayimg.com/thumbs/images/g/4EkAAOSwweFnGsWS/s-l140.jpg,https://i.ebayimg.com/00/s/MTYwMFgxMTk2/z/4EkAAOSwweFnGsWS/$_1.JPG,https://i.ebayimg.com/00/s/MTYwMFgxMTk2/z/4EkAAOSwweFnGsWS/$_3.JPG,https://www.ebay.com/itm/Vintage-Christmas-Answer-Jesus-Saves-One-Way-Metal-License-Plate-/156475341718,EBAY-US
Finger Gesture Light with Remote Car Back Window LED Sign Hand Light Xmas Gift,355349715715,15.99,USD,New,Other Interior Parts & Accessories,carvehiclelighting,3631,99.4,true,Free,0.0,FixedPrice,false,2024-01-05 08:02:43,2024-12-05 08:02:43,carvehiclelighting,http://stores.ebay.com/carvehiclelighting,https://i.ebayimg.com/thumbs/images/g/7FYAAOSw~4hll7dp/s-l140.jpg,https://i.ebayimg.com/00/s/MTAwMFgxMDAw/z/7FYAAOSw~4hll7dp/$_1.JPG,https://i.ebayimg.com/00/s/MTAwMFgxMDAw/z/7FYAAOSw~4hll7dp/$_3.JPG,https://www.ebay.com/itm/Finger-Gesture-Light-Remote-Car-Back-Window-LED-Sign-Hand-Light-Xmas-Gift-/355349715715,EBAY-US
8 Sizes KEEP CHRIST IN CHRISTMAS Car Window DECAL STICKER MacBook Laptop Tablet,254654676900,3.2,USD,New,Decals & Vinyls,ic_unique,2838,100.0,true,Flat,3.94,FixedPrice,false,2020-07-15 18:52:10,2024-11-15 19:52:10,ic_unique 4u,http://stores.ebay.com/ic-unique-4u,https://i.ebayimg.com/thumbs/images/g/pdcAAOSw~n1ibYMn/s-l140.jpg,https://i.ebayimg.com/00/s/NDc1WDQ3MQ==/z/pdcAAOSw~n1ibYMn/$_1.JPG,https://i.ebayimg.com/00/s/NDc1WDQ3MQ==/z/pdcAAOSw~n1ibYMn/$_3.JPG,https://www.ebay.com/itm/8-Sizes-KEEP-CHRIST-CHRISTMAS-Car-Window-DECAL-STICKER-MacBook-Laptop-Tablet-/254654676900?var=0,EBAY-US
Happy Holiday Christmas Snowman Truck Custom License Plate Tag Auto Car ATV Bike,265901801358,14.99,USD,New,License Plates & Frames,pinkgurl4u,17109,99.6,true,Flat,4.0,FixedPrice,false,2022-09-24 18:08:26,2024-11-24 19:08:26,pinkgurl4u,http://stores.ebay.com/pinkgurl4u,https://i.ebayimg.com/thumbs/images/g/QdIAAOSw~lBjL0Uh/s-l140.jpg,https://i.ebayimg.com/00/s/MTEwN1gxNjAw/z/QdIAAOSw~lBjL0Uh/$_1.JPG,https://i.ebayimg.com/00/s/MTEwN1gxNjAw/z/QdIAAOSw~lBjL0Uh/$_3.JPG,https://www.ebay.com/itm/Happy-Holiday-Christmas-Snowman-Truck-Custom-License-Plate-Tag-Auto-Car-ATV-Bike-/265901801358?var=565732178535,EBAY-US
"CHRISTMAS LIGHT UP WREATH 12"" CAR AUTO COSTUME KIT CHRISTMAS BATTERY POWERED NEW",267054357589,16.0,USD,New,Emblems & Ornaments,bluebum909,708,100.0,true,Calculated,N/A,FixedPrice,false,2024-11-06 06:51:52,2024-12-06 06:51:52,N/A,N/A,https://i.ebayimg.com/thumbs/images/g/JjMAAOSwtaRnKxCP/s-l140.jpg,https://i.ebayimg.com/00/s/MTYwMFgxMjA0/z/JjMAAOSwtaRnKxCP/$_1.JPG,https://i.ebayimg.com/00/s/MTYwMFgxMjA0/z/JjMAAOSwtaRnKxCP/$_3.JPG,https://www.ebay.com/itm/CHRISTMAS-LIGHT-UP-WREATH-12-CAR-AUTO-COSTUME-KIT-CHRISTMAS-BATTERY-POWERED-NEW-/267054357589,EBAY-US
Leather Motorcycle Jacket Christmas Harley Biker Motorcycle Tree Ornament,185192636526,15.99,USD,New,"Keyrings, Key Fobs & Lanyards",ryde-mc,11979,100.0,true,Free,0.0,FixedPrice,false,2021-11-30 17:23:09,2024-11-30 17:23:09,Ryde Motorcycle,http://stores.ebay.com/Ryde-Motorcycle,https://i.ebayimg.com/thumbs/images/g/caUAAOSw28Fhpl~s/s-l140.jpg,https://i.ebayimg.com/00/s/MTYwMFgxNjAw/z/caUAAOSw28Fhpl~s/$_1.JPG,https://i.ebayimg.com/00/s/MTYwMFgxNjAw/z/caUAAOSw28Fhpl~s/$_3.JPG,https://www.ebay.com/itm/Leather-Motorcycle-Jacket-Christmas-Harley-Biker-Motorcycle-Tree-Ornament-/185192636526?var=0,EBAY-US
THE GRINCH CHRISTMAS VINYL DECAL STICKER CAR BUMPER 4MIL BUBBLE FREE US MADE,404739241517,4.14,USD,New,Decals & Vinyls,stickthem,569,98.6,false,Free,0.0,FixedPrice,false,2024-01-12 01:51:53,2024-11-12 01:51:53,Stickthem,http://stores.ebay.com/Stickthem,https://i.ebayimg.com/thumbs/images/g/JlEAAOSwMWploJst/s-l140.jpg,https://i.ebayimg.com/00/s/MTYwMFgxNDA1/z/JlEAAOSwMWploJst/$_1.JPG,https://i.ebayimg.com/00/s/MTYwMFgxNDA1/z/JlEAAOSwMWploJst/$_3.JPG,https://www.ebay.com/itm/GRINCH-CHRISTMAS-VINYL-DECAL-STICKER-CAR-BUMPER-4MIL-BUBBLE-FREE-US-MADE-/404739241517?var=0,EBAY-US
"Santa Claus, Christmas License Plate New Car Tag Metal Aluminum, USA",254822910842,13.99,USD,New,License Plates & Frames,xoxo-crossstitched,3315,98.5,true,Free,0.0,FixedPrice,false,2021-01-01 15:08:09,2024-12-01 15:08:09,Atacama Blooms,http://stores.ebay.com/Atacama-Blooms,https://i.ebayimg.com/thumbs/images/g/waYAAOSwNXZfjewq/s-l140.jpg,https://i.ebayimg.com/00/s/ODAwWDE2MDA=/z/waYAAOSwNXZfjewq/$_1.JPG,https://i.ebayimg.com/00/s/ODAwWDE2MDA=/z/waYAAOSwNXZfjewq/$_3.JPG,https://www.ebay.com/itm/Santa-Claus-Christmas-License-Plate-New-Car-Tag-Metal-Aluminum-USA-/254822910842,EBAY-US
Disney Nightmare Before Christmas Jack Skellington Plastic Plate Frame - 1 PC,333592076126,12.32,USD,New,License Plates & Frames,yupbizauto,20562,97.7,true,FlatDomesticCalculatedInternational,0.0,FixedPrice,false,2020-05-06 01:47:16,2024-12-06 02:47:16,YupbizAuto,http://stores.ebay.com/YupbizAuto,https://i.ebayimg.com/thumbs/images/g/vwUAAOSwsrheshbQ/s-l140.jpg,https://i.ebayimg.com/00/s/NjY0WDEyNDQ=/z/vwUAAOSwsrheshbQ/$_1.JPG,https://i.ebayimg.com/00/s/NjY0WDEyNDQ=/z/vwUAAOSwsrheshbQ/$_3.JPG,https://www.ebay.com/itm/Disney-Nightmare-Before-Christmas-Jack-Skellington-Plastic-Plate-Frame-1-PC-/333592076126,EBAY-US
Christmas lighted RV Trailer,256433484837,30.0,USD,Used,"Other RV, Trailer & Camper Parts & Accessories",2110.jet,3126,100.0,true,Free,0.0,FixedPrice,false,2024-03-03 19:45:39,2024-12-03 19:45:39,N/A,N/A,https://i.ebayimg.com/thumbs/images/g/ezQAAOSwkhRl5NJC/s-l140.jpg,https://i.ebayimg.com/00/s/MTYwMFgxMjAw/z/ezQAAOSwkhRl5NJC/$_1.JPG,https://i.ebayimg.com/00/s/MTYwMFgxMjAw/z/ezQAAOSwkhRl5NJC/$_3.JPG,https://www.ebay.com/itm/Christmas-lighted-RV-Trailer-/256433484837,EBAY-US
Jack Skellington Nightmare Before Christmas vinyl decal sticker Car Truck Horror,335618673513,10.99,USD,New,Decals & Vinyls,totallytwisteddesigns,4970,98.9,true,Free,0.0,FixedPrice,false,2024-10-14 11:43:06,2024-11-14 12:43:06,totallytwisteddesigns,http://stores.ebay.com/totallytwisteddesigns,https://i.ebayimg.com/thumbs/images/g/kwMAAOSwUXRnDQLs/s-l140.jpg,https://i.ebayimg.com/00/s/MTQ1OVgxNjAw/z/kwMAAOSwUXRnDQLs/$_1.JPG,https://i.ebayimg.com/00/s/MTQ1OVgxNjAw/z/kwMAAOSwUXRnDQLs/$_3.JPG,https://www.ebay.com/itm/Jack-Skellington-Nightmare-Before-Christmas-vinyl-decal-sticker-Car-Truck-Horror-/335618673513?var=545135110955,EBAY-US
16ft RGB Wireless Control Waterproof LED Strip Light For Boat Truck Car SUV RV,194190215966,10.53,USD,New,Electrical & Lighting,dongxue-77,1638,97.8,true,Free,0.0,FixedPrice,false,2021-06-07 03:14:48,2024-11-07 04:14:48,languo77,http://stores.ebay.com/languo77,https://i.ebayimg.com/thumbs/images/g/E-wAAOSw~YZmiP-B/s-l140.jpg,https://i.ebayimg.com/00/s/MTAwMFgxMDAw/z/E-wAAOSw~YZmiP-B/$_1.JPG,https://i.ebayimg.com/00/s/MTAwMFgxMDAw/z/E-wAAOSw~YZmiP-B/$_3.JPG,https://www.ebay.com/itm/16ft-RGB-Wireless-Control-Waterproof-LED-Strip-Light-Boat-Truck-Car-SUV-RV-/194190215966,EBAY-US
100pcs Nylon Retainer Clips Christmas Tree Fasteners for GM 1595864 1605396 US,395282436085,2.99,USD,New,Body Moldings & Trims,aerosdrives,234,98.8,true,Free,0.0,FixedPrice,false,2024-03-20 09:03:29,2024-11-20 10:03:29,Aerosdrives,http://stores.ebay.com/Aerosdrives,https://i.ebayimg.com/thumbs/images/g/ZNsAAOSwmu9l8XiO/s-l140.jpg,https://i.ebayimg.com/00/s/MTUwMFgxNTAw/z/ZNsAAOSwmu9l8XiO/$_1.JPG,https://i.ebayimg.com/00/s/MTUwMFgxNTAw/z/ZNsAAOSwmu9l8XiO/$_3.JPG,https://www.ebay.com/itm/100pcs-Nylon-Retainer-Clips-Christmas-Tree-Fasteners-GM-1595864-1605396-US-/395282436085,EBAY-US
250x Xmas Fir Tree Clip Fits GM Ford Chrysler 1605396 11146 *OE Quality,222532698158,13.99,USD,New,Body Moldings & Trims,buyautosupply,9047,99.7,true,Free,0.0,FixedPrice,false,2017-06-02 14:28:05,2024-12-02 15:28:05,Buy Auto Supply,http://stores.ebay.com/Buy-Auto-Supply,https://i.ebayimg.com/thumbs/images/g/OvAAAOSw42dZDkMo/s-l140.jpg,https://i.ebayimg.com/00/s/NjEyWDY0NA==/z/OvAAAOSw42dZDkMo/$_1.JPG,https://i.ebayimg.com/00/s/NjEyWDY0NA==/z/OvAAAOSw42dZDkMo/$_3.JPG,https://www.ebay.com/itm/250x-Xmas-Fir-Tree-Clip-Fits-GM-Ford-Chrysler-1605396-11146-OE-Quality-/222532698158,EBAY-US
COUSIN EDDIE shit!er full VINYL DECAL PICK SIZE/COLOR Christmas Vacation,286129964627,3.15,USD,New,Decals & Vinyls,packersrg2011,664,99.1,false,Free,0.0,FixedPrice,false,2024-10-27 04:22:59,2024-11-27 05:22:59,R&R Decals/Stickers,http://stores.ebay.com/R-R-Decals-Stickers,https://i.ebayimg.com/thumbs/images/g/cP8AAOSwDsZnHbzH/s-l140.jpg,https://i.ebayimg.com/00/s/MTIwOFgxMDc5/z/cP8AAOSwDsZnHbzH/$_1.JPG,https://i.ebayimg.com/00/s/MTIwOFgxMDc5/z/cP8AAOSwDsZnHbzH/$_3.JPG,https://www.ebay.com/itm/COUSIN-EDDIE-shit-er-full-VINYL-DECAL-PICK-SIZE-COLOR-Christmas-Vacation-/286129964627?var=588242130582,EBAY-US
Merry Christmas Santa Metal License Plate,126621412199,13.99,USD,New,License Plates & Frames,auto_license_plates_and_frames,26983,99.4,true,Free,0.0,FixedPrice,false,2024-08-12 04:46:11,2024-11-12 05:46:11,auto_license_plates,http://stores.ebay.com/auto-license-plates,https://i.ebayimg.com/thumbs/images/g/ZlIAAOSwM21muZS6/s-l140.jpg,https://i.ebayimg.com/00/s/MzUwWDUwMg==/z/ZlIAAOSwM21muZS6/$_1.JPG,https://i.ebayimg.com/00/s/MzUwWDUwMg==/z/ZlIAAOSwM21muZS6/$_3.JPG,https://www.ebay.com/itm/Merry-Christmas-Santa-Metal-License-Plate-/126621412199,EBAY-US
1986/1989 corvette headlight knob with steel clip NEW!! C4 CHRISTMAS SALE,372121437616,9.0,USD,New,Headlight Assemblies,jhn317,14422,99.5,false,Flat,3.0,FixedPrice,false,2017-10-30 21:01:08,2024-11-30 22:01:08,N/A,N/A,https://i.ebayimg.com/thumbs/images/g/UzUAAOSwfVhZ9KVl/s-l140.jpg,https://i.ebayimg.com/00/s/MTIwMFgxNjAw/z/UzUAAOSwfVhZ9KVl/$_1.JPG,https://i.ebayimg.com/00/s/MTIwMFgxNjAw/z/UzUAAOSwfVhZ9KVl/$_3.JPG,https://www.ebay.com/itm/1986-1989-corvette-headlight-knob-steel-clip-NEW-C4-CHRISTMAS-SALE-/372121437616,EBAY-US
"The grinch Hands Multi Color christmas Custom Vinyl Sticker Decal ""5x3"" inches!",176033582823,3.99,USD,New,Decals & Vinyls,hlh7808,1887,100.0,true,Flat,0.79,FixedPrice,false,2023-11-15 03:03:52,2024-11-15 03:03:52,Trading Decals,http://stores.ebay.com/Trading-Decals,https://i.ebayimg.com/thumbs/images/g/q1QAAOSwEk9lVDSg/s-l140.jpg,https://i.ebayimg.com/00/s/Njc5WDEwNTE=/z/q1QAAOSwEk9lVDSg/$_1.JPG,https://i.ebayimg.com/00/s/Njc5WDEwNTE=/z/q1QAAOSwEk9lVDSg/$_3.JPG,https://www.ebay.com/itm/grinch-Hands-Multi-Color-christmas-Custom-Vinyl-Sticker-Decal-5x3-inches-/176033582823,EBAY-US
"Motorcycle Helmet, Christmas Santa Hat, Cover GET READY FOR HOLIDAY SEASON RIDES",204984732856,14.75,USD,New without tags,Motorcycle & Powersport Helmets,deserteagletech,1284,99.0,true,Free,0.0,FixedPrice,false,2024-09-10 00:26:38,2024-11-10 01:26:38,Desert Eagle Technologies,http://stores.ebay.com/Desert-Eagle-Technologies,https://i.ebayimg.com/thumbs/images/g/iFoAAOSwShpm35Bt/s-l140.jpg,https://i.ebayimg.com/00/s/NjQ2WDExNjg=/z/iFoAAOSwShpm35Bt/$_1.JPG,https://i.ebayimg.com/00/s/NjQ2WDExNjg=/z/iFoAAOSwShpm35Bt/$_3.JPG,https://www.ebay.com/itm/Motorcycle-Helmet-Christmas-Santa-Hat-Cover-GET-READY-HOLIDAY-SEASON-RIDES-/204984732856,EBAY-US
Nilight 146PCS Automotive Christmas Tree Clips Assortment Retainer Fastener Clip,125999846213,11.43,USD,New,Other Automotive Hand Tools,nilightshop,7498,98.5,true,Free,0.0,FixedPrice,false,2023-07-03 07:07:30,2024-12-03 08:07:30,nilightshop,http://stores.ebay.com/nilightshop,https://i.ebayimg.com/thumbs/images/g/nOgAAOSwRcxkonCO/s-l140.jpg,https://i.ebayimg.com/00/s/MTUwMFgxNTAw/z/nOgAAOSwRcxkonCO/$_1.JPG,https://i.ebayimg.com/00/s/MTUwMFgxNTAw/z/nOgAAOSwRcxkonCO/$_3.JPG,https://www.ebay.com/itm/Nilight-146PCS-Automotive-Christmas-Tree-Clips-Assortment-Retainer-Fastener-Clip-/125999846213,EBAY-US
"1,000x Christmas Tree Clip Fits GM Ford Chrysler 1605396 11146 Xmas Universal",222532698753,42.99,USD,New,Body Moldings & Trims,buyautosupply,9047,99.7,true,Free,0.0,FixedPrice,false,2017-06-02 14:28:58,2024-12-02 15:28:58,Buy Auto Supply,http://stores.ebay.com/Buy-Auto-Supply,https://i.ebayimg.com/thumbs/images/g/x7IAAOSwcgNZDkLU/s-l140.jpg,https://i.ebayimg.com/00/s/NjI4WDY0OA==/z/x7IAAOSwcgNZDkLU/$_1.JPG,https://i.ebayimg.com/00/s/NjI4WDY0OA==/z/x7IAAOSwcgNZDkLU/$_3.JPG,https://www.ebay.com/itm/1-000x-Christmas-Tree-Clip-Fits-GM-Ford-Chrysler-1605396-11146-Xmas-Universal-/222532698753,EBAY-US
Bumbles Abominable Snow Man Rudolph Christmas vehicle window sticker decal,284525335566,28.89,USD,New,Other Exterior Parts & Accessories,alpinesigns,27070,100.0,true,Flat,6.0,FixedPrice,false,2021-11-11 19:26:13,2024-11-11 19:26:13,Alpine Signs,http://stores.ebay.com/Alpine-Signs,https://i.ebayimg.com/thumbs/images/g/Uy8AAOSwAlBhjW3Z/s-l140.jpg,https://i.ebayimg.com/00/s/NzI5WDEyOTY=/z/Uy8AAOSwAlBhjW3Z/$_1.JPG,https://i.ebayimg.com/00/s/NzI5WDEyOTY=/z/Uy8AAOSwAlBhjW3Z/$_3.JPG,https://www.ebay.com/itm/Bumbles-Abominable-Snow-Man-Rudolph-Christmas-vehicle-window-sticker-decal-/284525335566,EBAY-US
Lexus Logo Flag 3x5 FT Racing Car Show Banner Christmas Decor Wall Garage Shop,385713683209,13.95,USD,New with tags,Banners & Flags,jumble_junction,2992,99.5,true,Free,0.0,FixedPrice,false,2023-06-27 09:13:01,2024-11-27 10:13:01,Stylable,http://stores.ebay.com/Stylable,https://i.ebayimg.com/thumbs/images/g/250AAOSwWHhly5L3/s-l140.jpg,https://i.ebayimg.com/00/s/MTYwMFgxNjAw/z/250AAOSwWHhly5L3/$_1.JPG,https://i.ebayimg.com/00/s/MTYwMFgxNjAw/z/250AAOSwWHhly5L3/$_3.JPG,https://www.ebay.com/itm/Lexus-Logo-Flag-3x5-FT-Racing-Car-Show-Banner-Christmas-Decor-Wall-Garage-Shop-/385713683209,EBAY-US
2x 200W LED Headlight Bulbs For Polaris Sportsman 550 570 600 700 800 850 XC,124677109473,12.99,USD,New other (see details),Other Lighting & Lamps,autolighting-2022,3614,97.2,true,Free,0.0,FixedPrice,false,2021-04-12 03:29:38,2024-11-12 04:29:38,autolighting-2022,http://stores.ebay.com/autolighting-2022,https://i.ebayimg.com/thumbs/images/g/INwAAOSw-~Jgc76e/s-l140.jpg,https://i.ebayimg.com/00/s/MTAwMFgxMDAw/z/INwAAOSw-~Jgc76e/$_1.JPG,https://i.ebayimg.com/00/s/MTAwMFgxMDAw/z/INwAAOSw-~Jgc76e/$_3.JPG,https://www.ebay.com/itm/2x-200W-LED-Headlight-Bulbs-Polaris-Sportsman-550-570-600-700-800-850-XC-/124677109473,EBAY-US
Mercedes Benz Star Logo Emblem Badge Lifestyle Christmas Ornament Keychain 4inch,315352831916,25.95,USD,New,"Keyrings, Key Fobs & Lanyards",escoinc,571,99.6,false,Free,0.0,FixedPrice,false,2024-05-09 02:14:39,2024-11-09 03:14:39,N/A,N/A,https://i.ebayimg.com/thumbs/images/g/L-8AAOSwT~FmANww/s-l140.jpg,https://i.ebayimg.com/00/s/ODIxWDU5Nw==/z/L-8AAOSwT~FmANww/$_1.JPG,https://i.ebayimg.com/00/s/ODIxWDU5Nw==/z/L-8AAOSwT~FmANww/$_3.JPG,https://www.ebay.com/itm/Mercedes-Benz-Star-Logo-Emblem-Badge-Lifestyle-Christmas-Ornament-Keychain-4inch-/315352831916,EBAY-US
Circuit Tester Probe Light Voltage Pen Detector 3-48V Electric Car Fuse Test,364637103080,6.93,USD,New,"Electrical Testers, Test Leads",tuningtools-77,1401,98.6,true,Free,0.0,FixedPrice,false,2023-12-20 07:29:45,2024-11-20 07:29:45,tuningtools-77,http://stores.ebay.com/tuningtools-77,https://i.ebayimg.com/thumbs/images/g/5RgAAOSwFNpmncHz/s-l140.jpg,https://i.ebayimg.com/00/s/MTAwMFgxMDAw/z/5RgAAOSwFNpmncHz/$_1.JPG,https://i.ebayimg.com/00/s/MTAwMFgxMDAw/z/5RgAAOSwFNpmncHz/$_3.JPG,https://www.ebay.com/itm/Circuit-Tester-Probe-Light-Voltage-Pen-Detector-3-48V-Electric-Car-Fuse-Test-/364637103080,EBAY-US
"Snap On Tools Chrome Gnome Elf Pixie Christmas 15""",186692189705,21.99,USD,Used,Sockets & Socket Sets,kidskottage03,3066,99.0,true,Flat,4.25,FixedPrice,false,2024-09-19 00:11:49,2024-11-19 01:11:49,kidskottage,http://stores.ebay.com/kidskottage,https://i.ebayimg.com/thumbs/images/g/5RoAAOSwTztm62u8/s-l140.jpg,https://i.ebayimg.com/00/s/MTU4M1g2NjA=/z/5RoAAOSwTztm62u8/$_1.JPG,https://i.ebayimg.com/00/s/MTU4M1g2NjA=/z/5RoAAOSwTztm62u8/$_3.JPG,https://www.ebay.com/itm/Snap-Tools-Chrome-Gnome-Elf-Pixie-Christmas-15-/186692189705,EBAY-US
Grinch Stole Christmas Head Vinyl Bumper Sticker Window Decal Multiple Sizes,204560725185,4.0,USD,New,Decals & Vinyls,mx654,1333,99.6,false,Free,0.0,FixedPrice,false,2023-11-30 05:27:27,2024-11-30 05:27:27,U-Design Decals,http://stores.ebay.com/U-Design-Decals,https://i.ebayimg.com/thumbs/images/g/E4UAAOSwet5laB0G/s-l140.jpg,https://i.ebayimg.com/00/s/NDMyWDM3MA==/z/E4UAAOSwet5laB0G/$_1.JPG,https://i.ebayimg.com/00/s/NDMyWDM3MA==/z/E4UAAOSwet5laB0G/$_3.JPG,https://www.ebay.com/itm/Grinch-Stole-Christmas-Head-Vinyl-Bumper-Sticker-Window-Decal-Multiple-Sizes-/204560725185?var=0,EBAY-US
"EARLFAMILY 5.1"" Hestia Christmas Dress Up Anime Car Decals Windshield Stickers",405320237402,3.79,USD,New,Decals & Vinyls,yiju_sticker,288,99.2,true,Flat,2.99,FixedPrice,false,2024-11-01 06:16:50,2024-12-01 07:16:50,yiju_sticker,http://stores.ebay.com/yiju-sticker,https://i.ebayimg.com/thumbs/images/g/rb0AAOSwYo9nJHJN/s-l140.jpg,https://i.ebayimg.com/00/s/MTAwMFgxMDAw/z/rb0AAOSwYo9nJHJN/$_1.JPG,https://i.ebayimg.com/00/s/MTAwMFgxMDAw/z/rb0AAOSwYo9nJHJN/$_3.JPG,https://www.ebay.com/itm/EARLFAMILY-5-1-Hestia-Christmas-Dress-Up-Anime-Car-Decals-Windshield-Stickers-/405320237402?var=0,EBAY-US
Christmas Santa Claus Costume Velvet Motorcycle Helmet Case Cover Hat Cap,256613686259,11.59,USD,New with tags,Motorcycle & Powersport Helmets,one-stop-shop-store,81498,97.8,true,Free,0.0,FixedPrice,false,2024-08-23 17:26:08,2024-11-23 18:26:08,Cosplay-Party,http://stores.ebay.com/Cosplay-Party,https://i.ebayimg.com/thumbs/images/g/BFgAAOSwuSRjYCF0/s-l140.jpg,https://i.ebayimg.com/00/s/MTQ0N1gxNTAw/z/BFgAAOSwuSRjYCF0/$_1.JPG,https://i.ebayimg.com/00/s/MTQ0N1gxNTAw/z/BFgAAOSwuSRjYCF0/$_3.JPG,https://www.ebay.com/itm/Christmas-Santa-Claus-Costume-Velvet-Motorcycle-Helmet-Case-Cover-Hat-Cap-/256613686259,EBAY-US
5M RGB LED Boat Light Deck Waterproof 12v Flexible LED Strip  Lights Kit Marine,203132476792,12.18,USD,New,Electrical & Lighting,zjr_lightshop_2086,1172,98.7,true,Free,0.0,FixedPrice,false,2020-10-08 07:50:51,2024-11-08 08:50:51,zhangjin_2086,http://stores.ebay.com/zhangjin-2086,https://i.ebayimg.com/thumbs/images/g/RpYAAOSwOKtffsTE/s-l140.jpg,https://i.ebayimg.com/00/s/MTYwMFgxNjAw/z/RpYAAOSwOKtffsTE/$_1.JPG,https://i.ebayimg.com/00/s/MTYwMFgxNjAw/z/RpYAAOSwOKtffsTE/$_3.JPG,https://www.ebay.com/itm/5M-RGB-LED-Boat-Light-Deck-Waterproof-12v-Flexible-LED-Strip-Lights-Kit-Marine-/203132476792,EBAY-US
Grinch Christmas Vinyl Car / window Decals lot of 5,126548383934,8.0,USD,New,Decals & Vinyls,bestofferblowout,9356,97.6,true,Calculated,N/A,FixedPrice,false,2024-06-26 15:37:31,2024-11-26 16:37:31,bestofferlowout,http://stores.ebay.com/bestofferlowout,https://i.ebayimg.com/thumbs/images/g/SjEAAOSwzfJmfDRA/s-l140.jpg,https://i.ebayimg.com/00/s/MTIwMFgxNjAw/z/SjEAAOSwzfJmfDRA/$_1.JPG,https://i.ebayimg.com/00/s/MTIwMFgxNjAw/z/SjEAAOSwzfJmfDRA/$_3.JPG,https://www.ebay.com/itm/Grinch-Christmas-Vinyl-Car-window-Decals-lot-5-/126548383934,EBAY-US
Nightmare Before Christmas Oogie Boogie Car Decal,395830499408,5.0,USD,New,Decals & Vinyls,baby_got_stickers,109,98.4,false,Free,0.0,FixedPrice,false,2024-10-26 02:57:07,2024-11-26 03:57:07,Baby_got_Stickers,http://stores.ebay.com/Baby-got-Stickers,https://i.ebayimg.com/thumbs/images/g/qIMAAOSw57FnHFoJ/s-l140.jpg,https://i.ebayimg.com/00/s/MTA2NVgxMDgw/z/qIMAAOSw57FnHFoJ/$_1.JPG,https://i.ebayimg.com/00/s/MTA2NVgxMDgw/z/qIMAAOSw57FnHFoJ/$_3.JPG,https://www.ebay.com/itm/Nightmare-Before-Christmas-Oogie-Boogie-Car-Decal-/395830499408,EBAY-US
"ZERO Nightmare Before Christmas Decal, ZERO Car Window Vinyl Decal Sticker X 2",254716230499,6.0,USD,New,Decals & Vinyls,howmuchwillugiveme4it,4137,99.2,false,FlatDomesticCalculatedInternational,3.0,FixedPrice,false,2020-09-11 22:30:34,2024-11-11 23:30:34,Forklift parts 101,http://stores.ebay.com/Forklift-parts-101,https://i.ebayimg.com/thumbs/images/g/t3EAAOSw2SVfW~oW/s-l140.jpg,https://i.ebayimg.com/00/s/MTE5NFgxNjAw/z/t3EAAOSw2SVfW~oW/$_1.JPG,https://i.ebayimg.com/00/s/MTE5NFgxNjAw/z/t3EAAOSw2SVfW~oW/$_3.JPG,https://www.ebay.com/itm/ZERO-Nightmare-Before-Christmas-Decal-ZERO-Car-Window-Vinyl-Decal-Sticker-X-2-/254716230499,EBAY-US
8 Sizes The Grinch Face Christmas Car Window Decal Sticker Macbook Laptop iPad,266277881489,3.2,USD,New,Decals & Vinyls,ic_unique,2838,100.0,true,Flat,3.94,FixedPrice,false,2023-05-30 17:42:51,2024-11-30 18:42:51,ic_unique 4u,http://stores.ebay.com/ic-unique-4u,https://i.ebayimg.com/thumbs/images/g/neMAAOSw96FfnyEY/s-l140.jpg,https://i.ebayimg.com/00/s/NTE0WDU4NA==/z/neMAAOSw96FfnyEY/$_1.JPG,https://i.ebayimg.com/00/s/NTE0WDU4NA==/z/neMAAOSw96FfnyEY/$_3.JPG,https://www.ebay.com/itm/8-Sizes-Grinch-Face-Christmas-Car-Window-Decal-Sticker-Macbook-Laptop-iPad-/266277881489?var=0,EBAY-US
Nilight 146PCS Automotive Christmas Tree Clips Assortment Retainer Fastener Clip,115850080694,11.43,USD,New,Other Automotive Hand Tools,1stlightbar,1056,98.3,true,Free,0.0,FixedPrice,false,2023-07-03 07:07:32,2024-12-03 08:07:32,1stlightbar,http://stores.ebay.com/1stlightbar,https://i.ebayimg.com/thumbs/images/g/BJQAAOSwoZ5konCY/s-l140.jpg,https://i.ebayimg.com/00/s/MTUwMFgxNTAw/z/BJQAAOSwoZ5konCY/$_1.JPG,https://i.ebayimg.com/00/s/MTUwMFgxNTAw/z/BJQAAOSwoZ5konCY/$_3.JPG,https://www.ebay.com/itm/Nilight-146PCS-Automotive-Christmas-Tree-Clips-Assortment-Retainer-Fastener-Clip-/115850080694,EBAY-US
